neighborhood,year,month,incident_type,response_min
Washington Heights,2024,2,Medical,10.27
Chatham,2021,3,Fire,10.82
West Town,2019,6,Police,5.53
Edison Park,2021,10,Medical,11.51
Near South Side,2021,6,Police,8.5
Washington Heights,2019,12,Police,6.14
Near West Side,2023,12,Medical,10.39
Grand Boulevard,2019,12,Medical,6.05
Portage Park,2020,7,Medical,9.14
Portage Park,2021,12,Medical,7.04
Kenwood,2020,11,Police,11.62
Greater Grand Crossing,2019,4,Fire,11.0
Mount Greenwood,2019,8,Medical,3.7
Kenwood,2024,8,Medical,8.56
Uptown,2023,11,Medical,9.75
Douglas,2021,7,Police,8.12
West Ridge,2022,3,Police,13.19
Kenwood,2019,3,Medical,8.3
Roseland,2024,2,Police,8.91
Beverly,2022,11,Medical,7.08
West Ridge,2021,7,Police,6.73
Near South Side,2020,6,Police,10.99
Riverdale,2021,12,Police,15.62
Irving Park,2023,7,Police,8.81
Douglas,2022,2,Police,6.98
Washington Park,2024,4,Medical,10.8
Woodlawn,2022,1,Fire,13.56
South Shore,2020,2,Police,14.25
Austin,2024,7,Medical,11.48
West Town,2020,5,Medical,12.36
Uptown,2019,10,Police,7.96
Auburn Gresham,2021,3,Medical,7.17
Near North Side,2023,2,Medical,10.7
Near South Side,2019,3,Medical,7.92
Jefferson Park,2021,4,Medical,7.12
Washington Heights,2020,10,Police,8.98
North Lawndale,2023,10,Medical,13.62
Lincoln Square,2020,5,Police,11.19
Washington Park,2024,8,Police,6.46
Humboldt Park,2020,9,Police,12.03
Jefferson Park,2022,2,Police,11.1
Hyde Park,2021,12,Medical,6.38
West Ridge,2019,3,Medical,9.53
Loop,2022,4,Police,7.96
South Shore,2024,7,Medical,6.78
Near North Side,2021,6,Police,9.94
Edison Park,2024,6,Police,4.52
West Englewood,2021,10,Police,13.41
Humboldt Park,2021,7,Police,12.94
West Garfield Park,2023,1,Medical,7.34
Greater Grand Crossing,2022,8,Medical,8.89
Mount Greenwood,2019,9,Medical,9.77
Lincoln Square,2022,2,Police,6.41
West Ridge,2024,1,Medical,7.74
Lincoln Park,2020,4,Police,6.52
Lincoln Square,2024,11,Medical,9.3
Chatham,2021,2,Police,10.87
North Lawndale,2020,6,Medical,12.42
Hyde Park,2022,3,Medical,9.94
Englewood,2019,9,Police,12.88
Albany Park,2020,8,Fire,8.57
Greater Grand Crossing,2020,7,Medical,9.23
Humboldt Park,2023,11,Police,14.28
Pullman,2022,7,Medical,10.23
West Town,2020,7,Fire,8.04
Edison Park,2022,5,Police,4.28
Humboldt Park,2019,8,Police,15.3
Grand Boulevard,2020,4,Medical,8.64
Mount Greenwood,2019,5,Police,9.35
Near South Side,2024,3,Medical,6.98
Austin,2020,3,Fire,9.01
North Lawndale,2021,2,Medical,8.82
Kenwood,2023,5,Medical,10.24
Hyde Park,2023,12,Medical,6.46
Washington Park,2023,2,Police,11.94
Morgan Park,2019,10,Medical,6.32
Chatham,2022,4,Police,10.34
West Town,2023,10,Medical,8.56
Rogers Park,2024,12,Fire,8.64
Washington Park,2020,1,Medical,8.87
Near North Side,2020,2,Police,3.35
Jefferson Park,2021,11,Police,10.54
Kenwood,2019,1,Police,8.92
Rogers Park,2020,2,Police,8.11
Edison Park,2020,4,Medical,13.21
Kenwood,2021,1,Medical,5.18
Portage Park,2021,6,Medical,7.14
West Garfield Park,2022,1,Medical,11.21
Edison Park,2022,3,Police,8.65
West Englewood,2022,2,Medical,10.23
West Englewood,2020,2,Medical,10.79
Riverdale,2021,4,Fire,11.24
Lake View,2024,9,Medical,5.69
Washington Heights,2019,3,Police,13.17
Morgan Park,2022,12,Police,8.92
South Shore,2024,6,Medical,9.16
Near North Side,2023,12,Police,8.49
Jefferson Park,2020,11,Medical,4.35
Edison Park,2019,10,Medical,3.93
Irving Park,2020,3,Police,12.34
Englewood,2024,10,Medical,11.29
Riverdale,2022,5,Medical,10.23
Grand Boulevard,2024,9,Police,8.94
Kenwood,2024,3,Medical,10.19
Auburn Gresham,2020,8,Medical,11.2
West Englewood,2022,6,Police,10.64
Mount Greenwood,2020,12,Police,12.95
Douglas,2022,8,Police,10.9
Woodlawn,2021,2,Fire,11.73
West Englewood,2021,9,Medical,12.86
Rogers Park,2021,1,Medical,14.45
West Englewood,2021,3,Police,14.09
Auburn Gresham,2021,4,Police,5.03
Humboldt Park,2023,6,Medical,5.92
Uptown,2020,11,Police,8.05
Rogers Park,2024,4,Medical,8.07
Lake View,2021,11,Medical,5.76
Hyde Park,2023,2,Fire,7.34
Humboldt Park,2023,3,Police,10.5
Washington Heights,2020,3,Medical,6.68
Woodlawn,2020,6,Police,16.96
Jefferson Park,2022,5,Medical,7.27
West Town,2022,5,Medical,4.47
West Town,2021,11,Medical,8.96
Hyde Park,2019,4,Medical,4.97
Logan Square,2022,4,Medical,7.06
West Pullman,2019,9,Fire,9.67
Washington Heights,2024,7,Medical,8.75
West Pullman,2022,12,Medical,6.51
Lincoln Square,2024,8,Medical,3.86
Roseland,2023,4,Medical,12.11
Auburn Gresham,2023,11,Police,10.93
Grand Boulevard,2024,3,Police,12.36
Washington Heights,2023,1,Police,11.85
West Town,2024,9,Medical,6.17
Chatham,2019,9,Police,12.05
Greater Grand Crossing,2021,2,Police,11.53
Logan Square,2024,4,Medical,8.09
West Pullman,2022,4,Fire,7.8
Near North Side,2022,12,Police,5.94
Douglas,2019,1,Medical,10.02
South Shore,2024,12,Medical,8.61
West Ridge,2023,2,Medical,8.48
Lincoln Park,2021,8,Medical,7.29
South Shore,2022,6,Medical,9.44
South Shore,2021,1,Police,10.98
Loop,2021,7,Fire,3.64
Roseland,2020,11,Medical,9.78
Portage Park,2021,7,Medical,8.82
South Shore,2024,6,Police,12.48
Washington Park,2020,11,Police,9.22
Washington Heights,2019,8,Fire,8.85
Riverdale,2023,11,Police,11.46
Rogers Park,2020,12,Medical,6.89
Woodlawn,2021,5,Police,8.85
Logan Square,2023,2,Medical,9.54
Morgan Park,2021,4,Police,9.33
Uptown,2021,11,Police,11.03
Washington Heights,2020,8,Police,12.24
Lincoln Park,2019,8,Medical,3.48
Edison Park,2021,12,Police,9.11
Woodlawn,2024,5,Medical,10.68
Jefferson Park,2020,6,Fire,6.45
Auburn Gresham,2024,9,Police,10.42
Riverdale,2024,10,Police,14.59
Kenwood,2021,10,Fire,12.78
West Town,2024,10,Medical,10.42
West Pullman,2023,11,Police,9.8
West Pullman,2019,11,Police,7.83
Kenwood,2021,2,Medical,7.92
Morgan Park,2024,5,Police,8.19
Irving Park,2019,9,Police,7.36
Washington Heights,2019,3,Fire,8.83
West Ridge,2023,6,Medical,10.53
Uptown,2023,4,Police,6.73
Auburn Gresham,2022,4,Medical,8.2
West Garfield Park,2019,3,Police,13.73
West Ridge,2021,10,Medical,8.5
West Ridge,2023,1,Police,8.97
South Shore,2021,12,Police,10.14
Grand Boulevard,2019,11,Police,7.74
Auburn Gresham,2023,8,Medical,7.57
West Pullman,2022,5,Police,8.31
Riverdale,2019,2,Fire,13.03
Rogers Park,2021,1,Medical,8.36
Near West Side,2022,1,Police,6.31
West Ridge,2019,4,Medical,11.16
Hyde Park,2023,4,Fire,6.31
West Pullman,2024,6,Medical,3.35
Lincoln Park,2019,11,Police,6.68
West Pullman,2020,7,Medical,5.48
Lincoln Square,2021,1,Police,13.98
Portage Park,2023,10,Fire,9.23
West Garfield Park,2023,2,Fire,8.13
Beverly,2020,3,Medical,7.65
Kenwood,2024,9,Medical,11.19
Lake View,2022,4,Police,4.41
Englewood,2023,6,Medical,10.94
Lincoln Park,2022,2,Medical,4.06
Douglas,2022,11,Police,8.45
Portage Park,2022,2,Medical,10.91
Austin,2024,2,Medical,10.1
Riverdale,2019,11,Police,9.13
Jefferson Park,2020,5,Medical,13.24
Lincoln Park,2021,9,Fire,3.63
Austin,2020,6,Medical,6.87
Chatham,2023,9,Police,8.73
Uptown,2020,6,Medical,4.63
Loop,2021,9,Police,8.91
Greater Grand Crossing,2019,5,Fire,8.72
Near West Side,2023,11,Police,9.52
Hyde Park,2019,12,Medical,7.01
Uptown,2023,1,Medical,6.68
Near West Side,2021,6,Police,9.69
Loop,2019,4,Police,5.73
West Pullman,2021,9,Police,9.27
Near North Side,2021,6,Medical,5.6
Morgan Park,2024,1,Fire,9.5
Riverdale,2020,6,Medical,11.38
Mount Greenwood,2023,3,Police,10.54
Washington Heights,2022,3,Medical,11.81
North Lawndale,2022,7,Police,11.18
Mount Greenwood,2019,2,Police,5.71
Rogers Park,2021,9,Police,11.66
Portage Park,2020,9,Medical,9.26
South Shore,2023,7,Medical,10.23
Washington Park,2019,9,Medical,6.81
Grand Boulevard,2021,11,Medical,11.42
Pullman,2024,6,Police,11.84
Roseland,2022,9,Fire,6.73
West Englewood,2022,10,Medical,11.39
Near North Side,2023,2,Medical,5.39
Austin,2023,5,Fire,9.4
Hyde Park,2023,11,Police,3.39
West Ridge,2019,6,Medical,13.54
Rogers Park,2023,12,Medical,6.21
Irving Park,2019,6,Fire,11.31
Lake View,2020,11,Medical,6.27
Auburn Gresham,2021,4,Police,8.21
West Pullman,2022,4,Medical,8.25
Jefferson Park,2019,5,Medical,8.48
Morgan Park,2021,6,Police,6.81
West Englewood,2024,12,Medical,15.59
Near West Side,2023,8,Medical,7.51
Austin,2022,12,Police,9.96
Uptown,2024,10,Fire,7.13
Loop,2019,1,Medical,3.3
Kenwood,2023,8,Medical,8.57
Riverdale,2021,2,Medical,9.7
Kenwood,2020,11,Police,6.93
Portage Park,2021,7,Fire,9.29
Edison Park,2019,4,Medical,5.47
Greater Grand Crossing,2020,8,Police,18.22
Beverly,2020,6,Medical,9.13
Mount Greenwood,2023,5,Police,4.85
Loop,2021,10,Medical,2.04
West Englewood,2019,10,Medical,9.07
Washington Park,2024,5,Police,9.44
West Englewood,2024,4,Police,15.47
Washington Park,2020,3,Medical,9.26
Chatham,2023,3,Police,11.64
North Lawndale,2024,3,Police,15.04
North Lawndale,2020,7,Police,15.66
West Ridge,2021,8,Police,12.81
West Englewood,2024,8,Police,9.0
Austin,2022,2,Police,10.1
Morgan Park,2019,3,Medical,9.08
Greater Grand Crossing,2022,2,Fire,8.94
Riverdale,2021,6,Police,14.82
Lincoln Square,2022,11,Medical,9.87
Riverdale,2021,3,Fire,13.18
Humboldt Park,2021,6,Police,9.42
Near South Side,2023,4,Medical,8.76
Loop,2022,12,Medical,3.81
Edison Park,2020,10,Medical,3.53
Near North Side,2021,10,Fire,5.36
Uptown,2022,6,Police,9.75
West Garfield Park,2020,3,Medical,8.98
Riverdale,2019,5,Medical,7.02
Irving Park,2020,8,Medical,7.26
Douglas,2022,3,Police,10.79
Douglas,2022,9,Fire,13.64
Roseland,2020,9,Police,8.37
Beverly,2020,7,Police,9.3
Beverly,2024,8,Medical,8.6
Edison Park,2021,9,Police,7.1
Woodlawn,2022,1,Police,7.37
Woodlawn,2021,7,Police,7.35
Englewood,2021,10,Medical,7.55
Near South Side,2019,3,Medical,6.94
Roseland,2022,6,Police,13.84
Riverdale,2021,9,Police,10.75
South Shore,2019,12,Medical,9.74
Riverdale,2024,10,Medical,8.8
Lake View,2021,11,Police,7.4
Near West Side,2021,8,Police,11.72
Lincoln Square,2024,2,Medical,7.53
West Englewood,2022,4,Fire,10.74
West Garfield Park,2020,11,Police,10.23
South Shore,2024,5,Police,11.4
Roseland,2020,10,Medical,10.32
Chatham,2022,6,Medical,6.84
Lincoln Park,2020,7,Medical,6.93
West Englewood,2023,11,Police,12.16
Morgan Park,2020,4,Police,8.97
Auburn Gresham,2024,4,Police,15.04
Kenwood,2021,5,Medical,8.02
Chatham,2021,9,Medical,10.25
Pullman,2019,9,Police,9.36
West Englewood,2024,1,Medical,5.34
Riverdale,2022,5,Police,13.17
Near South Side,2019,5,Police,9.14
West Pullman,2021,7,Medical,10.71
Grand Boulevard,2021,8,Police,9.88
Riverdale,2019,3,Police,12.96
Uptown,2024,1,Medical,9.62
North Lawndale,2023,2,Medical,8.37
Washington Park,2020,6,Police,8.94
Pullman,2023,11,Medical,7.87
Uptown,2023,6,Medical,11.91
Mount Greenwood,2023,11,Police,7.92
Kenwood,2024,5,Medical,6.82
West Pullman,2023,11,Police,11.61
Douglas,2020,5,Medical,6.58
Grand Boulevard,2022,9,Medical,11.18
West Ridge,2019,11,Medical,8.53
Woodlawn,2023,7,Police,13.51
West Ridge,2023,6,Medical,9.42
Hyde Park,2019,11,Police,5.76
West Garfield Park,2019,7,Medical,11.9
Mount Greenwood,2022,3,Police,5.4
Riverdale,2021,7,Medical,11.1
Jefferson Park,2022,3,Fire,10.18
Washington Heights,2021,8,Police,6.14
Chatham,2024,10,Police,12.2
Hyde Park,2020,10,Fire,6.95
West Englewood,2022,9,Police,9.57
Washington Park,2020,3,Fire,12.61
Kenwood,2019,7,Medical,7.94
Logan Square,2022,8,Police,11.39
Near North Side,2024,3,Police,2.71
Greater Grand Crossing,2019,6,Police,10.77
Loop,2024,7,Medical,9.49
Rogers Park,2024,4,Police,6.5
Edison Park,2023,6,Police,5.37
Austin,2019,7,Medical,9.04
Humboldt Park,2024,12,Medical,6.59
Irving Park,2023,7,Medical,5.8
Grand Boulevard,2021,11,Medical,12.85
West Town,2023,1,Police,12.97
South Shore,2021,2,Medical,13.52
Englewood,2023,11,Medical,9.23
West Ridge,2023,11,Medical,11.69
West Pullman,2020,1,Medical,8.17
Grand Boulevard,2020,9,Police,10.9
Douglas,2019,12,Medical,10.35
Washington Park,2024,7,Medical,10.75
Douglas,2020,11,Police,10.28
Douglas,2021,7,Police,14.65
Lincoln Park,2020,3,Police,4.76
West Town,2019,5,Medical,7.87
Auburn Gresham,2022,2,Medical,9.95
Riverdale,2021,5,Police,12.55
Edison Park,2022,8,Police,4.39
Lake View,2021,10,Medical,4.63
Washington Heights,2024,3,Medical,8.48
Lincoln Square,2024,4,Police,7.43
Lincoln Park,2024,8,Police,8.0
West Pullman,2019,2,Police,10.04
Roseland,2020,1,Police,16.76
West Englewood,2022,3,Fire,13.71
Mount Greenwood,2022,2,Police,10.64
Austin,2020,10,Police,10.94
Logan Square,2019,2,Medical,11.21
Roseland,2020,4,Medical,9.3
Near West Side,2023,6,Police,8.27
West Garfield Park,2023,10,Police,10.83
Near West Side,2024,10,Fire,9.53
South Shore,2023,5,Medical,6.45
Hyde Park,2022,4,Fire,3.79
Auburn Gresham,2024,8,Police,7.2
Hyde Park,2022,11,Medical,2.13
Grand Boulevard,2019,5,Police,10.39
Jefferson Park,2021,2,Fire,6.83
Irving Park,2020,4,Fire,5.61
Rogers Park,2021,7,Medical,6.97
Rogers Park,2022,4,Police,9.0
Englewood,2020,6,Medical,10.8
West Pullman,2022,2,Police,12.19
Washington Park,2019,9,Medical,12.27
Mount Greenwood,2024,4,Police,11.41
Rogers Park,2020,1,Police,11.56
Austin,2022,3,Medical,10.86
Washington Heights,2023,7,Medical,6.44
Lake View,2023,10,Police,3.36
Douglas,2022,9,Fire,13.16
Chatham,2021,6,Police,12.31
Uptown,2024,4,Medical,9.73
Irving Park,2019,2,Police,8.37
Hyde Park,2019,9,Medical,5.72
Austin,2022,12,Police,11.23
Auburn Gresham,2019,8,Police,5.82
Douglas,2020,7,Fire,7.39
Chatham,2019,2,Police,9.45
Humboldt Park,2023,2,Police,9.18
South Shore,2022,8,Police,7.37
Lake View,2020,9,Fire,4.03
Roseland,2019,9,Fire,11.53
Lake View,2023,8,Medical,5.85
Irving Park,2024,1,Medical,10.28
Austin,2021,5,Fire,7.21
Hyde Park,2019,7,Medical,6.5
Hyde Park,2023,10,Medical,6.5
Near South Side,2024,6,Medical,8.3
Washington Heights,2024,11,Medical,8.82
Greater Grand Crossing,2023,12,Fire,9.05
Riverdale,2023,1,Police,9.26
Roseland,2023,10,Police,12.59
Auburn Gresham,2021,6,Fire,12.46
Grand Boulevard,2022,4,Fire,10.67
Albany Park,2023,3,Fire,17.5
Lake View,2022,4,Medical,7.54
Greater Grand Crossing,2024,8,Police,7.68
Englewood,2021,11,Police,8.21
Pullman,2024,6,Medical,7.15
Albany Park,2021,9,Police,11.29
Near West Side,2024,5,Police,10.34
West Pullman,2020,11,Fire,7.97
Rogers Park,2020,9,Medical,11.05
Lake View,2023,4,Medical,8.29
Lincoln Square,2022,12,Medical,11.69
Austin,2024,4,Medical,8.26
Kenwood,2021,6,Medical,6.16
Austin,2019,10,Fire,7.28
West Ridge,2020,11,Medical,6.05
South Shore,2020,7,Police,10.69
West Pullman,2024,2,Medical,9.07
Woodlawn,2019,4,Medical,8.41
Loop,2022,8,Medical,4.76
Kenwood,2022,9,Fire,10.68
Irving Park,2022,5,Medical,10.67
West Englewood,2023,6,Medical,8.22
Riverdale,2023,10,Medical,9.83
Riverdale,2024,12,Medical,10.38
Auburn Gresham,2019,7,Police,9.86
Irving Park,2024,7,Police,10.04
Uptown,2021,3,Police,12.1
Rogers Park,2019,2,Police,9.93
Riverdale,2021,10,Police,12.07
Mount Greenwood,2019,8,Medical,6.96
Albany Park,2023,9,Fire,9.9
Chatham,2022,11,Medical,7.62
Logan Square,2020,8,Medical,9.69
Irving Park,2019,8,Police,11.84
Pullman,2019,2,Police,10.69
West Ridge,2020,11,Medical,7.87
West Englewood,2019,4,Police,9.68
Grand Boulevard,2022,6,Police,12.83
West Garfield Park,2024,8,Medical,7.53
Hyde Park,2020,2,Police,7.97
Edison Park,2020,12,Police,8.18
Chatham,2022,8,Medical,8.16
Hyde Park,2022,1,Medical,4.55
Albany Park,2020,11,Police,10.75
Hyde Park,2022,6,Medical,7.3
Englewood,2024,8,Police,11.13
Morgan Park,2022,8,Police,12.87
Near North Side,2024,12,Fire,5.38
Lincoln Square,2022,11,Medical,6.95
Portage Park,2020,7,Medical,3.2
Chatham,2019,7,Police,9.86
Greater Grand Crossing,2021,11,Fire,11.99
Washington Park,2020,10,Medical,6.45
Near South Side,2021,11,Police,11.86
Greater Grand Crossing,2022,12,Police,8.07
Albany Park,2022,9,Medical,7.45
Auburn Gresham,2019,2,Police,13.26
Jefferson Park,2022,1,Police,7.13
Kenwood,2021,12,Police,10.49
West Englewood,2020,2,Medical,8.11
West Englewood,2020,3,Medical,11.79
Greater Grand Crossing,2024,9,Fire,9.13
North Lawndale,2019,10,Medical,8.86
Washington Heights,2021,7,Police,10.15
West Pullman,2022,5,Medical,13.3
Kenwood,2023,5,Medical,9.8
Grand Boulevard,2019,6,Fire,8.45
West Pullman,2019,2,Medical,9.02
Auburn Gresham,2023,1,Medical,6.86
Irving Park,2020,11,Medical,12.7
Logan Square,2024,1,Medical,7.72
Grand Boulevard,2020,3,Medical,13.74
Washington Park,2020,1,Police,11.31
West Englewood,2023,9,Police,14.85
Morgan Park,2022,10,Fire,13.87
Roseland,2022,5,Medical,7.74
West Garfield Park,2024,9,Fire,9.81
Loop,2024,5,Police,5.39
Washington Park,2021,1,Police,14.2
Douglas,2021,11,Medical,13.27
Logan Square,2020,12,Police,17.7
Near West Side,2023,7,Police,13.44
Greater Grand Crossing,2024,7,Medical,7.48
Irving Park,2019,4,Fire,9.44
Morgan Park,2022,3,Police,8.03
Near West Side,2023,1,Medical,7.57
Irving Park,2024,7,Medical,10.87
Jefferson Park,2021,5,Police,11.48
Near North Side,2024,10,Police,2.79
South Shore,2022,1,Police,11.32
Humboldt Park,2024,1,Medical,9.05
Pullman,2022,3,Police,7.17
Near West Side,2023,3,Police,7.38
Austin,2024,2,Police,6.79
Lake View,2024,8,Police,3.0
West Englewood,2021,12,Medical,8.32
Irving Park,2023,8,Police,11.42
Washington Park,2019,6,Fire,11.14
Near South Side,2022,5,Medical,10.91
Greater Grand Crossing,2023,6,Police,10.79
Grand Boulevard,2023,1,Police,8.95
Austin,2019,2,Fire,9.6
Washington Heights,2023,7,Police,11.04
Washington Heights,2022,1,Fire,4.95
Humboldt Park,2020,8,Medical,16.8
Pullman,2020,3,Medical,5.79
Lake View,2021,4,Police,7.47
West Englewood,2019,7,Medical,8.96
Grand Boulevard,2021,10,Fire,6.93
Chatham,2020,7,Medical,11.55
Portage Park,2019,2,Medical,8.13
North Lawndale,2023,5,Medical,7.4
Irving Park,2023,8,Police,7.8
Jefferson Park,2022,9,Medical,9.52
Albany Park,2024,5,Fire,6.4
West Garfield Park,2020,2,Fire,10.97
Beverly,2023,4,Fire,5.26
Near North Side,2019,11,Police,4.96
Logan Square,2024,5,Police,7.62
Mount Greenwood,2024,6,Medical,6.35
Jefferson Park,2023,12,Police,12.62
Woodlawn,2021,6,Fire,10.67
West Ridge,2021,12,Police,8.2
Lake View,2021,1,Police,6.62
Chatham,2024,6,Medical,10.31
Auburn Gresham,2021,11,Police,9.78
Beverly,2021,10,Police,11.34
Near West Side,2024,1,Medical,6.56
Edison Park,2022,5,Medical,7.54
Rogers Park,2021,11,Medical,14.4
Douglas,2022,7,Medical,6.28
West Garfield Park,2022,8,Police,10.41
Near North Side,2023,11,Medical,5.3
Washington Park,2024,11,Police,9.18
Lincoln Square,2019,5,Fire,10.91
Greater Grand Crossing,2021,2,Fire,10.86
Lincoln Park,2019,3,Police,3.53
Pullman,2020,12,Medical,9.77
Near West Side,2022,7,Medical,5.73
Washington Heights,2020,10,Medical,12.38
Woodlawn,2022,4,Medical,12.36
Albany Park,2021,1,Police,8.94
Hyde Park,2020,3,Medical,3.27
Near West Side,2024,10,Police,9.8
Washington Heights,2023,2,Police,9.15
Uptown,2020,9,Medical,7.44
Logan Square,2022,1,Medical,9.63
South Shore,2024,9,Fire,12.5
Loop,2022,10,Police,4.32
South Shore,2019,5,Police,8.8
Edison Park,2020,12,Medical,8.07
Morgan Park,2023,6,Medical,6.18
Washington Heights,2021,6,Medical,6.68
Rogers Park,2019,12,Medical,11.39
Uptown,2020,6,Fire,9.97
Logan Square,2019,9,Police,9.1
South Shore,2020,9,Medical,11.18
Washington Park,2021,11,Medical,8.23
Riverdale,2021,10,Police,11.72
Beverly,2023,7,Police,11.75
Lincoln Park,2019,3,Fire,6.21
West Pullman,2023,7,Police,10.72
Near South Side,2020,5,Medical,7.45
Austin,2021,9,Police,7.87
Near South Side,2021,8,Police,7.16
Portage Park,2022,10,Police,11.58
Auburn Gresham,2022,12,Medical,10.5
Greater Grand Crossing,2023,6,Fire,10.54
West Englewood,2019,5,Medical,14.34
Near West Side,2020,10,Police,8.35
Loop,2023,2,Medical,4.73
North Lawndale,2021,11,Police,15.58
Morgan Park,2021,12,Medical,7.01
Humboldt Park,2021,3,Police,12.56
West Town,2020,11,Police,13.27
Pullman,2023,11,Medical,4.94
Rogers Park,2020,3,Police,12.33
Uptown,2024,4,Medical,8.73
Austin,2021,3,Medical,8.38
Grand Boulevard,2022,7,Fire,4.69
Portage Park,2023,6,Fire,8.06
Irving Park,2022,8,Medical,7.57
Albany Park,2023,2,Medical,7.1
West Pullman,2021,2,Medical,7.12
Austin,2022,1,Police,9.16
Edison Park,2022,5,Medical,3.5
Beverly,2023,7,Medical,7.72
Irving Park,2024,9,Police,11.42
Kenwood,2024,5,Police,7.66
South Shore,2022,11,Medical,11.55
Edison Park,2022,11,Medical,9.33
South Shore,2021,1,Medical,10.19
Greater Grand Crossing,2023,3,Police,10.71
Hyde Park,2023,8,Medical,6.28
Edison Park,2019,3,Medical,4.25
South Shore,2023,7,Medical,10.91
South Shore,2021,10,Fire,13.06
Auburn Gresham,2022,3,Medical,7.8
Morgan Park,2019,2,Police,20.42
Greater Grand Crossing,2022,12,Fire,7.56
Woodlawn,2023,10,Police,7.24
West Garfield Park,2020,6,Police,9.18
Jefferson Park,2022,2,Fire,8.43
Riverdale,2024,10,Medical,10.9
Loop,2023,5,Police,6.68
Logan Square,2024,5,Police,11.94
South Shore,2021,5,Fire,11.55
Chatham,2024,6,Medical,12.91
Logan Square,2023,3,Police,8.31
West Englewood,2019,10,Medical,8.24
Lincoln Park,2024,5,Medical,2.8
North Lawndale,2020,8,Police,12.64
Lake View,2020,4,Police,5.01
Washington Park,2020,5,Police,8.94
West Ridge,2024,1,Police,8.22
Albany Park,2021,1,Medical,10.55
Roseland,2020,8,Fire,7.01
Lake View,2022,2,Medical,9.7
Riverdale,2021,10,Police,12.97
Rogers Park,2023,10,Fire,15.25
North Lawndale,2019,7,Police,11.3
West Pullman,2021,7,Medical,9.47
Portage Park,2019,11,Police,7.57
Near South Side,2021,9,Police,11.27
Hyde Park,2023,1,Police,10.27
Washington Park,2019,2,Medical,6.7
Douglas,2021,1,Police,9.72
Woodlawn,2019,1,Police,13.02
Logan Square,2020,11,Medical,9.04
Riverdale,2020,4,Police,13.94
Englewood,2024,8,Medical,10.03
Morgan Park,2020,10,Police,17.14
West Englewood,2022,8,Police,6.69
Rogers Park,2020,12,Police,10.65
Near South Side,2020,12,Medical,5.42
Lincoln Park,2023,11,Medical,4.52
South Shore,2019,9,Medical,8.04
West Garfield Park,2019,2,Police,9.98
Lake View,2020,7,Medical,4.05
Pullman,2019,12,Fire,8.3
Lake View,2021,4,Police,8.21
Beverly,2024,3,Fire,6.03
Uptown,2020,12,Police,13.89
Grand Boulevard,2024,4,Fire,9.66
Auburn Gresham,2020,4,Fire,12.28
Auburn Gresham,2022,3,Police,13.02
Albany Park,2024,9,Police,9.01
Albany Park,2021,8,Medical,6.6
Near West Side,2020,12,Medical,10.5
West Garfield Park,2020,10,Police,10.96
Near South Side,2019,12,Medical,7.4
Humboldt Park,2020,12,Medical,14.65
Jefferson Park,2024,2,Fire,11.06
Rogers Park,2024,3,Police,5.81
Logan Square,2020,10,Medical,9.89
Lincoln Square,2020,7,Medical,10.32
Rogers Park,2020,5,Police,8.05
Mount Greenwood,2022,1,Fire,10.98
West Pullman,2021,1,Medical,5.29
Englewood,2024,12,Police,14.37
South Shore,2022,8,Fire,8.18
Pullman,2019,6,Police,6.38
Edison Park,2023,4,Medical,9.64
Washington Heights,2020,3,Police,10.39
Hyde Park,2024,9,Medical,5.34
Englewood,2019,9,Police,10.78
Uptown,2024,12,Medical,7.87
Irving Park,2023,4,Fire,7.21
Rogers Park,2020,11,Fire,10.89
Lake View,2024,8,Medical,6.32
Roseland,2020,4,Medical,12.91
Roseland,2023,8,Medical,8.92
West Garfield Park,2022,7,Police,12.65
Grand Boulevard,2023,12,Police,13.47
West Town,2023,6,Medical,12.01
Auburn Gresham,2024,7,Fire,11.1
Near South Side,2021,6,Medical,7.39
Humboldt Park,2020,11,Medical,8.52
West Ridge,2024,12,Police,12.33
Portage Park,2020,6,Medical,8.52
Washington Heights,2022,7,Medical,6.11
Beverly,2022,4,Police,8.13
Englewood,2021,12,Medical,7.38
Beverly,2021,5,Fire,4.71
Englewood,2021,9,Police,7.47
North Lawndale,2022,2,Fire,10.08
Roseland,2023,9,Police,11.52
West Town,2024,5,Medical,9.7
Woodlawn,2020,10,Medical,10.27
Englewood,2020,1,Police,11.79
Beverly,2024,11,Medical,6.08
Riverdale,2019,7,Fire,11.78
Kenwood,2022,5,Fire,12.94
West Town,2022,3,Police,7.41
Roseland,2021,3,Medical,7.42
West Garfield Park,2024,1,Police,11.64
Lake View,2019,7,Police,7.84
Chatham,2019,2,Medical,10.35
Lincoln Square,2022,8,Medical,7.76
Albany Park,2021,4,Medical,9.46
West Garfield Park,2020,4,Medical,6.76
Albany Park,2021,11,Police,8.98
West Garfield Park,2020,5,Police,14.39
Loop,2022,9,Medical,4.9
Kenwood,2021,7,Police,8.94
Lake View,2019,3,Police,9.04
Englewood,2024,4,Police,12.12
Lincoln Park,2023,9,Medical,3.92
West Ridge,2019,1,Medical,7.02
Logan Square,2024,8,Police,7.45
Portage Park,2020,8,Police,11.35
Grand Boulevard,2022,7,Police,7.21
Austin,2021,6,Medical,9.37
Pullman,2022,7,Fire,13.28
Portage Park,2022,10,Medical,8.14
Austin,2020,4,Police,11.85
Edison Park,2022,4,Police,4.49
Lincoln Square,2021,5,Police,10.23
Mount Greenwood,2019,4,Police,8.53
Lincoln Square,2022,4,Fire,7.09
Washington Park,2021,9,Police,11.55
Uptown,2021,6,Medical,8.67
West Pullman,2020,3,Medical,6.52
Uptown,2022,3,Medical,6.51
Woodlawn,2020,10,Medical,11.69
Chatham,2019,8,Police,11.13
West Pullman,2019,3,Medical,7.67
Near West Side,2024,4,Police,11.0
Near South Side,2021,6,Police,9.16
Lake View,2022,9,Police,6.37
North Lawndale,2024,6,Medical,11.07
South Shore,2021,3,Fire,9.28
Douglas,2022,12,Police,8.17
Near South Side,2020,6,Medical,8.09
Lincoln Park,2019,4,Police,2.82
Rogers Park,2024,5,Police,9.13
Lake View,2024,5,Medical,3.82
Morgan Park,2019,3,Medical,7.25
Irving Park,2020,5,Medical,12.83
Hyde Park,2023,12,Police,7.42
Englewood,2023,12,Medical,11.73
Humboldt Park,2023,5,Police,8.62
Hyde Park,2022,7,Medical,5.99
Woodlawn,2024,9,Fire,12.51
Jefferson Park,2020,5,Medical,7.68
Hyde Park,2022,9,Fire,6.11
Douglas,2022,5,Medical,4.58
Roseland,2020,4,Police,8.43
West Garfield Park,2022,6,Medical,10.1
Hyde Park,2024,8,Police,11.14
Greater Grand Crossing,2020,4,Police,14.3
Rogers Park,2023,5,Police,9.51
Edison Park,2023,10,Medical,9.17
West Englewood,2022,1,Medical,11.33
West Town,2019,10,Fire,11.01
Douglas,2020,12,Police,8.06
Humboldt Park,2021,1,Medical,9.51
Hyde Park,2021,8,Medical,6.98
South Shore,2022,7,Police,9.61
Grand Boulevard,2019,5,Fire,5.52
Humboldt Park,2020,9,Police,10.1
Kenwood,2023,1,Fire,5.61
West Ridge,2022,3,Medical,18.55
Hyde Park,2020,6,Police,10.29
Humboldt Park,2020,1,Police,13.12
Near North Side,2020,12,Police,5.43
Uptown,2019,6,Medical,11.04
Grand Boulevard,2020,2,Fire,8.62
North Lawndale,2019,10,Medical,10.14
Beverly,2019,5,Police,2.66
West Englewood,2024,11,Medical,7.22
West Town,2020,10,Police,9.54
Washington Park,2024,2,Medical,7.62
Auburn Gresham,2023,1,Medical,10.8
South Shore,2024,12,Police,10.48
Albany Park,2024,12,Police,9.89
Washington Heights,2020,4,Police,11.18
West Garfield Park,2023,2,Medical,10.21
Washington Heights,2022,9,Medical,9.15
Douglas,2021,12,Police,10.79
Hyde Park,2022,11,Police,7.21
Washington Park,2019,11,Police,12.89
West Garfield Park,2022,3,Medical,12.82
Logan Square,2021,12,Medical,6.61
Loop,2021,9,Police,6.16
Washington Park,2023,4,Medical,4.13
Lincoln Square,2022,10,Fire,5.1
Albany Park,2019,12,Fire,7.34
Uptown,2024,7,Police,6.6
Morgan Park,2024,7,Medical,6.37
North Lawndale,2019,6,Police,11.16
Greater Grand Crossing,2023,8,Medical,12.96
Douglas,2024,11,Medical,9.36
Englewood,2023,11,Medical,9.89
Edison Park,2024,6,Police,4.77
Mount Greenwood,2024,9,Police,8.67
Near West Side,2022,5,Fire,9.7
Morgan Park,2023,11,Police,6.72
Auburn Gresham,2021,3,Police,7.08
Lincoln Park,2019,5,Medical,6.8
Hyde Park,2024,4,Medical,8.67
Englewood,2021,3,Police,12.31
Lincoln Park,2020,1,Police,6.99
Auburn Gresham,2021,8,Fire,11.2
Riverdale,2019,4,Police,14.76
Douglas,2020,12,Medical,7.1
Near South Side,2022,3,Police,10.83
Lincoln Park,2020,12,Police,5.01
Lincoln Park,2023,4,Police,4.66
Lincoln Square,2019,1,Police,9.48
Roseland,2023,12,Medical,6.39
Portage Park,2021,6,Police,11.41
Roseland,2022,3,Police,8.52
Pullman,2019,8,Medical,8.67
Kenwood,2022,11,Fire,6.73
Jefferson Park,2024,10,Medical,8.39
Uptown,2019,5,Police,7.86
Pullman,2023,9,Police,6.35
Mount Greenwood,2021,9,Police,12.27
Auburn Gresham,2020,11,Police,9.52
Greater Grand Crossing,2022,2,Medical,7.64
Kenwood,2019,5,Medical,8.6
Pullman,2019,7,Medical,9.71
Lincoln Park,2024,7,Fire,4.82
West Ridge,2022,10,Medical,7.9
Loop,2020,3,Medical,5.43
South Shore,2021,7,Medical,9.42
Portage Park,2019,7,Medical,9.55
Lincoln Square,2019,4,Medical,6.92
West Town,2022,11,Police,8.38
Lincoln Park,2022,7,Police,4.2
Roseland,2019,8,Medical,8.62
Beverly,2019,3,Fire,6.52
West Ridge,2024,2,Police,7.47
West Town,2019,9,Police,12.95
Portage Park,2023,12,Medical,5.78
Edison Park,2019,12,Medical,3.91
Hyde Park,2021,7,Fire,4.42
Lake View,2021,1,Police,7.43
Lincoln Park,2024,10,Medical,7.17
Hyde Park,2020,10,Medical,9.49
Lincoln Square,2022,9,Medical,10.09
Near West Side,2020,5,Medical,8.71
Loop,2019,2,Medical,5.97
Riverdale,2022,7,Police,15.5
Loop,2019,9,Police,5.38
Irving Park,2022,3,Medical,8.73
Rogers Park,2024,4,Police,8.34
Hyde Park,2023,9,Medical,6.78
Humboldt Park,2023,2,Fire,16.05
Beverly,2023,4,Police,6.1
Auburn Gresham,2024,5,Medical,8.42
Portage Park,2020,4,Medical,7.47
Greater Grand Crossing,2022,7,Medical,11.53
Logan Square,2020,6,Fire,13.5
Uptown,2022,9,Police,7.48
Riverdale,2019,11,Police,13.82
Lincoln Park,2023,4,Medical,6.78
Albany Park,2023,11,Fire,7.24
Lake View,2022,9,Police,8.16
Grand Boulevard,2020,1,Fire,7.8
Albany Park,2020,12,Medical,9.45
West Ridge,2021,6,Police,6.39
Logan Square,2023,7,Police,11.64
Mount Greenwood,2023,9,Medical,8.62
West Ridge,2020,1,Medical,6.58
Loop,2023,11,Fire,8.38
Rogers Park,2020,12,Police,11.99
Auburn Gresham,2021,12,Police,11.97
Jefferson Park,2022,1,Police,13.08
West Garfield Park,2022,2,Medical,8.82
Jefferson Park,2021,6,Police,8.54
Portage Park,2023,3,Fire,6.39
West Town,2019,11,Police,10.21
Kenwood,2023,6,Police,8.49
Beverly,2020,2,Police,8.87
West Englewood,2024,10,Medical,13.59
Roseland,2019,6,Police,15.01
Pullman,2021,7,Medical,5.88
Lake View,2022,6,Medical,6.13
Humboldt Park,2022,2,Fire,10.04
Portage Park,2023,5,Police,4.47
Jefferson Park,2022,10,Fire,11.76
Englewood,2023,6,Medical,11.76
Irving Park,2020,8,Medical,6.68
West Englewood,2020,9,Medical,9.68
West Englewood,2021,5,Medical,7.63
Rogers Park,2024,12,Police,10.12
Mount Greenwood,2020,7,Medical,6.0
Douglas,2023,4,Police,6.69
Chatham,2022,10,Medical,11.61
Edison Park,2020,12,Medical,8.91
Portage Park,2020,5,Fire,2.76
Morgan Park,2023,1,Police,10.4
Auburn Gresham,2020,3,Medical,9.79
Humboldt Park,2022,2,Police,9.47
Roseland,2024,6,Fire,7.05
West Englewood,2022,9,Police,9.35
Near South Side,2024,10,Police,6.72
Auburn Gresham,2022,3,Medical,8.07
Lake View,2022,12,Fire,5.82
Near West Side,2019,11,Police,11.46
Humboldt Park,2022,12,Police,10.02
Hyde Park,2019,2,Fire,6.38
Lincoln Square,2022,2,Police,11.81
Washington Park,2022,6,Police,10.0
Washington Park,2023,10,Fire,11.56
North Lawndale,2024,6,Medical,5.59
Mount Greenwood,2022,5,Fire,6.31
Edison Park,2020,9,Medical,8.19
Washington Heights,2022,7,Medical,8.28
Mount Greenwood,2021,7,Police,8.14
Humboldt Park,2023,11,Police,12.33
West Pullman,2023,1,Medical,13.6
Beverly,2022,10,Medical,8.24
Riverdale,2021,10,Police,12.26
Grand Boulevard,2024,2,Police,11.82
West Town,2022,12,Medical,11.91
Riverdale,2020,3,Fire,11.68
Washington Park,2023,5,Police,9.32
West Garfield Park,2023,11,Police,16.75
Riverdale,2024,12,Fire,7.2
West Ridge,2021,4,Police,9.66
Humboldt Park,2019,8,Police,11.02
Mount Greenwood,2024,11,Police,7.24
Mount Greenwood,2021,4,Police,6.41
Washington Heights,2020,6,Medical,8.91
Lincoln Park,2021,9,Medical,3.56
Lincoln Park,2024,2,Medical,3.61
Uptown,2019,8,Medical,13.61
Near North Side,2020,12,Medical,4.59
Edison Park,2020,5,Police,5.27
West Town,2019,10,Police,11.83
Chatham,2022,6,Medical,5.78
Riverdale,2021,3,Police,11.07
Roseland,2024,8,Police,10.56
Washington Heights,2020,2,Police,11.08
Woodlawn,2024,1,Police,11.9
Greater Grand Crossing,2021,11,Medical,10.34
Chatham,2019,12,Police,11.91
Beverly,2023,1,Medical,6.0
Riverdale,2019,8,Police,12.32
Auburn Gresham,2021,2,Medical,11.93
Woodlawn,2020,5,Police,12.95
Riverdale,2021,2,Police,8.33
Lincoln Square,2023,11,Fire,10.21
Douglas,2020,4,Police,8.16
West Ridge,2023,9,Police,9.92
Albany Park,2022,2,Medical,6.74
Lake View,2024,4,Fire,3.15
Albany Park,2019,10,Medical,5.36
Riverdale,2022,5,Police,10.99
Beverly,2021,10,Police,8.23
Logan Square,2022,10,Fire,6.92
Pullman,2019,5,Fire,9.98
Greater Grand Crossing,2020,12,Medical,20.25
Kenwood,2024,12,Medical,17.86
West Town,2023,5,Medical,8.34
Chatham,2020,10,Medical,6.69
Edison Park,2024,10,Medical,8.63
Lake View,2022,2,Medical,8.47
Chatham,2021,8,Police,14.33
Lincoln Square,2022,11,Fire,13.52
Irving Park,2019,5,Police,10.82
West Ridge,2019,6,Police,9.51
Woodlawn,2021,8,Police,12.85
Pullman,2024,8,Police,11.0
Greater Grand Crossing,2020,10,Police,12.81
Greater Grand Crossing,2019,7,Medical,11.76
Hyde Park,2019,8,Fire,5.37
Woodlawn,2021,10,Medical,12.6
Lake View,2020,11,Fire,6.99
Loop,2022,7,Police,5.8
Portage Park,2023,10,Medical,7.27
Albany Park,2021,6,Medical,8.7
Mount Greenwood,2020,5,Medical,8.05
Beverly,2023,5,Police,7.28
Lincoln Park,2021,8,Medical,3.6
Edison Park,2022,1,Medical,9.23
Grand Boulevard,2022,2,Medical,9.13
Hyde Park,2020,1,Medical,7.52
Irving Park,2020,10,Medical,8.49
Hyde Park,2022,7,Police,7.62
Logan Square,2022,9,Medical,6.8
Mount Greenwood,2021,7,Police,7.81
North Lawndale,2024,9,Police,13.89
Washington Park,2024,4,Fire,6.88
Riverdale,2020,7,Medical,10.57
Mount Greenwood,2023,12,Police,6.07
Irving Park,2022,10,Medical,9.48
Greater Grand Crossing,2023,10,Police,9.95
Lincoln Square,2020,7,Medical,9.33
Lake View,2020,10,Medical,4.49
Auburn Gresham,2019,10,Medical,6.59
Edison Park,2022,2,Police,8.9
South Shore,2024,2,Police,10.96
Pullman,2024,8,Police,9.17
Jefferson Park,2020,2,Police,11.72
Chatham,2020,1,Police,9.95
Humboldt Park,2022,1,Medical,10.6
Mount Greenwood,2019,1,Police,5.66
Morgan Park,2019,6,Police,7.98
Douglas,2019,5,Fire,6.07
Portage Park,2019,7,Medical,11.4
Grand Boulevard,2021,3,Police,6.08
Rogers Park,2022,5,Medical,8.9
Auburn Gresham,2022,2,Fire,7.81
Near South Side,2022,11,Medical,6.73
Hyde Park,2024,9,Medical,11.51
Greater Grand Crossing,2019,9,Police,15.61
Grand Boulevard,2019,4,Medical,8.3
Rogers Park,2024,2,Fire,12.84
Mount Greenwood,2024,10,Medical,8.91
West Town,2020,8,Medical,11.6
Near South Side,2021,4,Police,9.16
Jefferson Park,2024,5,Police,8.75
Jefferson Park,2022,4,Fire,10.22
Albany Park,2021,2,Police,7.52
Hyde Park,2024,6,Police,8.28
Morgan Park,2022,1,Police,9.88
West Englewood,2019,12,Medical,6.04
Washington Park,2019,8,Police,10.99
Hyde Park,2022,11,Police,6.45
Portage Park,2023,1,Medical,5.65
Beverly,2019,5,Medical,5.75
West Ridge,2020,9,Police,11.62
Near North Side,2024,1,Police,5.17
North Lawndale,2019,10,Medical,6.81
Woodlawn,2020,7,Police,9.3
Englewood,2021,7,Police,11.07
Woodlawn,2019,5,Medical,9.58
West Garfield Park,2024,4,Fire,10.3
Kenwood,2019,9,Fire,7.27
Washington Park,2024,5,Fire,9.3
Near North Side,2021,1,Fire,5.36
Lincoln Park,2024,9,Medical,5.14
Kenwood,2020,11,Medical,8.51
Riverdale,2023,12,Medical,8.73
Chatham,2024,5,Medical,7.53
Douglas,2024,9,Police,8.43
Hyde Park,2020,11,Police,5.58
South Shore,2022,11,Police,11.74
Near South Side,2022,8,Fire,5.41
Near North Side,2022,12,Police,5.12
West Garfield Park,2024,10,Medical,10.92
Loop,2021,7,Medical,4.12
Morgan Park,2020,11,Medical,6.05
Loop,2024,12,Police,7.65
Douglas,2019,6,Fire,9.01
South Shore,2024,9,Medical,10.9
Mount Greenwood,2022,12,Police,5.69
Near North Side,2020,4,Fire,4.46
Rogers Park,2019,5,Medical,8.5
West Pullman,2020,12,Police,13.55
Logan Square,2021,1,Police,11.42
Roseland,2022,7,Police,14.32
Grand Boulevard,2023,6,Medical,6.7
Near West Side,2024,11,Medical,5.97
West Pullman,2022,7,Police,9.82
Roseland,2022,1,Medical,10.42
Chatham,2021,7,Fire,10.08
Chatham,2019,7,Fire,4.97
Roseland,2022,8,Medical,7.49
Austin,2019,2,Medical,8.47
Mount Greenwood,2019,1,Police,10.23
Near West Side,2021,12,Police,8.06
North Lawndale,2022,1,Medical,7.55
Rogers Park,2024,8,Police,10.53
Humboldt Park,2021,7,Police,13.69
West Ridge,2021,9,Fire,9.61
South Shore,2023,2,Fire,14.01
Roseland,2024,4,Police,10.78
Beverly,2021,8,Fire,2.7
Lincoln Square,2023,6,Police,9.49
Rogers Park,2019,2,Fire,10.11
Edison Park,2024,10,Fire,5.77
Chatham,2024,2,Medical,9.08
Washington Heights,2019,7,Medical,9.01
Uptown,2020,9,Police,7.97
West Pullman,2024,8,Medical,9.66
Albany Park,2020,2,Police,8.92
Albany Park,2019,3,Police,13.42
Near West Side,2022,8,Police,10.1
Englewood,2020,4,Police,9.43
Riverdale,2021,6,Police,12.61
Grand Boulevard,2024,12,Fire,10.31
South Shore,2020,2,Police,8.52
West Pullman,2024,1,Fire,10.03
Near North Side,2019,6,Medical,1.95
Chatham,2022,8,Police,7.16
Edison Park,2019,5,Police,8.58
Rogers Park,2022,1,Medical,7.56
Uptown,2024,10,Police,10.29
Kenwood,2020,2,Medical,10.24
Grand Boulevard,2021,3,Medical,7.71
Edison Park,2021,12,Fire,5.75
Auburn Gresham,2019,2,Medical,12.39
Uptown,2024,9,Medical,5.32
Riverdale,2022,10,Fire,9.56
South Shore,2020,2,Medical,9.06
Edison Park,2022,3,Police,10.52
Englewood,2022,9,Medical,5.57
West Englewood,2022,11,Medical,12.25
West Pullman,2024,3,Medical,5.7
Kenwood,2020,8,Police,7.72
Humboldt Park,2024,8,Police,14.38
West Pullman,2022,11,Police,9.06
Austin,2024,3,Medical,10.09
Lincoln Square,2021,10,Medical,10.2
Auburn Gresham,2019,12,Medical,9.52
Near South Side,2023,10,Fire,9.22
Humboldt Park,2022,3,Fire,11.98
Pullman,2021,8,Medical,7.38
North Lawndale,2024,3,Medical,7.77
Near North Side,2021,4,Police,12.33
Albany Park,2019,5,Police,10.23
Near North Side,2019,7,Medical,4.81
Riverdale,2023,1,Medical,11.26
Grand Boulevard,2023,8,Police,8.83
Near South Side,2023,3,Fire,9.78
Near West Side,2020,7,Police,14.48
Near West Side,2020,11,Fire,5.18
Greater Grand Crossing,2021,10,Fire,9.8
Chatham,2024,11,Medical,7.88
North Lawndale,2019,3,Police,9.54
West Ridge,2022,9,Police,6.4
Rogers Park,2019,10,Medical,10.3
Lake View,2020,5,Police,13.24
Loop,2021,3,Medical,7.22
Portage Park,2022,3,Fire,11.78
West Ridge,2023,4,Police,10.66
Uptown,2023,5,Medical,6.29
Grand Boulevard,2020,5,Police,8.89
Irving Park,2021,8,Police,10.17
Loop,2024,10,Medical,3.07
Lake View,2019,6,Police,3.74
Auburn Gresham,2020,5,Medical,10.89
Beverly,2024,2,Medical,3.25
Roseland,2024,5,Medical,11.35
Jefferson Park,2019,7,Police,7.03
Englewood,2022,11,Medical,10.62
West Englewood,2019,3,Police,7.38
Douglas,2022,12,Police,7.85
Kenwood,2024,7,Fire,12.13
West Garfield Park,2021,1,Fire,8.85
Albany Park,2020,6,Police,9.17
Roseland,2019,1,Police,12.3
Grand Boulevard,2021,7,Fire,8.23
West Pullman,2021,6,Medical,9.94
West Garfield Park,2019,10,Police,10.76
West Garfield Park,2023,11,Medical,10.04
Humboldt Park,2024,1,Medical,10.16
Jefferson Park,2023,9,Police,8.88
Mount Greenwood,2022,5,Police,5.52
West Ridge,2021,11,Medical,6.68
Washington Park,2020,7,Police,7.88
Washington Heights,2020,12,Fire,6.99
Jefferson Park,2021,1,Police,10.13
Douglas,2023,11,Medical,8.31
Lincoln Square,2024,11,Police,6.48
Hyde Park,2021,8,Medical,5.15
Chatham,2022,8,Police,7.08
Englewood,2021,9,Police,13.31
Grand Boulevard,2019,2,Police,14.41
Auburn Gresham,2023,6,Medical,9.61
Portage Park,2019,10,Police,8.28
Lincoln Park,2019,5,Medical,5.05
North Lawndale,2021,6,Medical,11.15
Near South Side,2024,5,Medical,9.99
Greater Grand Crossing,2021,11,Medical,13.44
Morgan Park,2024,1,Medical,12.01
Beverly,2020,2,Police,5.55
Englewood,2024,3,Police,12.11
West Garfield Park,2019,7,Medical,12.06
Auburn Gresham,2021,10,Fire,5.52
Washington Park,2020,9,Medical,5.42
Beverly,2019,2,Police,11.97
Irving Park,2020,12,Medical,7.03
Grand Boulevard,2023,10,Medical,8.84
Douglas,2022,1,Medical,6.29
Near South Side,2019,1,Medical,7.76
Woodlawn,2021,4,Medical,8.9
Pullman,2024,9,Fire,7.6
Lincoln Park,2023,4,Police,4.55
Woodlawn,2020,3,Police,12.14
Mount Greenwood,2022,10,Police,5.57
Englewood,2024,8,Medical,8.3
Irving Park,2019,9,Medical,10.83
Near North Side,2022,5,Medical,1.85
Albany Park,2023,2,Medical,6.08
West Garfield Park,2022,4,Medical,7.61
Hyde Park,2019,10,Fire,10.84
Near South Side,2023,8,Police,11.72
South Shore,2020,2,Medical,9.07
West Ridge,2019,9,Medical,10.89
Rogers Park,2022,11,Medical,10.35
Greater Grand Crossing,2019,12,Medical,10.37
Hyde Park,2023,5,Police,7.05
Chatham,2022,12,Medical,8.73
Near South Side,2020,7,Police,13.7
Portage Park,2024,5,Medical,8.32
Mount Greenwood,2021,3,Medical,4.62
Portage Park,2020,2,Fire,7.22
Greater Grand Crossing,2019,3,Medical,8.15
Washington Heights,2021,2,Police,12.13
Mount Greenwood,2024,2,Police,9.05
West Englewood,2024,2,Medical,15.0
Englewood,2023,12,Police,11.9
Kenwood,2024,11,Medical,10.11
Douglas,2022,2,Police,8.11
Lake View,2022,8,Police,6.89
Riverdale,2023,5,Medical,11.19
Greater Grand Crossing,2024,9,Police,11.08
Loop,2019,11,Police,4.71
Near West Side,2020,12,Police,8.53
West Englewood,2021,5,Police,13.99
West Garfield Park,2023,1,Medical,7.93
Englewood,2024,8,Police,13.28
Jefferson Park,2019,3,Police,12.3
Hyde Park,2019,10,Medical,8.42
West Ridge,2021,11,Police,11.25
Jefferson Park,2023,10,Police,9.25
Jefferson Park,2020,2,Police,6.71
Mount Greenwood,2020,6,Police,4.85
West Garfield Park,2023,4,Medical,8.93
Rogers Park,2022,4,Police,10.75
Washington Park,2024,9,Police,8.17
Mount Greenwood,2020,10,Medical,7.2
Washington Park,2022,12,Medical,8.76
Washington Heights,2023,8,Police,8.09
West Englewood,2024,3,Medical,11.53
Uptown,2019,9,Police,9.96
Auburn Gresham,2023,1,Police,10.24
Roseland,2019,12,Medical,9.23
Beverly,2023,7,Medical,4.62
Englewood,2022,7,Fire,10.62
Irving Park,2024,12,Medical,12.52
Near West Side,2022,2,Fire,9.1
Auburn Gresham,2024,7,Medical,6.04
West Garfield Park,2023,7,Police,16.66
Albany Park,2019,9,Police,12.11
Irving Park,2023,6,Fire,13.1
Austin,2019,10,Police,7.36
Kenwood,2022,11,Medical,6.17
Near West Side,2021,10,Police,6.04
Edison Park,2020,9,Medical,6.48
Pullman,2022,3,Fire,10.04
Near South Side,2023,8,Medical,11.31
West Garfield Park,2023,4,Medical,13.78
Grand Boulevard,2019,11,Fire,7.22
Auburn Gresham,2020,1,Medical,8.07
Austin,2024,7,Fire,9.85
Lincoln Park,2022,3,Medical,3.36
Edison Park,2020,4,Fire,6.58
Washington Park,2020,3,Medical,6.78
North Lawndale,2022,6,Police,7.38
Washington Park,2019,10,Fire,7.09
Irving Park,2024,1,Medical,10.44
West Town,2019,10,Medical,9.46
Hyde Park,2019,7,Medical,4.51
Morgan Park,2021,10,Medical,7.54
Hyde Park,2020,8,Medical,11.42
West Pullman,2021,3,Medical,5.69
Albany Park,2019,9,Police,11.21
Austin,2024,2,Police,11.38
Near North Side,2022,10,Medical,6.49
West Garfield Park,2020,11,Medical,11.4
Grand Boulevard,2022,10,Medical,5.83
Hyde Park,2023,9,Medical,8.76
Near South Side,2020,12,Medical,6.84
Douglas,2022,5,Police,11.44
Near North Side,2019,6,Medical,7.65
Humboldt Park,2021,2,Fire,10.93
West Town,2022,5,Police,18.27
Near North Side,2024,6,Police,7.36
Jefferson Park,2023,5,Fire,10.49
Edison Park,2019,4,Medical,4.52
Grand Boulevard,2023,8,Police,9.61
Chatham,2024,2,Police,8.41
North Lawndale,2024,1,Medical,9.76
Pullman,2021,2,Police,9.02
Roseland,2023,11,Police,7.21
Washington Heights,2024,4,Police,12.69
West Englewood,2022,1,Medical,9.5
North Lawndale,2024,9,Medical,4.73
Washington Heights,2024,1,Medical,10.61
West Garfield Park,2022,5,Fire,11.34
Humboldt Park,2019,8,Police,12.36
Pullman,2021,9,Police,7.07
Kenwood,2021,9,Medical,9.5
West Englewood,2020,8,Medical,12.6
Englewood,2020,6,Medical,5.15
Uptown,2022,6,Police,9.35
Auburn Gresham,2024,12,Police,10.77
Mount Greenwood,2023,9,Medical,10.36
Hyde Park,2024,2,Police,8.28
Grand Boulevard,2024,3,Police,11.24
Washington Heights,2023,6,Police,7.52
West Town,2019,8,Medical,8.39
Lincoln Square,2021,7,Police,7.36
Chatham,2022,8,Police,12.69
Douglas,2023,5,Medical,11.68
Washington Park,2020,9,Medical,13.27
Logan Square,2022,6,Police,5.89
North Lawndale,2019,12,Medical,12.16
Riverdale,2022,10,Medical,10.53
Austin,2023,2,Medical,8.91
West Ridge,2019,6,Medical,11.4
West Englewood,2024,11,Medical,11.62
Englewood,2020,4,Medical,9.92
Roseland,2020,5,Police,11.95
Logan Square,2023,5,Police,10.97
Logan Square,2019,1,Fire,8.82
North Lawndale,2020,10,Police,13.72
West Pullman,2019,5,Police,13.79
West Pullman,2022,10,Police,13.26
West Englewood,2021,11,Police,8.06
Washington Heights,2021,9,Police,7.82
Chatham,2021,8,Police,7.16
Chatham,2020,8,Fire,9.83
Austin,2023,3,Medical,7.15
Albany Park,2021,9,Fire,10.58
Roseland,2024,9,Medical,7.6
Washington Park,2023,10,Medical,8.57
Washington Heights,2021,7,Police,10.61
Loop,2022,6,Police,4.12
Lake View,2021,9,Medical,2.4
Rogers Park,2023,11,Medical,9.73
Roseland,2020,6,Medical,7.99
Uptown,2024,3,Police,10.73
Humboldt Park,2022,6,Police,11.77
Roseland,2023,11,Fire,8.82
Lincoln Square,2019,2,Fire,8.17
North Lawndale,2021,2,Police,7.13
Auburn Gresham,2022,12,Medical,10.66
Washington Park,2020,7,Medical,5.96
Rogers Park,2019,8,Medical,11.55
West Town,2021,7,Medical,6.9
Jefferson Park,2022,5,Police,11.75
West Town,2024,4,Medical,5.05
Kenwood,2023,8,Police,11.7
Lincoln Square,2021,12,Medical,9.22
Irving Park,2022,9,Medical,10.84
Auburn Gresham,2021,7,Medical,7.64
Auburn Gresham,2024,1,Police,9.81
Lincoln Park,2022,4,Police,2.46
Washington Heights,2023,4,Police,8.71
Kenwood,2021,10,Medical,9.3
Portage Park,2022,3,Police,9.38
Logan Square,2019,4,Medical,12.74
Englewood,2020,9,Medical,6.65
Washington Park,2024,1,Medical,7.86
Near North Side,2022,2,Fire,3.57
Lincoln Square,2022,7,Medical,7.6
Edison Park,2022,9,Medical,6.6
Loop,2021,7,Medical,5.32
Chatham,2024,1,Police,10.92
Albany Park,2020,7,Police,6.09
Englewood,2024,6,Medical,8.92
Hyde Park,2021,1,Police,3.77
Morgan Park,2022,1,Medical,7.35
Uptown,2024,12,Medical,7.02
Lincoln Park,2022,2,Fire,2.57
Lake View,2020,6,Medical,8.27
Lake View,2019,12,Medical,5.75
Grand Boulevard,2021,4,Police,3.69
Jefferson Park,2019,4,Medical,8.65
West Englewood,2024,6,Police,11.67
Loop,2022,9,Medical,2.7
West Englewood,2022,1,Police,11.39
North Lawndale,2023,2,Fire,7.69
West Garfield Park,2023,8,Fire,9.7
Kenwood,2019,8,Medical,7.94
Uptown,2023,11,Medical,5.88
West Pullman,2024,11,Fire,8.08
West Englewood,2020,6,Medical,6.28
Beverly,2024,6,Medical,5.15
Logan Square,2019,12,Medical,10.09
Washington Park,2024,8,Medical,10.72
Jefferson Park,2023,2,Police,11.4
Lincoln Square,2023,2,Police,12.64
Humboldt Park,2020,1,Medical,10.33
Auburn Gresham,2024,6,Police,8.7
Englewood,2020,6,Fire,14.34
Portage Park,2019,6,Police,7.55
Morgan Park,2021,11,Medical,10.25
Uptown,2024,2,Medical,9.45
South Shore,2024,7,Police,16.33
Chatham,2020,3,Police,12.1
Jefferson Park,2023,1,Police,8.75
Uptown,2019,1,Medical,7.83
Washington Park,2021,9,Medical,9.62
Englewood,2024,3,Medical,10.32
Irving Park,2019,8,Police,7.57
Jefferson Park,2023,10,Medical,8.38
West Town,2021,7,Police,8.38
Mount Greenwood,2021,2,Police,10.75
Washington Park,2020,2,Medical,5.03
Lake View,2022,4,Police,8.11
Portage Park,2023,2,Medical,9.57
Englewood,2022,5,Medical,10.87
Kenwood,2023,12,Police,8.59
West Town,2019,10,Medical,7.9
Beverly,2022,12,Medical,9.88
Edison Park,2024,7,Fire,5.5
Lake View,2024,2,Police,7.66
Hyde Park,2024,9,Medical,4.4
North Lawndale,2021,1,Medical,7.42
Lincoln Park,2020,2,Medical,5.5
Auburn Gresham,2023,7,Police,10.56
Logan Square,2020,12,Police,8.47
South Shore,2023,5,Fire,10.84
Lake View,2024,1,Medical,4.47
Logan Square,2021,4,Fire,7.63
West Garfield Park,2021,8,Medical,10.61
Mount Greenwood,2021,5,Medical,7.94
West Pullman,2021,12,Medical,8.71
Chatham,2021,2,Medical,5.9
Uptown,2024,9,Police,8.68
Mount Greenwood,2020,1,Police,7.41
Englewood,2019,1,Medical,12.25
Mount Greenwood,2022,10,Fire,3.14
Woodlawn,2020,5,Police,9.1
Logan Square,2024,9,Police,13.71
Riverdale,2022,6,Medical,13.75
Lincoln Park,2019,5,Police,4.9
Kenwood,2023,6,Police,12.8
Near West Side,2019,6,Fire,9.49
Austin,2019,9,Medical,6.64
Mount Greenwood,2024,9,Police,9.19
South Shore,2023,5,Medical,13.25
Riverdale,2022,4,Medical,13.4
Morgan Park,2021,1,Fire,6.72
Logan Square,2023,6,Fire,8.33
Washington Park,2023,7,Medical,9.53
Greater Grand Crossing,2019,7,Police,10.39
Woodlawn,2023,1,Police,14.43
Beverly,2020,6,Medical,5.48
Near North Side,2021,8,Fire,4.94
Lake View,2019,3,Fire,7.42
Pullman,2022,1,Medical,9.09
Grand Boulevard,2022,7,Medical,7.71
Albany Park,2022,4,Police,11.32
West Pullman,2022,12,Medical,10.23
Roseland,2022,5,Fire,8.05
Washington Heights,2019,2,Fire,8.25
Pullman,2020,7,Fire,9.61
North Lawndale,2020,1,Medical,14.78
Greater Grand Crossing,2022,4,Fire,17.7
West Ridge,2020,8,Medical,6.03
Humboldt Park,2021,12,Police,11.43
Logan Square,2020,7,Medical,8.88
Chatham,2023,7,Police,7.68
Irving Park,2022,7,Police,8.27
Washington Heights,2023,12,Medical,6.76
West Ridge,2023,5,Police,11.64
West Pullman,2022,11,Police,6.29
Logan Square,2024,12,Medical,6.81
Woodlawn,2019,12,Police,10.82
Morgan Park,2024,10,Police,11.63
West Garfield Park,2020,3,Medical,9.77
Mount Greenwood,2024,10,Police,7.49
Pullman,2021,7,Medical,8.95
Englewood,2024,8,Police,25.51
Kenwood,2024,7,Medical,10.17
West Englewood,2019,6,Fire,7.89
Lincoln Park,2021,9,Medical,3.85
Near West Side,2024,11,Police,11.54
Roseland,2022,6,Fire,14.32
Near North Side,2020,5,Medical,6.38
Albany Park,2024,11,Medical,5.66
Morgan Park,2019,6,Police,7.12
West Pullman,2022,10,Medical,8.93
Englewood,2019,4,Police,11.92
South Shore,2023,6,Medical,8.65
West Town,2024,4,Medical,1.87
Roseland,2020,5,Police,8.1
Auburn Gresham,2020,6,Police,9.26
Chatham,2022,1,Police,8.01
Douglas,2022,6,Police,6.3
Lincoln Square,2022,6,Medical,12.54
Loop,2020,1,Medical,6.18
West Pullman,2024,7,Medical,7.43
Greater Grand Crossing,2023,12,Police,11.64
Lincoln Square,2020,10,Fire,10.03
Woodlawn,2022,5,Medical,13.31
West Garfield Park,2021,8,Fire,13.54
Irving Park,2024,5,Police,10.01
Douglas,2023,10,Medical,4.99
West Garfield Park,2020,5,Medical,10.14
Albany Park,2021,2,Medical,6.89
Rogers Park,2024,4,Police,11.61
Douglas,2023,4,Medical,10.7
Hyde Park,2020,10,Police,5.22
North Lawndale,2024,10,Police,7.43
Humboldt Park,2024,8,Police,10.8
Chatham,2022,3,Medical,10.73
Irving Park,2020,1,Medical,7.67
Greater Grand Crossing,2024,7,Police,11.92
West Englewood,2023,9,Medical,12.09
Irving Park,2022,6,Police,10.01
Near North Side,2024,2,Police,6.26
Chatham,2019,2,Police,16.84
Portage Park,2021,1,Medical,6.77
Riverdale,2024,6,Fire,10.8
Lincoln Park,2022,8,Medical,3.2
West Town,2022,1,Police,10.0
West Pullman,2023,12,Fire,5.75
Portage Park,2024,1,Medical,7.29
Grand Boulevard,2024,1,Medical,3.44
Hyde Park,2023,10,Police,8.27
Englewood,2021,5,Medical,11.19
Englewood,2023,7,Police,10.44
Chatham,2022,4,Police,14.62
Lincoln Square,2021,1,Medical,11.06
West Garfield Park,2021,1,Fire,11.47
West Englewood,2020,10,Medical,9.01
Logan Square,2022,3,Medical,5.48
Morgan Park,2022,5,Medical,7.62
Washington Heights,2023,5,Fire,7.97
West Town,2022,9,Medical,6.72
Chatham,2024,9,Police,11.21
Chatham,2023,9,Fire,11.61
Portage Park,2022,8,Medical,7.97
West Pullman,2024,11,Medical,8.09
West Ridge,2020,9,Police,7.94
Humboldt Park,2022,8,Police,10.72
Loop,2020,8,Medical,6.57
Douglas,2022,8,Police,9.39
Portage Park,2022,8,Fire,9.61
Woodlawn,2019,5,Police,9.35
Uptown,2024,10,Police,9.76
West Garfield Park,2022,3,Fire,8.0
South Shore,2020,4,Fire,9.12
Chatham,2021,9,Medical,8.77
Near South Side,2020,7,Police,11.83
Austin,2024,12,Police,11.07
Auburn Gresham,2022,9,Fire,8.0
Loop,2023,11,Medical,4.7
Lincoln Park,2019,11,Police,3.51
Near West Side,2023,11,Medical,10.03
Lake View,2019,7,Fire,7.14
Uptown,2019,12,Medical,6.42
Rogers Park,2023,8,Police,12.86
Beverly,2024,12,Police,7.5
West Town,2022,3,Medical,7.47
Englewood,2020,8,Medical,7.2
West Englewood,2023,4,Medical,11.33
Washington Park,2021,6,Police,8.56
Kenwood,2019,1,Medical,8.36
Irving Park,2020,2,Medical,11.83
North Lawndale,2021,7,Police,12.45
West Town,2020,6,Medical,17.3
Austin,2022,10,Fire,12.38
Woodlawn,2021,12,Medical,8.92
Edison Park,2024,5,Medical,6.75
Washington Park,2024,7,Fire,6.31
West Garfield Park,2023,2,Fire,5.81
Chatham,2020,10,Medical,10.05
Edison Park,2024,4,Medical,2.66
West Town,2024,5,Medical,12.53
Woodlawn,2023,8,Medical,9.63
Near North Side,2023,6,Medical,2.08
Uptown,2024,6,Medical,10.07
Chatham,2020,5,Fire,8.49
Kenwood,2020,10,Medical,5.45
Uptown,2019,5,Police,10.19
Loop,2019,1,Fire,6.25
West Town,2021,12,Medical,4.64
Washington Park,2021,4,Police,7.74
Roseland,2021,9,Fire,8.67
Humboldt Park,2019,2,Medical,12.95
Near North Side,2023,11,Medical,5.15
West Garfield Park,2024,6,Police,5.91
Loop,2022,2,Police,6.76
Greater Grand Crossing,2022,9,Police,13.38
Jefferson Park,2024,5,Police,6.8
Beverly,2020,9,Police,4.64
Douglas,2019,12,Medical,6.71
West Ridge,2020,10,Medical,7.83
Kenwood,2022,5,Medical,5.48
Edison Park,2020,12,Medical,6.86
Portage Park,2019,9,Medical,8.97
Logan Square,2019,2,Police,9.31
West Garfield Park,2019,11,Police,9.96
Edison Park,2022,7,Police,9.27
Near South Side,2019,8,Fire,9.68
North Lawndale,2021,3,Fire,10.26
Roseland,2021,1,Medical,8.92
North Lawndale,2024,2,Police,8.43
Pullman,2019,10,Medical,6.27
Beverly,2021,5,Medical,4.21
West Pullman,2019,9,Medical,10.35
Portage Park,2022,5,Police,9.85
Washington Park,2021,1,Police,7.89
Riverdale,2022,12,Police,15.63
Beverly,2021,1,Police,6.52
Morgan Park,2023,2,Police,10.11
Edison Park,2023,1,Police,10.71
Portage Park,2024,8,Medical,2.78
Douglas,2024,2,Medical,9.5
Kenwood,2024,12,Fire,7.15
Morgan Park,2022,11,Medical,4.04
West Garfield Park,2021,8,Police,11.41
Irving Park,2023,11,Medical,6.65
West Pullman,2019,5,Police,10.06
West Town,2020,1,Police,8.52
Austin,2023,4,Fire,9.95
Douglas,2023,12,Medical,8.34
South Shore,2019,2,Medical,9.99
Loop,2023,6,Medical,5.62
Riverdale,2023,5,Medical,10.19
Albany Park,2023,12,Police,6.11
Mount Greenwood,2024,9,Medical,10.37
West Pullman,2024,12,Medical,12.81
Riverdale,2021,3,Medical,11.18
West Ridge,2024,5,Police,12.62
Riverdale,2023,10,Police,15.99
Riverdale,2020,7,Police,10.25
Morgan Park,2024,9,Medical,8.64
Logan Square,2021,3,Medical,7.37
Roseland,2021,4,Police,10.49
Riverdale,2022,1,Police,13.25
Logan Square,2023,2,Medical,9.13
Hyde Park,2020,3,Police,6.14
Douglas,2020,10,Police,8.17
Washington Heights,2022,7,Medical,5.7
West Ridge,2020,7,Medical,7.92
Beverly,2021,1,Police,5.11
Washington Heights,2019,9,Police,7.36
Hyde Park,2021,3,Medical,12.6
West Town,2024,3,Medical,12.51
Englewood,2019,2,Fire,11.3
Mount Greenwood,2020,3,Police,7.92
Portage Park,2023,6,Police,7.87
Uptown,2019,10,Police,7.56
Lincoln Park,2021,4,Medical,2.64
Jefferson Park,2021,2,Fire,12.12
Lincoln Park,2024,8,Fire,4.67
Jefferson Park,2021,1,Police,6.35
Washington Heights,2024,10,Police,13.66
Pullman,2021,8,Police,11.98
West Pullman,2022,2,Police,5.95
Morgan Park,2020,9,Police,9.63
Irving Park,2023,4,Police,7.65
Edison Park,2024,4,Medical,6.5
Edison Park,2022,7,Police,6.21
South Shore,2020,3,Police,9.51
Loop,2024,12,Police,14.19
Near North Side,2019,12,Police,6.41
Portage Park,2022,10,Medical,8.21
Loop,2024,3,Police,7.51
Austin,2022,4,Medical,10.88
Lincoln Square,2022,10,Medical,6.6
Lincoln Park,2022,3,Medical,2.15
Douglas,2019,10,Medical,6.64
Hyde Park,2021,8,Police,9.13
Uptown,2022,9,Police,10.7
Morgan Park,2020,5,Medical,10.88
Humboldt Park,2021,12,Police,11.18
Portage Park,2019,3,Medical,8.4
North Lawndale,2023,7,Police,9.26
Irving Park,2019,3,Police,7.91
Grand Boulevard,2023,6,Police,5.94
Irving Park,2020,11,Medical,10.33
Logan Square,2023,4,Police,10.99
Washington Park,2024,7,Police,9.9
Near West Side,2022,6,Medical,10.66
Greater Grand Crossing,2021,12,Medical,13.17
Edison Park,2024,7,Police,12.17
Chatham,2021,12,Police,8.57
West Pullman,2022,12,Fire,8.45
North Lawndale,2021,4,Medical,10.94
Lincoln Park,2019,12,Police,7.46
North Lawndale,2022,12,Medical,13.11
Near West Side,2022,11,Medical,6.57
Douglas,2021,6,Medical,6.43
Auburn Gresham,2024,10,Fire,12.48
West Pullman,2023,7,Medical,8.69
Morgan Park,2020,10,Medical,6.76
Uptown,2023,8,Fire,7.01
South Shore,2019,10,Medical,8.34
Albany Park,2022,9,Fire,9.91
West Englewood,2022,3,Medical,7.92
Chatham,2019,5,Medical,7.79
West Town,2020,12,Police,12.44
Riverdale,2022,10,Police,12.01
Near North Side,2023,3,Police,7.75
Irving Park,2019,5,Fire,10.43
Roseland,2022,2,Police,8.71
Near South Side,2023,3,Police,12.78
Pullman,2019,7,Police,8.09
Kenwood,2019,8,Fire,9.78
Loop,2019,5,Police,4.32
Auburn Gresham,2020,3,Medical,8.76
Lincoln Square,2019,4,Police,8.62
South Shore,2024,3,Medical,7.41
Loop,2021,3,Police,12.2
Kenwood,2021,9,Medical,7.47
West Pullman,2019,4,Fire,9.9
Morgan Park,2022,6,Medical,9.63
Greater Grand Crossing,2021,3,Medical,15.63
Englewood,2023,8,Medical,7.26
Greater Grand Crossing,2023,12,Medical,10.8
West Ridge,2022,11,Fire,9.14
West Town,2023,4,Police,10.67
Englewood,2024,8,Medical,9.95
Greater Grand Crossing,2022,2,Fire,9.14
Lincoln Park,2023,9,Medical,4.57
Washington Heights,2019,2,Police,9.28
Irving Park,2023,3,Fire,5.56
Uptown,2019,3,Medical,7.76
North Lawndale,2023,5,Fire,13.84
Mount Greenwood,2023,3,Fire,11.32
Near South Side,2023,12,Police,8.1
West Town,2019,8,Police,16.31
Riverdale,2023,10,Medical,14.1
West Englewood,2023,7,Medical,6.89
Hyde Park,2024,11,Police,9.0
Edison Park,2020,1,Police,8.4
Greater Grand Crossing,2019,6,Fire,11.1
Roseland,2024,2,Medical,9.25
Grand Boulevard,2021,8,Medical,12.48
Humboldt Park,2022,10,Police,12.87
Humboldt Park,2020,8,Medical,11.01
West Ridge,2024,7,Police,5.75
Auburn Gresham,2024,8,Medical,9.37
Lake View,2023,1,Medical,6.81
Beverly,2021,8,Police,10.77
Morgan Park,2021,1,Fire,8.92
Humboldt Park,2023,3,Medical,11.39
Washington Heights,2024,4,Medical,8.18
Washington Park,2024,3,Police,11.18
Loop,2023,12,Medical,3.86
West Ridge,2020,2,Police,13.03
Washington Heights,2019,11,Police,12.47
Lincoln Park,2020,11,Medical,3.6
West Garfield Park,2019,3,Police,10.1
Washington Park,2021,9,Police,8.04
South Shore,2022,12,Medical,7.56
West Ridge,2023,2,Medical,10.07
West Englewood,2020,5,Medical,8.53
Auburn Gresham,2021,3,Fire,7.97
Lake View,2020,9,Medical,5.12
Rogers Park,2024,7,Fire,8.88
Mount Greenwood,2019,10,Medical,9.84
Irving Park,2023,12,Medical,8.23
Greater Grand Crossing,2024,12,Police,8.31
Grand Boulevard,2019,3,Police,10.07
Pullman,2024,2,Police,11.88
Portage Park,2019,12,Medical,9.73
Albany Park,2019,2,Medical,10.07
Uptown,2024,5,Fire,6.82
Humboldt Park,2021,9,Fire,11.74
Austin,2023,2,Police,14.32
Albany Park,2022,2,Police,12.16
Chatham,2020,8,Police,11.45
Albany Park,2019,12,Police,13.89
Irving Park,2023,3,Medical,8.6
Roseland,2020,3,Police,14.36
Morgan Park,2023,6,Police,10.27
Rogers Park,2024,6,Fire,7.26
Lake View,2020,6,Police,4.94
Loop,2023,5,Fire,10.59
Edison Park,2022,4,Police,4.21
Irving Park,2023,12,Police,14.72
Rogers Park,2023,9,Fire,12.34
Loop,2019,11,Medical,4.83
South Shore,2019,4,Police,7.44
Auburn Gresham,2019,1,Medical,3.92
Auburn Gresham,2024,8,Medical,8.99
Irving Park,2023,11,Medical,4.43
Auburn Gresham,2022,8,Fire,10.28
South Shore,2020,11,Medical,9.66
West Town,2019,3,Police,5.84
Lincoln Park,2021,9,Police,2.33
Loop,2023,7,Medical,6.74
Humboldt Park,2022,7,Medical,9.83
West Ridge,2022,5,Police,11.36
Jefferson Park,2019,12,Medical,9.22
Auburn Gresham,2024,12,Medical,7.77
Loop,2019,3,Medical,7.45
Hyde Park,2024,10,Medical,10.97
Chatham,2021,12,Medical,4.9
Rogers Park,2021,5,Medical,5.63
West Englewood,2019,3,Police,16.6
Lincoln Park,2020,3,Medical,7.06
Auburn Gresham,2019,1,Medical,9.81
Lake View,2019,4,Medical,4.15
Riverdale,2022,9,Medical,13.05
Humboldt Park,2019,12,Police,10.91
Irving Park,2019,6,Medical,9.01
Loop,2019,6,Police,11.69
Kenwood,2020,6,Police,8.96
Englewood,2022,5,Police,11.97
Washington Park,2023,2,Medical,7.48
Chatham,2023,5,Medical,6.02
Washington Heights,2023,11,Police,8.19
Pullman,2023,10,Police,4.91
Grand Boulevard,2022,3,Medical,7.81
Beverly,2019,10,Police,7.34
Loop,2023,11,Fire,7.11
Grand Boulevard,2019,2,Police,5.92
Austin,2023,12,Police,8.67
Edison Park,2020,4,Police,9.94
Near South Side,2019,10,Medical,4.85
Rogers Park,2022,9,Medical,12.01
Edison Park,2024,7,Fire,3.79
Chatham,2020,10,Fire,10.47
West Pullman,2024,9,Police,10.39
Beverly,2020,3,Police,9.18
Lake View,2022,2,Police,8.37
Douglas,2020,9,Medical,4.76
Englewood,2019,6,Fire,14.34
Rogers Park,2021,10,Medical,10.59
Hyde Park,2021,4,Police,6.71
Albany Park,2023,4,Police,14.36
Roseland,2023,10,Medical,11.03
North Lawndale,2019,10,Fire,10.97
West Garfield Park,2022,6,Police,14.52
Hyde Park,2019,7,Medical,3.32
Edison Park,2023,12,Police,4.55
Mount Greenwood,2020,11,Police,7.34
Irving Park,2024,10,Fire,8.33
Woodlawn,2019,5,Police,13.42
Edison Park,2019,8,Police,4.35
Washington Park,2022,10,Fire,6.84
Lincoln Square,2023,12,Medical,8.02
Riverdale,2019,1,Police,11.5
Rogers Park,2020,1,Police,6.01
Near West Side,2024,4,Medical,5.63
Pullman,2020,8,Police,8.75
Austin,2021,11,Medical,9.66
Humboldt Park,2023,8,Police,11.28
Lake View,2020,6,Police,2.97
Morgan Park,2022,5,Medical,7.47
Hyde Park,2024,10,Medical,7.31
South Shore,2023,10,Police,8.43
West Ridge,2020,2,Medical,7.31
Lincoln Park,2019,5,Police,2.81
Jefferson Park,2023,12,Medical,7.16
Riverdale,2020,5,Medical,7.7
Morgan Park,2019,2,Medical,13.05
Washington Park,2021,8,Medical,10.22
Logan Square,2024,10,Police,6.85
Jefferson Park,2023,5,Medical,6.0
Logan Square,2023,5,Fire,9.6
Pullman,2020,12,Police,9.85
Morgan Park,2021,1,Medical,7.88
Portage Park,2022,1,Police,10.34
Lincoln Square,2020,11,Medical,7.95
Englewood,2020,1,Fire,8.93
Beverly,2022,8,Police,6.86
Lincoln Square,2022,10,Police,9.58
Beverly,2022,2,Police,4.99
Near West Side,2024,8,Police,10.93
Lincoln Park,2022,12,Police,12.07
Englewood,2022,6,Fire,12.51
North Lawndale,2019,5,Medical,7.7
Logan Square,2019,6,Medical,11.08
Morgan Park,2022,4,Police,9.82
Grand Boulevard,2024,12,Police,11.2
Near West Side,2024,11,Medical,6.44
Portage Park,2021,3,Medical,7.35
Rogers Park,2024,11,Police,7.56
Kenwood,2021,4,Police,12.05
Near North Side,2022,9,Medical,5.04
Washington Park,2024,8,Police,9.79
Near South Side,2019,11,Medical,12.58
West Town,2021,8,Medical,11.13
Rogers Park,2019,1,Fire,14.91
Irving Park,2020,5,Fire,9.66
Near North Side,2019,6,Medical,7.6
West Town,2022,9,Police,7.81
Near South Side,2024,10,Medical,6.55
Near West Side,2024,10,Police,11.99
Chatham,2023,6,Medical,6.39
Washington Park,2022,1,Medical,8.21
Riverdale,2020,1,Police,11.17
West Pullman,2024,12,Police,9.22
West Englewood,2019,7,Medical,9.82
Beverly,2021,3,Medical,4.27
Hyde Park,2022,7,Medical,6.23
Portage Park,2024,5,Police,9.34
West Englewood,2021,1,Police,14.33
Edison Park,2019,11,Fire,5.38
Humboldt Park,2024,8,Police,12.56
Albany Park,2020,9,Police,14.7
West Ridge,2022,6,Medical,2.23
Jefferson Park,2021,2,Medical,8.74
Uptown,2024,9,Medical,8.23
Near South Side,2022,2,Medical,10.58
Hyde Park,2024,6,Medical,7.73
Edison Park,2022,10,Fire,8.74
West Ridge,2021,4,Police,8.98
Lincoln Park,2020,6,Medical,2.44
South Shore,2022,4,Police,9.78
Chatham,2020,11,Police,11.78
Hyde Park,2020,3,Police,10.08
Washington Park,2019,12,Medical,8.14
Irving Park,2024,11,Fire,6.22
Lake View,2021,8,Medical,2.36
Englewood,2019,5,Police,8.78
Auburn Gresham,2023,1,Medical,7.94
West Town,2024,8,Medical,11.55
Greater Grand Crossing,2019,3,Police,9.63
West Town,2022,4,Medical,7.6
Grand Boulevard,2022,9,Medical,12.44
Lincoln Park,2022,3,Police,5.32
Near South Side,2023,5,Police,7.44
Grand Boulevard,2020,12,Medical,11.22
Austin,2022,8,Fire,9.45
West Town,2024,6,Police,4.23
Washington Park,2024,3,Medical,10.47
Greater Grand Crossing,2019,8,Medical,11.06
Portage Park,2020,5,Police,9.87
West Town,2019,6,Police,13.79
Lincoln Square,2019,11,Police,10.59
Near South Side,2022,3,Medical,8.95
Logan Square,2019,8,Police,10.95
Douglas,2023,4,Medical,13.37
Near West Side,2024,9,Medical,6.23
Englewood,2024,5,Medical,6.53
Humboldt Park,2024,1,Medical,10.11
Lincoln Square,2020,9,Medical,11.6
Woodlawn,2022,8,Fire,7.91
Chatham,2022,5,Medical,7.06
South Shore,2019,3,Fire,10.11
West Englewood,2019,9,Police,8.04
Edison Park,2021,12,Fire,5.86
Austin,2021,7,Police,10.78
Greater Grand Crossing,2022,12,Medical,7.94
Roseland,2022,11,Police,13.97
North Lawndale,2019,8,Medical,12.65
West Ridge,2023,3,Fire,9.78
Logan Square,2023,6,Police,5.66
Lincoln Square,2024,12,Police,11.02
Hyde Park,2019,4,Police,6.43
Washington Park,2021,3,Medical,10.01
Roseland,2021,4,Medical,4.02
Portage Park,2023,2,Medical,7.65
Near North Side,2022,5,Police,5.57
Pullman,2019,8,Medical,9.25
Albany Park,2024,5,Medical,7.22
Washington Heights,2024,2,Fire,15.15
Logan Square,2022,7,Fire,6.9
Pullman,2021,8,Medical,8.42
Near North Side,2023,11,Fire,6.33
Greater Grand Crossing,2022,12,Police,10.23
Loop,2021,4,Medical,6.35
Lincoln Square,2021,3,Medical,9.11
Near North Side,2024,8,Police,5.23
Rogers Park,2021,10,Police,13.16
Logan Square,2022,2,Medical,3.69
Douglas,2020,7,Police,17.65
Near South Side,2023,10,Police,9.5
Douglas,2021,8,Fire,9.49
South Shore,2022,5,Medical,9.47
Jefferson Park,2024,7,Medical,10.32
Hyde Park,2019,12,Medical,7.72
Jefferson Park,2024,9,Medical,16.78
West Town,2023,8,Medical,8.19
Albany Park,2019,5,Police,8.76
Kenwood,2019,4,Medical,9.05
Edison Park,2024,3,Fire,8.59
Kenwood,2022,6,Police,11.68
Austin,2024,4,Police,8.71
Hyde Park,2020,11,Medical,6.56
Woodlawn,2022,4,Police,14.05
Auburn Gresham,2022,7,Police,7.48
Lincoln Square,2023,10,Police,8.77
Kenwood,2022,5,Police,6.1
Near West Side,2023,1,Police,10.49
Greater Grand Crossing,2021,5,Medical,9.85
Washington Heights,2023,6,Medical,8.09
Albany Park,2022,1,Police,7.82
Washington Park,2021,3,Police,8.27
North Lawndale,2021,6,Medical,7.15
Near West Side,2020,7,Medical,8.4
Greater Grand Crossing,2024,7,Medical,6.93
Albany Park,2022,7,Police,8.51
Riverdale,2019,9,Medical,9.73
Lake View,2024,2,Medical,7.03
West Englewood,2022,3,Police,17.28
Englewood,2019,7,Medical,12.17
Riverdale,2024,6,Police,11.9
Near South Side,2020,1,Medical,9.07
West Garfield Park,2022,10,Medical,13.77
Douglas,2024,7,Fire,8.44
Auburn Gresham,2020,2,Fire,9.0
West Town,2019,4,Medical,9.51
West Englewood,2023,7,Medical,8.51
South Shore,2022,4,Police,10.03
Near North Side,2021,6,Police,6.0
West Pullman,2021,11,Fire,11.51
Portage Park,2020,9,Medical,14.65
Albany Park,2023,5,Police,10.08
Jefferson Park,2021,3,Medical,5.15
Humboldt Park,2021,6,Police,15.91
Logan Square,2022,4,Medical,7.95
Washington Park,2021,9,Medical,10.58
West Ridge,2019,2,Fire,14.52
West Englewood,2020,10,Medical,9.13
Near North Side,2024,5,Medical,6.04
Near South Side,2021,9,Medical,7.95
North Lawndale,2022,10,Police,13.04
Uptown,2024,7,Police,8.76
Washington Heights,2019,5,Police,7.59
Morgan Park,2024,8,Police,13.42
Portage Park,2021,2,Medical,12.44
Washington Heights,2020,4,Police,11.52
Kenwood,2020,6,Police,11.55
Near West Side,2020,7,Police,10.73
Lincoln Square,2021,11,Medical,8.92
Hyde Park,2019,8,Medical,10.16
Beverly,2023,4,Medical,6.58
West Pullman,2024,9,Medical,8.51
Washington Heights,2020,7,Medical,5.08
Greater Grand Crossing,2019,2,Police,13.48
Mount Greenwood,2022,9,Medical,6.1
Auburn Gresham,2022,7,Police,10.81
Riverdale,2019,5,Medical,14.65
Greater Grand Crossing,2022,3,Police,11.58
Uptown,2022,9,Medical,7.11
Jefferson Park,2020,7,Medical,7.12
Edison Park,2021,3,Medical,9.37
Riverdale,2021,5,Medical,9.52
Lincoln Park,2021,3,Medical,5.08
Morgan Park,2021,3,Police,12.64
Washington Heights,2019,12,Medical,7.62
Lincoln Square,2020,7,Fire,8.56
Logan Square,2019,9,Medical,2.97
West Ridge,2024,5,Medical,10.94
Lake View,2024,12,Police,3.16
Woodlawn,2022,11,Police,8.52
West Pullman,2020,4,Police,8.87
Near South Side,2023,4,Police,10.43
Edison Park,2021,3,Medical,4.93
Beverly,2024,8,Medical,9.49
Edison Park,2024,10,Police,4.79
Uptown,2022,12,Police,11.24
Uptown,2021,1,Police,12.06
Douglas,2021,3,Medical,6.89
Lincoln Park,2021,2,Medical,9.38
West Ridge,2024,12,Medical,9.59
Grand Boulevard,2023,11,Police,10.54
West Ridge,2022,11,Police,9.93
Beverly,2021,12,Police,7.68
West Garfield Park,2021,7,Medical,8.38
West Englewood,2020,6,Medical,11.64
Englewood,2021,1,Fire,13.01
Grand Boulevard,2020,3,Police,10.34
Roseland,2022,11,Medical,7.31
Edison Park,2022,4,Medical,7.63
Douglas,2022,10,Medical,5.4
Greater Grand Crossing,2020,11,Police,9.31
Lake View,2024,7,Police,7.47
Logan Square,2024,3,Police,7.96
Chatham,2023,4,Medical,14.03
Pullman,2023,11,Medical,6.46
Austin,2024,7,Medical,9.15
Roseland,2024,4,Medical,11.26
Austin,2021,9,Police,9.54
Irving Park,2022,12,Police,9.5
West Garfield Park,2024,6,Police,11.96
Austin,2019,2,Medical,9.09
Irving Park,2024,11,Medical,8.19
Edison Park,2021,1,Fire,8.57
Loop,2024,8,Police,3.96
Uptown,2023,11,Police,8.85
Austin,2023,3,Fire,8.79
Roseland,2022,7,Police,7.69
Grand Boulevard,2020,4,Fire,5.45
South Shore,2021,3,Police,11.6
Mount Greenwood,2020,9,Medical,3.78
Lake View,2023,6,Fire,4.3
Loop,2022,6,Police,5.32
Mount Greenwood,2023,6,Medical,7.33
Rogers Park,2022,3,Police,7.04
Roseland,2024,6,Police,9.1
Near South Side,2019,4,Fire,8.2
Loop,2020,2,Medical,4.88
Lincoln Park,2021,3,Police,3.32
Douglas,2022,4,Medical,5.5
North Lawndale,2024,11,Fire,7.77
Edison Park,2024,1,Police,2.84
Washington Heights,2019,7,Fire,9.05
West Pullman,2024,12,Medical,7.7
Riverdale,2024,5,Police,14.3
Austin,2019,12,Police,8.68
Irving Park,2020,11,Fire,7.32
Beverly,2024,9,Police,7.5
Englewood,2022,6,Police,11.56
Humboldt Park,2021,8,Fire,8.68
Greater Grand Crossing,2021,9,Medical,7.02
Riverdale,2021,6,Medical,10.15
Grand Boulevard,2023,7,Police,8.46
West Ridge,2023,6,Fire,10.66
Morgan Park,2022,6,Police,12.21
Near South Side,2024,2,Police,5.6
West Ridge,2024,5,Medical,9.33
Woodlawn,2021,6,Police,12.01
Jefferson Park,2019,10,Medical,14.56
Rogers Park,2024,5,Police,12.58
Portage Park,2021,4,Medical,11.64
Uptown,2022,12,Medical,9.14
Grand Boulevard,2021,6,Fire,9.46
Hyde Park,2020,6,Police,5.48
Lincoln Square,2021,8,Police,12.3
North Lawndale,2024,8,Medical,11.73
Lincoln Park,2024,10,Medical,3.32
West Englewood,2019,1,Fire,7.75
Douglas,2022,2,Medical,7.59
West Town,2022,11,Police,11.25
Douglas,2019,1,Police,7.59
Auburn Gresham,2022,10,Police,10.19
Irving Park,2021,7,Fire,9.49
Beverly,2022,8,Medical,7.63
North Lawndale,2021,3,Medical,8.78
West Englewood,2022,3,Medical,9.76
Roseland,2024,7,Police,8.89
Kenwood,2021,8,Fire,7.91
Roseland,2021,6,Fire,7.12
Humboldt Park,2024,8,Fire,12.44
Lincoln Park,2019,2,Police,2.85
Uptown,2019,7,Police,10.85
Austin,2024,12,Police,11.86
Near North Side,2023,5,Fire,7.14
Humboldt Park,2019,6,Medical,11.16
Jefferson Park,2021,7,Medical,8.34
West Town,2021,9,Medical,6.33
Near South Side,2022,7,Medical,9.01
West Englewood,2022,12,Medical,10.57
West Ridge,2023,11,Medical,5.19
Woodlawn,2021,1,Medical,10.62
West Ridge,2023,5,Medical,6.31
West Englewood,2021,11,Medical,16.5
North Lawndale,2019,11,Police,11.66
Humboldt Park,2022,11,Medical,8.2
Loop,2024,4,Police,6.81
North Lawndale,2024,8,Medical,7.7
Albany Park,2023,7,Medical,6.06
Washington Park,2020,4,Police,5.84
West Ridge,2024,11,Fire,7.26
Washington Park,2021,3,Police,13.64
Riverdale,2019,6,Medical,10.0
Greater Grand Crossing,2020,8,Medical,12.59
Pullman,2019,3,Medical,6.8
Humboldt Park,2019,5,Medical,13.7
Rogers Park,2021,10,Police,12.38
Austin,2019,1,Fire,11.45
Uptown,2023,10,Medical,5.45
West Englewood,2020,12,Fire,11.67
Morgan Park,2019,10,Police,11.57
Lincoln Park,2024,8,Medical,3.2
Washington Park,2024,7,Medical,9.96
Logan Square,2019,8,Medical,4.75
Englewood,2022,2,Medical,11.94
Edison Park,2022,7,Fire,10.03
Near South Side,2023,4,Police,9.88
Englewood,2024,2,Police,10.04
Lincoln Square,2022,9,Police,6.9
Washington Park,2019,5,Fire,8.66
West Town,2024,7,Medical,9.34
Lincoln Square,2019,4,Medical,13.06
Irving Park,2020,10,Medical,8.67
West Pullman,2024,11,Police,7.84
West Pullman,2022,11,Medical,10.51
South Shore,2021,4,Fire,10.24
Logan Square,2022,3,Police,8.9
Pullman,2019,1,Medical,8.01
Humboldt Park,2020,2,Medical,8.78
Loop,2022,9,Medical,12.84
North Lawndale,2020,1,Medical,9.61
Chatham,2022,5,Medical,15.18
Lincoln Park,2023,2,Medical,2.66
West Pullman,2019,4,Medical,10.48
Chatham,2019,11,Medical,6.93
West Ridge,2021,7,Medical,11.55
Grand Boulevard,2019,5,Police,10.05
Near West Side,2021,1,Fire,12.84
Pullman,2019,3,Fire,11.52
Lake View,2022,10,Medical,2.5
Near West Side,2022,9,Fire,7.65
Englewood,2023,1,Medical,11.28
Albany Park,2022,10,Medical,5.72
Washington Park,2020,4,Police,9.6
West Ridge,2022,5,Fire,4.57
Portage Park,2021,10,Police,12.43
Pullman,2024,3,Police,8.86
West Town,2023,3,Police,12.4
Jefferson Park,2024,1,Medical,10.28
Grand Boulevard,2024,6,Police,7.42
Near West Side,2020,12,Medical,5.95
Jefferson Park,2020,4,Police,9.28
West Englewood,2019,8,Police,10.98
Near South Side,2021,6,Police,8.24
Jefferson Park,2024,3,Fire,8.49
South Shore,2022,12,Medical,10.28
Near North Side,2022,7,Police,3.91
Austin,2019,3,Medical,10.56
Austin,2022,9,Medical,10.33
Riverdale,2020,8,Police,11.68
Lincoln Square,2022,3,Medical,6.19
Lincoln Square,2024,11,Police,8.92
Washington Heights,2022,2,Medical,11.29
Mount Greenwood,2020,3,Police,8.8
West Garfield Park,2021,4,Fire,21.74
Auburn Gresham,2024,3,Police,8.84
Washington Heights,2021,9,Police,9.99
Chatham,2020,12,Police,9.5
Greater Grand Crossing,2020,11,Medical,8.13
Beverly,2024,10,Police,6.71
Washington Heights,2023,2,Police,11.58
Auburn Gresham,2023,8,Medical,11.5
West Englewood,2022,7,Medical,9.71
Near North Side,2024,1,Police,2.48
Woodlawn,2024,6,Medical,8.52
South Shore,2022,6,Medical,8.4
Douglas,2023,9,Medical,8.06
Humboldt Park,2022,12,Medical,9.52
Near North Side,2021,10,Police,6.58
Auburn Gresham,2021,11,Police,11.88
Douglas,2019,8,Police,11.46
Lake View,2023,7,Medical,4.94
West Ridge,2021,7,Fire,6.41
Woodlawn,2019,5,Police,18.32
Near South Side,2020,2,Fire,4.82
Beverly,2024,10,Police,4.84
West Town,2021,12,Police,9.7
Near South Side,2019,5,Medical,4.89
Albany Park,2022,1,Police,7.75
Grand Boulevard,2024,11,Medical,9.89
Washington Heights,2019,10,Police,10.86
Lake View,2021,6,Medical,7.38
Rogers Park,2022,2,Police,10.3
Logan Square,2022,12,Medical,9.81
Near South Side,2019,1,Medical,11.55
Hyde Park,2019,1,Medical,6.16
Near South Side,2021,1,Police,4.73
North Lawndale,2022,4,Medical,18.36
Auburn Gresham,2023,12,Medical,7.69
West Pullman,2019,5,Fire,6.4
Greater Grand Crossing,2023,5,Police,8.73
West Garfield Park,2023,11,Police,10.43
West Englewood,2022,1,Medical,6.82
Portage Park,2021,12,Medical,8.63
Near South Side,2023,11,Medical,14.98
Hyde Park,2021,6,Medical,4.18
Lincoln Square,2019,3,Police,12.54
Englewood,2022,4,Police,11.39
North Lawndale,2020,5,Fire,9.41
Mount Greenwood,2022,12,Medical,5.41
West Englewood,2020,4,Medical,8.73
Morgan Park,2024,4,Medical,8.7
Chatham,2019,10,Medical,9.6
Chatham,2021,1,Fire,6.15
Beverly,2019,2,Police,11.47
Near South Side,2022,2,Medical,4.21
Logan Square,2020,2,Medical,7.2
Morgan Park,2024,10,Police,3.79
West Garfield Park,2020,1,Medical,8.5
Jefferson Park,2022,10,Police,9.09
Morgan Park,2022,8,Fire,7.53
Rogers Park,2019,1,Medical,8.44
West Ridge,2023,8,Medical,7.06
Chatham,2020,1,Fire,11.0
Riverdale,2022,10,Medical,7.61
Albany Park,2019,3,Police,8.75
Mount Greenwood,2023,9,Medical,9.46
Near South Side,2021,8,Police,7.65
South Shore,2022,2,Police,10.3
Portage Park,2023,4,Medical,8.05
Englewood,2021,8,Police,10.97
Edison Park,2024,12,Medical,5.17
Douglas,2021,9,Medical,10.08
Edison Park,2019,7,Police,7.44
West Town,2020,1,Police,10.18
West Garfield Park,2022,8,Fire,11.2
Grand Boulevard,2023,12,Medical,8.04
Kenwood,2024,1,Fire,9.91
Near West Side,2024,9,Fire,8.63
Lake View,2021,8,Police,10.39
West Pullman,2024,4,Police,9.41
Rogers Park,2020,10,Police,9.96
Grand Boulevard,2021,12,Police,13.38
Auburn Gresham,2022,11,Fire,6.78
Edison Park,2022,4,Fire,5.42
Logan Square,2024,4,Fire,9.7
Edison Park,2019,6,Medical,6.65
Grand Boulevard,2022,2,Fire,4.43
Rogers Park,2022,4,Fire,11.4
Kenwood,2022,4,Medical,10.49
West Englewood,2020,8,Police,7.82
Kenwood,2023,2,Medical,6.1
West Garfield Park,2023,8,Fire,8.44
Lake View,2024,12,Police,7.76
Loop,2022,10,Medical,4.24
Near South Side,2023,11,Police,8.53
Mount Greenwood,2024,2,Medical,6.31
Pullman,2022,9,Police,8.95
Greater Grand Crossing,2023,9,Medical,11.99
Portage Park,2023,6,Police,7.03
West Town,2024,10,Fire,11.04
Near West Side,2021,12,Medical,7.8
Near North Side,2024,5,Police,5.61
South Shore,2020,7,Police,7.34
Lake View,2021,8,Fire,4.18
Lake View,2021,8,Fire,1.91
Roseland,2023,3,Police,12.91
West Pullman,2019,3,Police,7.36
Edison Park,2019,5,Police,7.8
Albany Park,2020,5,Fire,8.27
Beverly,2022,2,Medical,4.34
West Pullman,2023,5,Medical,5.41
South Shore,2020,1,Medical,8.36
West Garfield Park,2021,11,Medical,11.17
Pullman,2023,7,Fire,8.67
Edison Park,2021,11,Medical,5.66
Mount Greenwood,2020,7,Fire,5.87
Washington Park,2019,1,Medical,9.0
Jefferson Park,2020,3,Fire,11.35
West Ridge,2024,8,Medical,5.31
West Town,2023,11,Medical,6.96
Uptown,2023,9,Fire,12.44
Greater Grand Crossing,2022,3,Police,11.67
Lincoln Square,2019,6,Fire,9.17
Humboldt Park,2023,6,Police,9.55
Morgan Park,2019,6,Medical,4.4
Morgan Park,2023,5,Medical,17.06
Washington Park,2019,6,Police,13.74
Albany Park,2024,6,Police,8.27
Near South Side,2020,10,Fire,8.88
Greater Grand Crossing,2019,6,Medical,7.55
Irving Park,2021,8,Medical,7.81
Woodlawn,2024,11,Medical,9.64
Mount Greenwood,2020,6,Fire,7.74
West Ridge,2023,12,Police,12.53
Logan Square,2023,3,Police,15.25
West Pullman,2022,7,Police,6.92
Pullman,2024,6,Fire,8.01
Austin,2021,11,Medical,7.35
West Pullman,2024,9,Fire,10.99
West Pullman,2022,4,Police,8.88
Englewood,2024,1,Fire,16.95
Portage Park,2020,6,Fire,10.43
Albany Park,2022,9,Medical,6.85
West Town,2020,8,Police,14.52
West Garfield Park,2022,2,Police,11.12
Mount Greenwood,2019,3,Police,6.17
North Lawndale,2020,8,Police,10.82
Jefferson Park,2020,12,Police,10.82
Washington Park,2019,11,Fire,8.46
Mount Greenwood,2019,9,Police,9.18
Humboldt Park,2021,8,Fire,14.36
Washington Park,2019,10,Fire,11.48
Douglas,2022,1,Police,13.17
Roseland,2019,3,Medical,11.7
Loop,2019,11,Medical,6.56
Near South Side,2020,8,Police,7.2
West Pullman,2020,1,Medical,15.74
Near South Side,2024,12,Medical,16.27
West Englewood,2019,7,Police,12.38
West Pullman,2021,4,Medical,5.27
Roseland,2020,12,Medical,13.57
Washington Heights,2022,7,Medical,15.88
Irving Park,2024,4,Medical,8.28
Morgan Park,2022,8,Medical,5.26
North Lawndale,2019,12,Police,11.93
Near South Side,2019,6,Medical,8.35
Logan Square,2021,10,Police,7.01
Near South Side,2019,10,Fire,8.56
Edison Park,2024,8,Medical,7.34
Mount Greenwood,2023,12,Police,8.01
Near North Side,2023,1,Fire,2.83
Grand Boulevard,2019,9,Police,9.14
West Pullman,2024,11,Police,8.52
Portage Park,2023,12,Medical,7.28
Douglas,2022,9,Police,10.78
Douglas,2024,6,Medical,6.33
Washington Park,2024,9,Medical,6.22
Douglas,2019,6,Police,9.62
South Shore,2022,6,Medical,9.55
Chatham,2022,4,Fire,9.15
Logan Square,2023,3,Medical,5.72
North Lawndale,2021,3,Fire,11.25
West Ridge,2022,2,Police,12.57
Chatham,2023,4,Medical,9.07
Near South Side,2021,9,Medical,9.42
West Town,2024,7,Police,9.64
Woodlawn,2023,3,Medical,8.66
Pullman,2023,8,Medical,8.68
West Town,2019,9,Fire,3.52
Grand Boulevard,2024,1,Medical,2.68
Kenwood,2024,12,Medical,8.01
Logan Square,2020,1,Police,14.24
Douglas,2021,9,Medical,7.04
Auburn Gresham,2023,9,Police,11.82
Riverdale,2022,7,Police,8.75
Uptown,2022,3,Medical,9.01
Near West Side,2020,4,Fire,10.74
Grand Boulevard,2021,7,Police,8.04
Chatham,2019,9,Police,10.63
Roseland,2021,8,Police,11.53
Washington Heights,2022,8,Fire,9.62
Washington Park,2022,1,Police,12.23
Auburn Gresham,2019,6,Medical,8.83
Edison Park,2019,6,Police,8.61
Austin,2022,5,Police,11.81
Edison Park,2023,11,Medical,8.13
Rogers Park,2023,1,Medical,10.81
Lake View,2019,3,Medical,4.42
Uptown,2024,12,Fire,7.9
Rogers Park,2023,4,Medical,8.83
Lincoln Square,2019,10,Police,10.59
Mount Greenwood,2021,7,Fire,3.76
West Englewood,2021,5,Medical,9.68
West Pullman,2021,2,Fire,7.8
Englewood,2019,3,Police,10.82
Washington Park,2019,1,Medical,10.62
Albany Park,2023,6,Medical,7.65
Near South Side,2023,8,Medical,10.29
Washington Heights,2023,4,Police,6.22
Woodlawn,2020,2,Police,13.6
Woodlawn,2019,12,Fire,11.09
West Ridge,2024,4,Police,8.99
Morgan Park,2021,10,Medical,6.51
Logan Square,2021,4,Police,6.23
Jefferson Park,2020,5,Medical,6.36
Greater Grand Crossing,2020,3,Medical,8.08
Douglas,2021,9,Medical,9.43
Hyde Park,2019,7,Police,5.44
Irving Park,2021,9,Medical,7.58
West Garfield Park,2021,7,Medical,10.24
Humboldt Park,2024,12,Fire,15.2
Humboldt Park,2020,10,Police,9.28
Englewood,2020,4,Medical,13.64
Loop,2023,5,Police,4.81
Portage Park,2020,7,Medical,6.2
Austin,2024,6,Fire,8.68
Pullman,2024,9,Medical,8.2
Lincoln Park,2021,3,Police,5.45
Near West Side,2024,8,Police,8.0
Auburn Gresham,2023,11,Medical,11.62
Lincoln Square,2021,10,Police,7.5
Lincoln Square,2019,11,Police,12.1
Loop,2019,4,Police,6.54
Albany Park,2020,9,Medical,7.24
Kenwood,2023,1,Police,9.36
West Englewood,2024,5,Police,11.6
Hyde Park,2022,12,Police,5.51
Auburn Gresham,2019,4,Medical,9.33
Beverly,2024,5,Medical,8.42
Near South Side,2019,6,Police,9.09
Mount Greenwood,2019,1,Medical,10.62
Washington Heights,2019,8,Medical,11.06
Near South Side,2020,12,Medical,5.56
Albany Park,2023,11,Medical,4.42
Beverly,2019,3,Fire,10.05
Lincoln Square,2024,7,Police,9.29
Loop,2024,7,Medical,4.05
West Garfield Park,2020,9,Police,11.02
Near North Side,2023,11,Fire,2.7
Lincoln Square,2023,11,Police,7.56
Chatham,2022,7,Police,11.4
Humboldt Park,2021,12,Medical,12.0
Uptown,2019,8,Police,11.1
Kenwood,2020,4,Police,4.71
Auburn Gresham,2023,10,Medical,8.77
Austin,2022,4,Fire,6.24
Lincoln Square,2021,10,Fire,9.42
Kenwood,2023,8,Police,9.23
Englewood,2023,4,Medical,10.81
Roseland,2019,4,Fire,12.13
North Lawndale,2021,10,Medical,11.0
Near West Side,2021,3,Medical,5.88
Pullman,2020,12,Medical,7.51
Near West Side,2022,3,Medical,8.07
Near West Side,2024,11,Medical,9.4
Douglas,2020,4,Medical,10.14
Kenwood,2022,12,Police,8.28
Irving Park,2020,2,Medical,7.87
Roseland,2022,12,Medical,11.26
Beverly,2024,3,Medical,3.77
Pullman,2019,11,Medical,5.91
Greater Grand Crossing,2022,12,Police,10.06
Near West Side,2024,2,Medical,11.65
Greater Grand Crossing,2020,11,Medical,10.72
Roseland,2021,6,Medical,9.91
Riverdale,2023,3,Police,12.45
North Lawndale,2024,2,Medical,14.61
South Shore,2024,9,Medical,10.92
Portage Park,2024,8,Police,6.46
Riverdale,2022,5,Police,13.56
West Garfield Park,2022,9,Police,9.84
Lincoln Park,2021,5,Police,2.88
Lincoln Square,2019,5,Fire,8.53
Loop,2020,11,Medical,6.52
Woodlawn,2019,11,Medical,8.94
West Town,2022,4,Police,10.51
Lincoln Park,2022,12,Medical,1.97
Humboldt Park,2024,3,Fire,12.32
Portage Park,2024,10,Fire,6.76
Washington Heights,2019,9,Police,11.33
Jefferson Park,2020,4,Medical,11.32
Hyde Park,2022,7,Police,6.13
Austin,2022,5,Police,13.55
Lake View,2019,7,Medical,4.17
Albany Park,2023,12,Medical,8.17
Uptown,2024,8,Police,7.81
Logan Square,2021,8,Medical,10.41
Roseland,2022,10,Fire,10.42
Lincoln Park,2020,6,Police,4.31
West Garfield Park,2023,5,Police,10.35
Near West Side,2019,11,Medical,8.27
West Englewood,2019,2,Fire,9.28
Hyde Park,2020,12,Medical,3.8
Lake View,2024,8,Medical,5.91
Chatham,2024,5,Medical,10.17
Auburn Gresham,2023,8,Medical,9.42
Loop,2020,6,Medical,6.23
Near South Side,2022,8,Medical,8.55
Albany Park,2023,1,Police,9.9
Lake View,2021,9,Fire,4.79
Greater Grand Crossing,2021,9,Medical,10.08
Lincoln Park,2020,3,Police,11.7
Hyde Park,2021,5,Fire,7.94
Lincoln Square,2020,12,Police,9.41
Washington Heights,2022,7,Police,10.9
Washington Heights,2024,8,Fire,9.26
West Englewood,2022,7,Medical,7.34
Rogers Park,2020,3,Medical,7.22
Kenwood,2022,7,Medical,11.5
Greater Grand Crossing,2021,1,Medical,5.95
Lincoln Park,2022,5,Medical,5.69
Morgan Park,2021,9,Police,15.99
Pullman,2024,2,Police,11.05
Loop,2024,3,Police,8.24
Kenwood,2021,9,Medical,6.56
Washington Park,2019,3,Medical,6.61
Greater Grand Crossing,2022,8,Police,10.11
Near South Side,2022,6,Police,11.47
Roseland,2020,7,Medical,7.88
Kenwood,2020,5,Medical,11.87
Roseland,2023,10,Medical,6.23
Douglas,2021,12,Medical,7.41
South Shore,2024,7,Fire,8.74
Near North Side,2024,10,Medical,4.9
West Englewood,2019,11,Medical,9.54
South Shore,2021,10,Fire,9.91
Humboldt Park,2022,3,Fire,8.09
Albany Park,2023,11,Police,15.07
Austin,2021,5,Medical,12.85
Austin,2023,6,Medical,7.97
Pullman,2021,9,Police,6.63
Washington Park,2022,4,Police,9.06
Logan Square,2022,8,Fire,10.2
Lincoln Park,2021,8,Police,4.79
Jefferson Park,2024,10,Medical,8.71
Greater Grand Crossing,2024,6,Police,12.38
Loop,2019,12,Fire,7.88
North Lawndale,2022,8,Police,13.76
Near South Side,2020,12,Police,10.27
Lincoln Square,2019,5,Police,8.77
Riverdale,2021,1,Police,11.07
Woodlawn,2019,4,Medical,12.33
Near North Side,2020,11,Police,6.58
Lincoln Park,2022,6,Police,3.16
West Town,2022,9,Medical,6.02
North Lawndale,2024,4,Police,8.59
West Pullman,2022,6,Police,5.91
Portage Park,2024,10,Medical,9.11
Loop,2020,11,Fire,7.52
Kenwood,2019,5,Medical,8.42
West Town,2021,9,Medical,15.78
Near North Side,2021,10,Police,10.35
Near South Side,2019,6,Medical,9.63
Hyde Park,2022,3,Medical,9.78
Humboldt Park,2024,2,Police,10.58
Auburn Gresham,2021,3,Fire,8.93
Near South Side,2022,6,Fire,9.75
North Lawndale,2023,10,Medical,10.05
Lake View,2023,8,Police,9.28
Uptown,2021,8,Medical,8.48
Grand Boulevard,2019,12,Police,10.89
Hyde Park,2019,5,Police,9.38
Auburn Gresham,2019,1,Fire,13.1
Kenwood,2022,1,Police,7.72
Near West Side,2023,12,Fire,7.09
Washington Park,2022,7,Medical,7.22
Near South Side,2020,2,Medical,8.58
Irving Park,2020,4,Fire,14.14
Morgan Park,2021,10,Medical,7.28
Riverdale,2020,5,Medical,9.74
Lincoln Square,2019,8,Medical,10.02
Near North Side,2021,10,Police,5.4
Douglas,2023,9,Fire,10.23
Riverdale,2024,1,Fire,10.74
West Garfield Park,2023,9,Medical,14.61
Kenwood,2020,5,Police,12.0
Englewood,2020,4,Medical,5.83
South Shore,2023,10,Police,9.18
Morgan Park,2020,5,Fire,11.08
Washington Heights,2020,9,Medical,4.34
Douglas,2022,8,Medical,9.12
West Garfield Park,2024,10,Police,10.2
Englewood,2024,12,Medical,7.5
Lincoln Park,2023,5,Medical,3.01
Lincoln Park,2023,11,Police,2.07
Englewood,2020,10,Medical,10.23
Rogers Park,2019,5,Police,9.55
Albany Park,2022,1,Fire,9.8
Near South Side,2019,9,Police,8.23
Lake View,2020,3,Medical,8.4
West Ridge,2023,1,Medical,5.51
Douglas,2019,5,Fire,8.46
West Ridge,2024,10,Medical,11.4
Albany Park,2021,3,Police,5.64
Englewood,2019,6,Police,10.04
Austin,2023,7,Medical,12.62
Washington Heights,2024,11,Police,10.73
Douglas,2020,4,Police,7.43
Irving Park,2019,4,Medical,5.41
Kenwood,2020,2,Medical,7.38
Mount Greenwood,2022,2,Police,7.45
Beverly,2021,7,Police,7.4
Albany Park,2023,11,Police,6.4
West Englewood,2023,5,Police,10.37
West Pullman,2020,5,Police,7.42
Near North Side,2021,12,Fire,5.35
Near South Side,2024,2,Police,6.54
Loop,2023,7,Medical,6.6
Hyde Park,2019,2,Police,12.79
Lincoln Square,2023,12,Police,7.39
Douglas,2019,5,Fire,7.74
West Town,2023,5,Police,8.17
Mount Greenwood,2019,3,Police,4.38
Near South Side,2022,2,Medical,5.09
West Town,2020,3,Medical,8.61
Douglas,2024,11,Police,8.52
South Shore,2024,5,Medical,12.12
Humboldt Park,2022,12,Fire,8.74
Woodlawn,2024,6,Medical,12.77
Morgan Park,2019,4,Fire,6.93
Mount Greenwood,2024,7,Police,7.63
South Shore,2020,2,Medical,7.58
Hyde Park,2021,6,Medical,7.39
West Ridge,2019,9,Medical,6.56
Washington Park,2024,10,Police,6.55
Uptown,2023,5,Medical,6.22
Edison Park,2023,4,Medical,6.9
Riverdale,2021,9,Medical,9.45
West Englewood,2022,6,Fire,10.41
Lincoln Park,2019,12,Fire,3.23
Washington Heights,2023,4,Police,9.21
Grand Boulevard,2020,1,Medical,10.96
Washington Park,2021,9,Police,11.62
Near West Side,2022,10,Police,8.05
Lake View,2022,3,Medical,2.58
Portage Park,2020,6,Medical,11.22
Irving Park,2024,1,Medical,10.73
Albany Park,2020,6,Medical,9.38
Edison Park,2024,3,Police,5.36
Kenwood,2021,3,Medical,7.89
South Shore,2020,11,Police,11.89
Morgan Park,2023,7,Medical,8.13
Greater Grand Crossing,2022,11,Police,10.26
Auburn Gresham,2024,9,Medical,7.28
Near South Side,2020,6,Police,9.08
Edison Park,2019,12,Fire,6.43
Jefferson Park,2020,1,Fire,5.46
West Town,2024,9,Fire,14.36
Mount Greenwood,2022,5,Police,7.35
North Lawndale,2023,2,Fire,12.6
Loop,2020,3,Medical,2.44
Lincoln Park,2023,11,Police,2.44
Irving Park,2019,5,Fire,8.99
West Ridge,2024,12,Medical,7.11
Near North Side,2022,2,Fire,4.4
Austin,2021,12,Medical,15.13
Uptown,2022,12,Police,8.12
Uptown,2024,3,Police,13.13
Woodlawn,2021,8,Fire,9.1
Mount Greenwood,2021,6,Police,4.41
Beverly,2022,12,Medical,5.57
Riverdale,2024,2,Medical,14.0
South Shore,2021,2,Medical,10.29
Rogers Park,2024,1,Police,12.01
Edison Park,2023,7,Medical,8.88
Auburn Gresham,2019,6,Medical,8.46
West Pullman,2020,6,Fire,9.69
Auburn Gresham,2024,5,Medical,9.01
Lincoln Square,2024,3,Fire,8.37
Roseland,2021,8,Police,12.95
Lincoln Park,2024,3,Medical,1.95
Near West Side,2024,5,Police,9.75
West Pullman,2021,8,Medical,7.65
Jefferson Park,2022,12,Police,4.9
Irving Park,2024,3,Police,6.74
Portage Park,2023,5,Medical,6.32
Austin,2020,11,Medical,12.01
Rogers Park,2024,6,Police,14.98
Near South Side,2021,1,Police,12.73
Roseland,2023,2,Medical,9.18
Logan Square,2020,7,Fire,9.61
Englewood,2022,9,Police,11.97
Lincoln Square,2024,10,Police,15.31
South Shore,2021,4,Police,17.66
Beverly,2022,5,Medical,11.3
Pullman,2024,12,Medical,4.26
Woodlawn,2022,4,Medical,8.52
Lake View,2021,11,Medical,4.73
Washington Park,2023,3,Police,7.42
Uptown,2023,10,Medical,9.13
Riverdale,2022,2,Medical,11.24
Lincoln Square,2022,3,Police,5.96
Washington Park,2024,2,Police,12.15
Loop,2019,8,Police,5.62
Englewood,2020,1,Medical,12.14
Hyde Park,2024,5,Medical,4.78
Lake View,2022,1,Fire,4.07
West Englewood,2022,5,Fire,9.66
South Shore,2020,3,Medical,7.69
Chatham,2021,9,Medical,6.6
Jefferson Park,2023,12,Medical,9.28
Beverly,2021,1,Medical,8.56
Lincoln Park,2020,10,Medical,4.06
Near West Side,2020,1,Fire,7.39
Portage Park,2019,8,Medical,8.11
West Ridge,2024,3,Medical,7.43
Jefferson Park,2024,11,Medical,7.12
Near South Side,2024,7,Police,11.48
Kenwood,2024,10,Fire,9.32
Englewood,2019,5,Police,7.23
Douglas,2023,2,Medical,4.19
Uptown,2024,11,Medical,9.8
Irving Park,2022,7,Police,9.01
South Shore,2020,7,Medical,11.88
Roseland,2019,3,Medical,9.32
Hyde Park,2021,6,Medical,8.68
Near South Side,2024,5,Medical,7.32
South Shore,2019,1,Fire,10.66
Hyde Park,2021,1,Medical,5.45
Riverdale,2019,2,Medical,7.8
Near South Side,2021,7,Fire,5.08
West Englewood,2019,3,Fire,10.9
Englewood,2019,9,Medical,9.7
Morgan Park,2024,3,Medical,7.72
North Lawndale,2023,10,Police,8.31
Portage Park,2022,4,Police,11.23
Grand Boulevard,2020,11,Medical,8.51
Douglas,2022,8,Police,10.22
West Garfield Park,2023,4,Medical,8.95
Lake View,2024,7,Fire,4.78
Portage Park,2021,11,Fire,9.22
Roseland,2022,5,Medical,9.71
West Town,2020,6,Fire,7.95
Woodlawn,2024,8,Fire,11.29
West Englewood,2020,4,Police,12.5
Riverdale,2021,6,Police,13.12
Loop,2020,10,Medical,5.29
Austin,2023,2,Medical,5.97
Englewood,2022,9,Medical,10.21
West Ridge,2020,12,Police,8.92
West Englewood,2022,9,Fire,9.26
Mount Greenwood,2019,12,Police,10.98
South Shore,2022,10,Medical,12.39
Washington Heights,2021,10,Medical,6.93
Lincoln Park,2023,6,Medical,5.22
Jefferson Park,2024,6,Medical,7.96
Loop,2020,10,Medical,5.16
Rogers Park,2024,7,Fire,5.84
Edison Park,2023,4,Medical,3.69
Grand Boulevard,2022,7,Police,9.72
Uptown,2020,10,Police,7.48
Lincoln Square,2023,1,Medical,13.16
Washington Park,2021,7,Police,11.62
Beverly,2019,12,Medical,8.66
West Town,2019,1,Medical,9.29
Near South Side,2021,11,Medical,7.75
West Englewood,2024,8,Medical,11.43
Humboldt Park,2019,10,Police,9.64
Greater Grand Crossing,2021,6,Medical,7.92
Irving Park,2022,1,Police,10.39
West Garfield Park,2024,11,Police,10.86
Washington Heights,2024,12,Medical,7.72
Jefferson Park,2021,1,Medical,7.19
West Englewood,2019,12,Medical,12.47
Logan Square,2022,4,Fire,9.31
West Town,2024,7,Medical,10.77
North Lawndale,2021,5,Medical,7.21
Riverdale,2021,5,Police,14.19
Lincoln Park,2024,8,Police,5.87
Woodlawn,2024,2,Medical,9.85
Grand Boulevard,2022,4,Fire,9.1
Woodlawn,2024,4,Medical,5.88
Englewood,2020,11,Police,12.07
Beverly,2019,8,Medical,3.86
Humboldt Park,2024,6,Police,8.34
Greater Grand Crossing,2020,10,Police,10.53
Edison Park,2022,9,Fire,5.35
West Englewood,2022,10,Police,7.41
Near West Side,2023,9,Medical,10.72
Roseland,2023,4,Fire,8.18
Humboldt Park,2022,10,Fire,6.69
Loop,2023,7,Medical,3.82
Washington Park,2021,3,Medical,8.68
Mount Greenwood,2020,6,Police,6.06
Kenwood,2022,1,Fire,6.66
Humboldt Park,2021,5,Medical,7.36
Hyde Park,2019,6,Police,12.35
Beverly,2019,12,Police,4.29
Grand Boulevard,2023,12,Medical,5.29
Douglas,2023,12,Medical,7.28
Near West Side,2021,5,Police,8.04
Uptown,2019,7,Medical,7.21
Near West Side,2024,12,Fire,6.71
Jefferson Park,2022,4,Police,7.11
South Shore,2024,5,Medical,14.93
Loop,2020,4,Police,7.57
Near North Side,2023,9,Police,4.62
Humboldt Park,2021,2,Police,9.69
Jefferson Park,2024,1,Police,9.06
Near West Side,2023,4,Medical,9.06
Humboldt Park,2021,12,Police,7.41
Beverly,2019,12,Fire,7.14
Greater Grand Crossing,2023,12,Medical,10.04
Mount Greenwood,2024,6,Medical,9.91
West Garfield Park,2021,10,Fire,6.88
Roseland,2021,8,Fire,15.2
Jefferson Park,2024,4,Police,10.15
Riverdale,2023,1,Fire,15.65
Washington Park,2020,9,Fire,9.18
Humboldt Park,2022,3,Police,9.17
Portage Park,2019,6,Fire,9.33
West Englewood,2024,10,Police,8.88
Morgan Park,2024,8,Police,10.31
Humboldt Park,2023,11,Police,8.59
Roseland,2023,5,Fire,9.17
Morgan Park,2020,11,Police,10.76
Lincoln Square,2019,7,Police,12.07
Lincoln Square,2023,11,Police,10.43
South Shore,2020,11,Police,7.13
Edison Park,2024,10,Police,4.56
West Ridge,2022,9,Medical,13.53
Morgan Park,2021,1,Police,13.12
Douglas,2022,11,Medical,7.77
Morgan Park,2022,8,Police,9.73
Austin,2022,2,Medical,11.87
Chatham,2022,1,Medical,12.34
Roseland,2021,4,Medical,9.46
Irving Park,2024,6,Medical,9.13
West Englewood,2019,8,Medical,8.48
Portage Park,2019,1,Fire,7.86
Near South Side,2024,1,Medical,7.8
Near South Side,2020,10,Police,12.91
Lake View,2020,2,Medical,4.66
Loop,2023,9,Police,5.1
Auburn Gresham,2022,12,Police,9.9
Uptown,2022,4,Medical,9.64
Riverdale,2021,7,Medical,8.74
Jefferson Park,2022,3,Police,7.17
Jefferson Park,2021,11,Police,11.13
Lincoln Square,2023,1,Fire,10.97
West Englewood,2020,1,Police,10.66
West Garfield Park,2020,9,Medical,8.59
Englewood,2023,4,Fire,12.71
Kenwood,2023,11,Police,9.54
West Pullman,2024,3,Police,7.27
Rogers Park,2022,5,Fire,11.18
Edison Park,2020,1,Medical,11.68
Grand Boulevard,2019,3,Police,10.58
Mount Greenwood,2023,4,Fire,8.9
Irving Park,2020,12,Police,6.85
Irving Park,2020,6,Police,6.74
West Town,2021,9,Medical,7.96
Morgan Park,2020,3,Medical,7.93
Near West Side,2023,4,Medical,6.01
Hyde Park,2022,5,Medical,5.3
Chatham,2020,8,Fire,10.01
Douglas,2019,9,Police,7.75
Mount Greenwood,2023,3,Medical,10.78
Near South Side,2022,3,Police,14.42
Beverly,2024,7,Police,6.31
Loop,2022,9,Medical,3.25
Chatham,2023,1,Medical,11.81
Lincoln Square,2024,1,Medical,7.79
Near North Side,2022,12,Medical,3.15
South Shore,2019,2,Police,13.23
South Shore,2020,6,Police,12.62
Lincoln Square,2023,3,Police,7.4
Douglas,2020,12,Medical,8.12
Irving Park,2020,8,Police,9.36
Uptown,2022,5,Fire,9.96
Douglas,2023,3,Medical,11.71
West Ridge,2020,8,Medical,4.04
Kenwood,2021,8,Fire,11.86
Englewood,2019,2,Police,11.1
Woodlawn,2024,5,Police,14.11
Morgan Park,2022,3,Police,14.65
Rogers Park,2023,7,Medical,10.15
Edison Park,2023,2,Police,8.39
Grand Boulevard,2022,9,Police,15.86
Beverly,2020,2,Police,6.94
Lincoln Park,2022,11,Medical,1.96
Douglas,2023,2,Police,9.26
Washington Park,2021,6,Medical,8.44
North Lawndale,2020,3,Police,10.17
West Garfield Park,2024,3,Police,12.4
Irving Park,2022,10,Police,10.75
Lincoln Park,2023,2,Police,7.99
Hyde Park,2024,5,Medical,6.43
Woodlawn,2023,12,Police,14.96
Edison Park,2023,11,Medical,8.9
Near West Side,2021,5,Medical,8.37
Rogers Park,2020,7,Medical,8.62
Chatham,2022,8,Police,13.43
West Englewood,2020,8,Police,12.16
Mount Greenwood,2023,12,Police,8.27
Humboldt Park,2021,3,Medical,11.72
West Englewood,2024,6,Fire,9.87
Loop,2021,12,Medical,3.52
Logan Square,2023,5,Police,7.45
Beverly,2020,4,Medical,9.2
Edison Park,2024,10,Police,5.57
Loop,2020,6,Police,11.04
Riverdale,2021,4,Medical,11.91
Hyde Park,2024,8,Police,5.75
Washington Heights,2019,9,Fire,6.01
Near South Side,2021,1,Medical,10.27
Morgan Park,2024,12,Medical,5.82
Jefferson Park,2021,1,Police,8.24
Kenwood,2022,4,Medical,8.56
Auburn Gresham,2021,6,Medical,7.94
Morgan Park,2019,8,Police,10.64
West Garfield Park,2024,12,Fire,12.03
Kenwood,2024,12,Police,13.43
Near South Side,2021,1,Police,9.42
Washington Heights,2020,3,Medical,11.23
Morgan Park,2022,12,Medical,6.38
Washington Heights,2022,4,Medical,8.29
Logan Square,2021,10,Police,14.97
Portage Park,2022,2,Medical,6.53
Near West Side,2022,9,Police,6.52
Portage Park,2021,3,Police,8.49
Logan Square,2019,4,Medical,10.95
Rogers Park,2024,4,Police,8.97
Mount Greenwood,2021,1,Medical,6.2
Near West Side,2020,5,Medical,9.21
Irving Park,2023,5,Medical,6.26
Edison Park,2019,2,Police,6.19
Edison Park,2021,1,Police,11.07
Irving Park,2019,5,Medical,5.13
Riverdale,2023,5,Police,12.13
Hyde Park,2022,7,Police,10.7
Washington Heights,2022,11,Medical,9.31
South Shore,2023,10,Police,13.32
Lake View,2022,10,Medical,2.32
Edison Park,2019,2,Medical,2.6
Washington Park,2022,12,Police,8.98
Woodlawn,2023,8,Fire,8.35
Grand Boulevard,2023,5,Medical,10.64
Roseland,2024,5,Medical,8.54
Grand Boulevard,2023,9,Medical,10.58
Loop,2020,2,Police,5.76
North Lawndale,2019,10,Police,11.15
North Lawndale,2023,11,Fire,9.88
West Ridge,2024,2,Medical,5.17
Lincoln Square,2019,5,Police,8.28
Roseland,2024,1,Police,12.52
Riverdale,2020,11,Medical,11.43
Greater Grand Crossing,2019,5,Police,8.66
North Lawndale,2021,5,Fire,14.59
Auburn Gresham,2020,8,Police,7.84
Near West Side,2020,6,Fire,15.24
South Shore,2022,11,Police,7.42
Mount Greenwood,2023,6,Fire,6.54
Loop,2020,5,Medical,10.6
Riverdale,2019,5,Medical,8.26
Irving Park,2021,8,Police,12.46
West Town,2019,1,Fire,8.8
Morgan Park,2019,9,Medical,7.7
Washington Heights,2021,6,Police,7.77
West Ridge,2024,9,Police,11.02
Chatham,2022,2,Police,8.93
Morgan Park,2023,3,Police,7.36
Albany Park,2020,1,Fire,10.84
West Ridge,2023,5,Police,9.59
Portage Park,2022,2,Police,4.59
Logan Square,2024,11,Fire,6.96
Albany Park,2021,1,Police,10.98
Humboldt Park,2023,9,Fire,16.74
North Lawndale,2019,11,Police,9.65
Jefferson Park,2020,9,Medical,5.37
Washington Heights,2020,6,Medical,5.26
South Shore,2024,11,Police,10.42
Uptown,2022,11,Medical,10.74
Loop,2022,8,Police,6.94
Lincoln Park,2021,11,Police,7.18
Woodlawn,2022,12,Medical,12.27
West Ridge,2023,9,Medical,8.08
Chatham,2020,5,Medical,8.29
Beverly,2021,2,Medical,6.15
Uptown,2022,4,Medical,11.15
Austin,2019,3,Police,10.96
Roseland,2020,10,Medical,11.75
Mount Greenwood,2021,7,Medical,5.55
West Ridge,2020,10,Medical,5.96
West Garfield Park,2023,10,Medical,16.15
Morgan Park,2024,10,Medical,7.23
Irving Park,2022,8,Police,10.28
West Englewood,2024,5,Medical,8.66
Rogers Park,2022,2,Police,15.18
West Town,2022,12,Police,6.57
Hyde Park,2019,9,Police,4.37
Auburn Gresham,2023,1,Medical,10.86
Near South Side,2019,5,Medical,6.21
Pullman,2023,12,Medical,8.33
Washington Park,2023,12,Fire,5.93
Grand Boulevard,2023,3,Medical,10.51
Kenwood,2022,8,Fire,6.93
Beverly,2022,8,Fire,4.33
South Shore,2022,12,Police,15.12
Near South Side,2019,12,Police,12.22
North Lawndale,2021,1,Medical,11.86
Greater Grand Crossing,2024,4,Medical,9.11
West Englewood,2023,12,Medical,9.14
Jefferson Park,2019,10,Medical,7.88
Beverly,2022,8,Medical,5.33
Roseland,2024,9,Medical,11.92
Englewood,2022,9,Police,11.67
West Pullman,2021,2,Police,12.72
Uptown,2022,9,Police,12.42
Uptown,2023,8,Police,12.06
South Shore,2020,11,Police,7.59
West Town,2024,11,Medical,16.78
Morgan Park,2022,9,Medical,3.94
Grand Boulevard,2021,9,Medical,5.25
Mount Greenwood,2024,3,Police,2.96
Portage Park,2020,5,Police,8.98
West Pullman,2024,11,Medical,8.03
Greater Grand Crossing,2023,3,Police,13.65
Riverdale,2023,6,Medical,12.04
Kenwood,2023,10,Police,12.43
Washington Heights,2021,5,Police,6.52
Englewood,2020,2,Medical,18.04
South Shore,2023,3,Police,11.53
Auburn Gresham,2022,7,Fire,13.44
Near North Side,2020,10,Police,8.39
Lincoln Square,2023,10,Medical,7.83
Auburn Gresham,2020,12,Police,10.62
Rogers Park,2024,5,Police,12.23
Rogers Park,2022,3,Medical,10.62
Loop,2019,4,Police,5.17
Near West Side,2023,6,Fire,9.02
Chatham,2022,8,Medical,5.66
Albany Park,2021,12,Medical,7.36
North Lawndale,2024,7,Medical,7.31
South Shore,2023,12,Police,8.23
West Englewood,2019,3,Medical,9.73
Pullman,2024,2,Fire,9.79
Woodlawn,2022,3,Medical,6.78
Portage Park,2024,5,Police,14.1
Beverly,2022,7,Medical,8.36
Lake View,2020,8,Police,2.74
Edison Park,2023,6,Police,10.81
Englewood,2019,2,Medical,8.32
Irving Park,2021,11,Police,8.72
Beverly,2020,2,Fire,8.78
Rogers Park,2023,10,Medical,9.68
Pullman,2019,11,Police,7.2
Lincoln Square,2020,5,Police,7.11
Lake View,2019,11,Police,3.64
Roseland,2024,5,Fire,12.16
Kenwood,2019,1,Medical,5.31
Uptown,2020,1,Police,7.99
Portage Park,2020,9,Medical,9.9
Lincoln Square,2023,7,Police,11.58
Hyde Park,2020,8,Medical,7.95
Woodlawn,2024,12,Police,16.71
Woodlawn,2023,5,Police,8.06
Lincoln Park,2019,3,Medical,3.77
West Town,2020,3,Fire,7.0
Roseland,2023,12,Police,16.55
Auburn Gresham,2023,3,Police,10.21
Auburn Gresham,2021,1,Police,13.49
Auburn Gresham,2023,11,Medical,11.63
West Englewood,2023,11,Fire,8.54
Grand Boulevard,2021,3,Fire,3.33
Lincoln Park,2022,2,Fire,5.41
Lincoln Square,2024,8,Police,9.73
North Lawndale,2020,10,Medical,8.16
Jefferson Park,2021,10,Police,14.95
Chatham,2023,6,Fire,10.18
Logan Square,2023,5,Fire,10.43
West Garfield Park,2020,1,Medical,9.31
West Pullman,2024,2,Fire,6.11
Douglas,2019,2,Police,11.88
Lincoln Square,2021,7,Fire,9.69
Lake View,2022,12,Police,2.44
Auburn Gresham,2020,7,Medical,11.37
Morgan Park,2020,6,Medical,8.4
Logan Square,2021,8,Medical,15.47
Englewood,2023,4,Police,8.45
Douglas,2023,9,Police,14.35
Grand Boulevard,2022,8,Police,8.61
Uptown,2021,3,Medical,6.3
Englewood,2020,3,Fire,14.14
West Pullman,2021,12,Medical,8.5
Near South Side,2019,12,Police,11.55
Near South Side,2020,9,Medical,13.62
Portage Park,2022,9,Police,8.41
Washington Heights,2022,11,Medical,11.63
Lincoln Square,2020,5,Medical,7.91
Rogers Park,2023,10,Police,10.25
South Shore,2020,1,Medical,6.97
Kenwood,2020,3,Medical,9.19
West Englewood,2019,11,Police,15.24
Logan Square,2020,5,Medical,7.86
Englewood,2024,4,Medical,9.83
Portage Park,2024,4,Police,10.86
Greater Grand Crossing,2021,1,Police,13.32
West Garfield Park,2021,6,Police,13.73
West Englewood,2022,12,Medical,8.14
North Lawndale,2023,10,Police,13.73
Mount Greenwood,2022,11,Fire,7.33
Douglas,2019,4,Police,12.36
Kenwood,2020,1,Medical,7.41
Near West Side,2022,10,Medical,6.92
Auburn Gresham,2020,6,Police,10.15
Washington Heights,2022,5,Police,12.15
Near South Side,2020,5,Medical,7.43
Edison Park,2022,2,Medical,3.65
South Shore,2024,1,Police,13.88
Lake View,2024,7,Medical,8.39
West Garfield Park,2024,5,Medical,7.94
Auburn Gresham,2021,3,Medical,12.64
Greater Grand Crossing,2019,6,Medical,9.9
Near West Side,2022,3,Medical,6.31
Woodlawn,2021,6,Police,8.93
Englewood,2023,6,Medical,12.58
Portage Park,2022,9,Medical,8.47
Irving Park,2020,8,Medical,9.76
Near South Side,2019,1,Medical,10.55
Portage Park,2021,7,Medical,8.24
Washington Heights,2021,11,Police,15.71
South Shore,2019,9,Medical,11.13
Lake View,2022,2,Police,4.02
West Garfield Park,2020,9,Police,10.15
Loop,2023,6,Police,7.97
Morgan Park,2022,3,Medical,10.22
Irving Park,2019,8,Medical,10.3
Lincoln Park,2022,7,Medical,7.13
West Garfield Park,2022,12,Police,10.92
Near West Side,2019,8,Medical,5.28
Hyde Park,2019,8,Fire,10.97
West Pullman,2023,7,Police,11.04
Lincoln Park,2019,1,Fire,4.7
Greater Grand Crossing,2019,10,Medical,12.63
Beverly,2019,10,Medical,8.67
Portage Park,2021,10,Police,12.73
Riverdale,2019,8,Medical,8.12
Kenwood,2019,5,Medical,7.26
Grand Boulevard,2019,2,Medical,12.92
West Town,2023,2,Police,9.4
Woodlawn,2022,2,Medical,8.63
Portage Park,2019,9,Fire,7.37
West Garfield Park,2019,5,Police,12.22
Humboldt Park,2023,3,Police,16.95
Woodlawn,2022,6,Police,12.3
North Lawndale,2023,9,Police,12.56
South Shore,2024,11,Medical,10.73
Lincoln Square,2020,9,Medical,5.87
Near North Side,2020,9,Medical,4.99
West Englewood,2020,11,Police,16.01
Jefferson Park,2019,10,Medical,9.0
Edison Park,2023,11,Medical,10.03
West Garfield Park,2019,4,Medical,8.86
West Garfield Park,2020,5,Medical,11.92
Riverdale,2022,12,Medical,8.08
West Pullman,2022,1,Medical,8.36
Edison Park,2024,11,Medical,5.92
Near West Side,2023,10,Fire,7.72
Beverly,2024,6,Police,9.62
Uptown,2022,2,Medical,9.6
Lake View,2020,7,Police,6.72
Logan Square,2024,4,Medical,5.4
Pullman,2024,4,Medical,9.74
Austin,2024,9,Medical,10.26
West Pullman,2023,1,Medical,8.42
Douglas,2023,6,Police,7.27
Chatham,2020,2,Fire,9.6
Douglas,2020,6,Police,11.24
Uptown,2020,7,Medical,12.01
Albany Park,2024,3,Police,10.15
Near South Side,2020,4,Medical,8.35
Austin,2023,2,Police,9.48
Irving Park,2022,7,Fire,8.43
West Ridge,2020,9,Police,11.75
Morgan Park,2021,5,Medical,9.94
Kenwood,2023,11,Fire,10.54
West Englewood,2019,5,Police,14.2
Roseland,2022,9,Fire,10.41
Roseland,2023,8,Fire,9.66
West Englewood,2020,1,Police,8.74
Near West Side,2024,2,Medical,9.58
Edison Park,2021,7,Fire,6.77
Hyde Park,2019,3,Police,8.39
Mount Greenwood,2022,6,Police,5.37
Near North Side,2020,1,Medical,1.86
Roseland,2023,8,Police,11.79
Near North Side,2023,2,Medical,4.98
Uptown,2022,1,Police,12.91
Rogers Park,2021,2,Medical,8.28
Greater Grand Crossing,2024,8,Fire,12.64
Washington Park,2020,10,Medical,9.6
Auburn Gresham,2022,5,Police,8.54
Rogers Park,2022,12,Medical,11.73
West Town,2023,9,Police,9.67
Auburn Gresham,2022,12,Fire,9.38
Logan Square,2019,3,Police,6.24
Mount Greenwood,2019,8,Police,7.98
Edison Park,2020,4,Police,8.6
Lake View,2022,7,Police,7.08
Jefferson Park,2023,10,Medical,4.81
Rogers Park,2024,10,Fire,12.14
Greater Grand Crossing,2020,8,Police,13.14
West Englewood,2021,3,Police,10.53
West Ridge,2023,3,Medical,13.61
Mount Greenwood,2021,1,Medical,5.48
Grand Boulevard,2020,8,Police,10.83
Jefferson Park,2019,2,Police,6.66
Englewood,2023,7,Medical,13.02
Humboldt Park,2024,11,Medical,6.8
Lincoln Square,2023,7,Police,8.32
Roseland,2020,7,Medical,15.34
Pullman,2023,4,Police,9.89
Beverly,2023,7,Police,7.32
Portage Park,2020,10,Police,6.19
West Englewood,2022,11,Police,9.57
Edison Park,2020,8,Fire,4.91
Uptown,2023,9,Medical,8.73
Humboldt Park,2024,7,Fire,10.57
Logan Square,2024,6,Police,11.05
West Pullman,2020,5,Medical,11.15
Englewood,2023,10,Medical,9.76
Near West Side,2021,10,Police,8.9
Beverly,2021,7,Medical,7.93
Austin,2019,10,Police,11.31
West Ridge,2020,2,Medical,8.83
Mount Greenwood,2020,5,Medical,7.65
West Garfield Park,2021,8,Fire,11.3
Englewood,2021,6,Medical,12.42
Austin,2021,6,Police,9.18
Beverly,2024,1,Police,9.67
West Ridge,2024,2,Medical,5.47
West Ridge,2019,3,Police,10.19
Hyde Park,2019,7,Police,10.02
Logan Square,2022,12,Medical,7.76
Pullman,2024,10,Medical,5.85
Englewood,2020,6,Police,8.64
Washington Heights,2019,5,Medical,5.34
Uptown,2023,9,Fire,4.63
Edison Park,2020,10,Medical,7.05
Grand Boulevard,2022,7,Police,8.8
Humboldt Park,2021,9,Medical,8.68
Woodlawn,2022,11,Medical,9.86
Chatham,2020,11,Medical,4.76
Washington Heights,2021,3,Medical,6.52
Washington Heights,2022,11,Medical,11.91
Rogers Park,2022,8,Fire,11.32
West Garfield Park,2020,12,Police,12.19
Morgan Park,2019,9,Medical,5.87
Roseland,2023,2,Medical,8.83
Logan Square,2022,4,Police,4.24
Near South Side,2023,2,Fire,9.35
Near West Side,2024,7,Fire,10.98
Near West Side,2024,4,Fire,7.05
Washington Park,2020,12,Police,8.71
Douglas,2020,6,Medical,7.28
Pullman,2019,8,Police,9.25
West Garfield Park,2021,6,Police,10.4
Grand Boulevard,2023,4,Medical,6.66
West Pullman,2022,6,Medical,5.77
Albany Park,2021,1,Police,8.79
Albany Park,2024,6,Medical,8.4
Greater Grand Crossing,2024,11,Fire,9.36
Edison Park,2023,10,Police,6.25
Loop,2023,11,Medical,3.48
West Pullman,2021,8,Fire,9.76
Humboldt Park,2021,4,Medical,8.61
South Shore,2019,9,Medical,8.8
Kenwood,2022,6,Fire,9.83
West Town,2022,6,Medical,5.75
Douglas,2022,4,Medical,6.74
Roseland,2024,8,Medical,8.57
Lincoln Square,2024,5,Medical,6.2
Logan Square,2021,12,Medical,7.7
Grand Boulevard,2019,1,Medical,4.14
Edison Park,2020,7,Fire,9.21
North Lawndale,2019,8,Medical,9.24
Irving Park,2024,6,Police,9.65
Pullman,2021,7,Fire,6.21
Humboldt Park,2019,12,Medical,9.62
Englewood,2021,7,Medical,9.32
North Lawndale,2023,4,Police,9.7
Englewood,2023,4,Medical,9.15
Portage Park,2020,12,Police,12.85
Morgan Park,2024,1,Medical,13.7
Irving Park,2023,2,Medical,8.08
West Town,2020,3,Medical,8.85
Pullman,2022,5,Fire,10.69
Chatham,2021,10,Fire,12.63
Hyde Park,2022,9,Police,7.91
North Lawndale,2022,5,Police,10.8
West Pullman,2020,6,Fire,6.76
Douglas,2021,7,Police,7.76
Beverly,2020,4,Medical,4.41
West Garfield Park,2019,8,Medical,10.04
Grand Boulevard,2022,11,Police,12.05
Kenwood,2021,6,Fire,5.44
Edison Park,2022,11,Fire,6.04
Morgan Park,2019,1,Fire,9.36
Lincoln Park,2024,6,Medical,2.74
Lake View,2019,2,Medical,3.46
Chatham,2024,4,Medical,9.77
South Shore,2021,11,Medical,10.94
Portage Park,2021,4,Medical,6.8
Rogers Park,2019,10,Medical,16.72
Near West Side,2022,10,Police,8.36
Jefferson Park,2023,5,Medical,7.23
Woodlawn,2022,10,Fire,8.79
Englewood,2023,12,Medical,10.27
Lincoln Square,2020,2,Medical,6.76
Greater Grand Crossing,2021,6,Police,8.25
North Lawndale,2019,11,Medical,7.52
West Town,2020,3,Police,11.16
Logan Square,2022,9,Police,7.12
Near West Side,2023,6,Police,7.82
Lincoln Park,2024,3,Police,6.61
Irving Park,2021,3,Police,11.96
Auburn Gresham,2023,5,Medical,10.74
West Garfield Park,2022,6,Police,8.58
Grand Boulevard,2022,4,Fire,7.33
Hyde Park,2019,12,Medical,6.51
Chatham,2020,5,Medical,18.06
Riverdale,2021,3,Medical,8.67
Woodlawn,2019,10,Police,13.54
Washington Park,2023,4,Police,15.13
Albany Park,2020,8,Medical,7.55
Grand Boulevard,2021,8,Medical,9.34
Near South Side,2023,1,Medical,10.93
Near South Side,2021,4,Medical,8.37
Logan Square,2021,2,Medical,7.89
Auburn Gresham,2024,4,Medical,11.64
Riverdale,2024,5,Police,9.13
Kenwood,2020,1,Medical,7.86
Portage Park,2024,12,Medical,8.57
West Garfield Park,2023,5,Police,9.93
Lincoln Square,2024,7,Medical,10.42
Washington Park,2019,5,Police,12.94
Roseland,2019,7,Medical,10.32
Jefferson Park,2019,9,Fire,5.73
Near South Side,2021,8,Medical,9.41
Loop,2022,1,Police,3.0
Near West Side,2020,10,Fire,5.53
Near West Side,2019,10,Fire,10.27
Irving Park,2020,2,Medical,7.26
Auburn Gresham,2024,6,Fire,8.8
West Garfield Park,2021,5,Police,10.85
Auburn Gresham,2020,1,Medical,13.08
Washington Heights,2019,2,Police,5.17
South Shore,2019,3,Medical,11.8
Morgan Park,2021,10,Medical,9.65
West Englewood,2021,5,Police,11.66
North Lawndale,2023,7,Fire,8.33
Humboldt Park,2021,6,Police,13.33
West Englewood,2022,3,Police,9.6
Morgan Park,2022,6,Police,9.17
Near North Side,2019,4,Police,6.49
Morgan Park,2024,3,Fire,5.85
Logan Square,2021,4,Medical,6.27
North Lawndale,2022,11,Medical,9.1
Auburn Gresham,2022,8,Fire,9.58
Logan Square,2023,1,Fire,9.21
Greater Grand Crossing,2024,3,Police,7.5
Pullman,2024,10,Fire,12.32
West Ridge,2021,12,Medical,6.38
Austin,2023,8,Police,12.35
Jefferson Park,2024,12,Medical,6.71
Jefferson Park,2024,10,Medical,7.27
Beverly,2020,9,Police,9.58
Portage Park,2023,3,Medical,10.99
Douglas,2024,9,Police,8.99
Riverdale,2020,10,Medical,11.41
Greater Grand Crossing,2020,11,Fire,14.46
Grand Boulevard,2024,10,Police,9.82
Englewood,2021,4,Police,11.16
Jefferson Park,2020,12,Police,7.29
Kenwood,2020,4,Medical,6.4
Edison Park,2023,12,Police,8.41
Near North Side,2021,7,Medical,3.48
Greater Grand Crossing,2021,6,Police,10.24
North Lawndale,2020,10,Police,11.99
Uptown,2023,3,Police,14.06
South Shore,2023,8,Medical,9.91
Lincoln Park,2023,12,Medical,5.18
Near South Side,2023,5,Medical,10.26
South Shore,2019,2,Medical,6.88
Mount Greenwood,2024,10,Fire,8.48
Rogers Park,2020,3,Medical,8.53
Greater Grand Crossing,2020,7,Medical,6.48
Near South Side,2020,10,Police,12.38
West Englewood,2021,9,Police,14.75
Logan Square,2021,1,Police,9.13
Albany Park,2023,12,Medical,9.39
Albany Park,2024,6,Medical,9.89
Logan Square,2021,11,Medical,5.47
Auburn Gresham,2022,9,Police,8.31
Beverly,2020,7,Police,5.64
Kenwood,2020,3,Fire,10.23
West Ridge,2019,7,Fire,7.24
Douglas,2019,12,Police,15.36
West Garfield Park,2022,2,Medical,12.14
Greater Grand Crossing,2019,10,Medical,9.11
Humboldt Park,2024,2,Medical,8.09
Albany Park,2023,1,Fire,11.23
West Englewood,2023,3,Police,8.41
Washington Park,2020,1,Police,13.5
Uptown,2023,8,Medical,6.72
Beverly,2019,11,Medical,7.43
West Garfield Park,2022,8,Medical,10.34
Irving Park,2024,4,Police,9.57
Kenwood,2023,1,Medical,12.28
Chatham,2020,2,Police,9.38
Washington Park,2020,2,Medical,7.37
Greater Grand Crossing,2024,2,Police,5.55
Hyde Park,2019,9,Police,4.53
Beverly,2023,7,Police,9.93
Rogers Park,2019,9,Police,10.38
Loop,2020,10,Medical,5.26
South Shore,2022,10,Police,8.64
Austin,2023,2,Police,12.15
West Garfield Park,2022,5,Police,9.02
Mount Greenwood,2024,1,Fire,10.36
South Shore,2023,2,Medical,12.82
Irving Park,2020,4,Police,6.45
Woodlawn,2023,10,Medical,9.65
Roseland,2020,1,Police,11.91
Morgan Park,2021,12,Medical,6.01
Englewood,2020,8,Medical,13.97
Auburn Gresham,2020,6,Fire,8.8
Lincoln Park,2024,1,Police,2.17
Near North Side,2023,9,Police,6.9
West Pullman,2022,1,Police,9.5
West Pullman,2020,11,Medical,6.23
Washington Park,2023,4,Medical,8.27
Riverdale,2020,5,Medical,10.09
Near North Side,2019,11,Medical,4.91
Irving Park,2019,9,Medical,7.11
Austin,2019,12,Medical,8.67
Austin,2019,2,Medical,7.63
Greater Grand Crossing,2022,12,Police,8.4
Logan Square,2024,9,Police,9.49
Near North Side,2020,12,Medical,2.85
Greater Grand Crossing,2019,1,Medical,9.03
Jefferson Park,2023,4,Medical,12.74
West Pullman,2019,11,Medical,8.97
Portage Park,2021,7,Medical,10.68
Edison Park,2021,4,Medical,7.36
Riverdale,2024,8,Medical,7.78
Grand Boulevard,2022,7,Police,8.16
Washington Park,2021,6,Medical,6.11
Edison Park,2023,5,Medical,8.62
Douglas,2019,10,Medical,12.23
Lincoln Square,2021,3,Medical,6.45
Mount Greenwood,2021,8,Medical,4.07
Uptown,2022,4,Medical,8.42
Chatham,2021,8,Medical,7.21
Morgan Park,2019,1,Fire,6.52
Chatham,2024,11,Fire,8.71
Englewood,2024,2,Medical,13.6
Englewood,2024,2,Police,12.22
South Shore,2020,12,Medical,12.01
Logan Square,2019,6,Police,8.04
West Town,2021,5,Medical,5.56
Grand Boulevard,2021,10,Medical,9.64
Hyde Park,2021,10,Medical,7.28
Lincoln Square,2022,7,Medical,11.14
Hyde Park,2023,2,Police,7.39
Mount Greenwood,2019,9,Medical,7.74
Jefferson Park,2024,2,Fire,9.09
Lake View,2021,1,Police,10.37
West Pullman,2020,2,Medical,7.29
Loop,2022,11,Medical,8.25
Portage Park,2023,3,Police,14.51
West Town,2021,6,Medical,7.76
West Pullman,2024,7,Police,11.69
South Shore,2019,11,Fire,9.73
Douglas,2020,6,Police,10.86
Morgan Park,2024,1,Police,12.08
West Garfield Park,2022,9,Police,11.72
Hyde Park,2019,12,Police,5.59
Near North Side,2019,8,Fire,6.94
Hyde Park,2022,12,Medical,3.55
Washington Park,2019,2,Police,9.07
Albany Park,2020,1,Medical,5.43
Near West Side,2020,7,Police,10.66
Portage Park,2019,3,Police,7.29
Logan Square,2021,3,Police,5.59
Edison Park,2019,11,Medical,7.1
Mount Greenwood,2021,10,Medical,9.38
Lincoln Square,2019,9,Police,14.81
Pullman,2024,2,Police,8.09
South Shore,2023,5,Police,10.78
Portage Park,2020,4,Police,11.07
Rogers Park,2019,1,Police,12.03
Beverly,2020,6,Medical,6.85
Kenwood,2022,6,Police,11.08
Pullman,2023,11,Medical,10.83
Morgan Park,2021,1,Medical,8.19
Hyde Park,2022,7,Police,9.44
Lake View,2023,6,Police,2.39
Loop,2022,4,Medical,3.31
Morgan Park,2020,7,Medical,8.76
Portage Park,2024,3,Police,8.37
Riverdale,2023,10,Police,12.14
Beverly,2022,11,Medical,7.74
Woodlawn,2021,6,Police,9.02
Englewood,2023,6,Fire,12.31
West Town,2023,10,Medical,8.65
West Pullman,2022,6,Police,6.95
Near South Side,2024,3,Fire,9.08
Lake View,2019,10,Police,5.43
Lincoln Park,2021,5,Fire,4.8
Beverly,2021,1,Police,7.3
Douglas,2022,6,Fire,9.34
North Lawndale,2024,7,Fire,9.61
Humboldt Park,2020,5,Police,10.46
Albany Park,2020,5,Medical,8.88
Logan Square,2019,6,Police,5.43
Pullman,2019,7,Medical,10.32
Roseland,2022,4,Medical,13.67
Uptown,2024,7,Police,7.83
Roseland,2020,5,Medical,10.83
Lincoln Park,2021,7,Police,5.78
Chatham,2024,1,Police,12.05
Edison Park,2020,10,Police,4.41
Riverdale,2024,12,Medical,12.06
West Garfield Park,2022,2,Police,8.8
Portage Park,2020,2,Police,15.08
Logan Square,2023,7,Medical,11.67
Portage Park,2022,9,Medical,4.67
Pullman,2023,7,Medical,11.08
South Shore,2024,12,Medical,10.68
Lincoln Park,2022,6,Police,2.75
Morgan Park,2021,3,Police,7.5
Austin,2022,5,Fire,11.28
Lincoln Square,2022,10,Medical,9.19
West Englewood,2022,2,Medical,9.17
Hyde Park,2022,9,Fire,8.9
Irving Park,2019,6,Police,6.88
Portage Park,2023,9,Police,8.54
Auburn Gresham,2022,9,Police,13.81
Washington Park,2022,12,Fire,9.42
North Lawndale,2024,7,Medical,11.6
Near West Side,2019,5,Medical,8.94
Grand Boulevard,2020,4,Police,9.05
Beverly,2024,1,Fire,7.53
North Lawndale,2024,9,Police,12.32
Hyde Park,2019,6,Police,12.0
Lincoln Park,2019,2,Police,6.42
Lincoln Square,2019,12,Medical,8.7
Chatham,2024,7,Police,11.13
Englewood,2024,12,Police,11.02
West Garfield Park,2022,6,Fire,9.7
Austin,2019,4,Police,13.36
West Ridge,2019,6,Police,16.82
Englewood,2024,11,Medical,9.92
Edison Park,2024,6,Fire,6.62
Logan Square,2019,5,Police,7.93
Edison Park,2022,1,Police,6.32
Roseland,2021,3,Fire,11.86
West Pullman,2021,7,Police,10.66
Greater Grand Crossing,2020,2,Police,12.86
Roseland,2022,10,Fire,7.64
Rogers Park,2024,10,Medical,7.67
Washington Heights,2019,1,Medical,7.85
West Garfield Park,2019,8,Police,9.06
Loop,2019,7,Police,11.84
Kenwood,2021,6,Police,10.15
Douglas,2024,10,Police,8.96
Chatham,2019,5,Medical,13.04
Douglas,2019,6,Medical,9.2
Jefferson Park,2021,1,Police,19.12
Auburn Gresham,2019,12,Fire,8.81
Albany Park,2020,9,Fire,7.05
Greater Grand Crossing,2024,1,Police,11.29
Auburn Gresham,2023,4,Medical,11.72
South Shore,2020,3,Fire,8.69
South Shore,2022,4,Medical,9.05
Near South Side,2020,1,Police,6.58
Kenwood,2020,10,Police,10.58
Mount Greenwood,2021,4,Medical,6.93
West Ridge,2022,4,Police,9.99
Edison Park,2024,3,Police,9.54
Woodlawn,2024,8,Medical,12.59
Douglas,2020,7,Medical,8.82
Auburn Gresham,2023,9,Medical,9.71
Woodlawn,2020,2,Medical,13.38
Chatham,2019,10,Police,9.63
Uptown,2021,3,Fire,7.22
Logan Square,2019,6,Police,10.84
Albany Park,2022,2,Medical,6.85
Greater Grand Crossing,2022,12,Police,8.89
Jefferson Park,2021,12,Medical,9.73
Woodlawn,2020,2,Medical,8.89
Englewood,2022,10,Police,14.53
Rogers Park,2023,2,Medical,11.04
West Pullman,2021,12,Police,9.32
Washington Park,2019,2,Police,12.85
Chatham,2023,5,Police,8.06
Near North Side,2024,12,Medical,7.05
Uptown,2021,1,Police,9.08
Loop,2023,7,Medical,2.08
Loop,2021,1,Police,6.09
Roseland,2019,1,Police,9.21
West Englewood,2020,5,Medical,21.99
West Englewood,2021,7,Police,10.53
Washington Heights,2022,3,Fire,7.3
Woodlawn,2019,7,Police,11.24
Hyde Park,2019,9,Fire,7.3
Humboldt Park,2023,11,Medical,11.3
West Garfield Park,2022,4,Medical,10.78
North Lawndale,2023,5,Medical,10.37
Chatham,2024,8,Fire,8.92
Loop,2019,9,Medical,6.13
Woodlawn,2021,5,Police,11.02
North Lawndale,2024,12,Medical,10.8
Lincoln Square,2022,5,Fire,7.51
Rogers Park,2019,2,Fire,11.44
Rogers Park,2022,9,Police,9.75
Hyde Park,2024,6,Police,6.89
Loop,2021,5,Police,6.81
Grand Boulevard,2020,5,Medical,5.43
Albany Park,2023,4,Medical,8.19
Portage Park,2023,1,Medical,5.24
Morgan Park,2024,6,Police,11.54
Morgan Park,2019,1,Police,14.89
Lake View,2019,10,Medical,4.74
Rogers Park,2021,2,Police,7.79
West Garfield Park,2019,7,Police,11.73
Douglas,2019,1,Police,13.67
Englewood,2019,8,Fire,6.92
Morgan Park,2022,8,Fire,6.6
Chatham,2022,7,Fire,9.32
Lincoln Square,2020,7,Fire,7.72
Lake View,2022,1,Medical,6.36
Portage Park,2023,3,Medical,8.4
Near South Side,2024,9,Medical,8.75
West Englewood,2020,5,Police,14.68
Irving Park,2019,5,Fire,6.6
Hyde Park,2023,7,Police,8.51
Near West Side,2020,11,Police,9.75
Near North Side,2024,10,Police,2.68
Near North Side,2020,8,Medical,4.34
Hyde Park,2023,6,Medical,9.49
Mount Greenwood,2020,5,Medical,3.42
Lake View,2023,1,Police,6.33
Near South Side,2020,10,Fire,7.49
Humboldt Park,2020,10,Medical,12.86
Lincoln Square,2020,10,Police,5.96
Grand Boulevard,2023,9,Fire,7.9
Loop,2020,6,Police,2.03
West Town,2024,3,Police,11.27
Chatham,2024,12,Police,11.52
Edison Park,2022,12,Medical,4.49
Morgan Park,2022,10,Medical,14.11
Near West Side,2022,12,Medical,7.02
Washington Heights,2022,7,Medical,7.66
South Shore,2022,4,Medical,10.37
Woodlawn,2024,3,Police,10.58
Lincoln Square,2019,12,Police,14.96
West Town,2020,7,Medical,7.66
West Englewood,2024,6,Police,13.48
Auburn Gresham,2024,11,Medical,10.04
Rogers Park,2021,4,Medical,16.16
Uptown,2019,10,Police,14.53
Kenwood,2023,8,Fire,7.92
Woodlawn,2019,2,Police,11.29
Mount Greenwood,2021,6,Police,8.1
Greater Grand Crossing,2024,3,Medical,8.04
Englewood,2019,8,Police,13.91
Chatham,2020,11,Medical,9.42
Kenwood,2022,8,Medical,6.44
Kenwood,2020,11,Medical,7.54
Lincoln Square,2019,11,Police,10.79
Uptown,2024,1,Police,11.31
Englewood,2024,2,Police,10.65
Grand Boulevard,2021,4,Medical,7.13
Grand Boulevard,2023,1,Medical,6.88
Lake View,2020,3,Medical,6.54
Pullman,2021,4,Fire,10.8
Morgan Park,2023,10,Medical,11.35
Lincoln Park,2022,3,Medical,2.11
Auburn Gresham,2020,5,Medical,9.2
Albany Park,2024,11,Medical,7.54
Mount Greenwood,2020,12,Fire,8.63
Near North Side,2024,10,Medical,6.03
Washington Heights,2024,7,Police,7.55
Beverly,2022,8,Police,7.4
Near South Side,2022,8,Police,11.04
Loop,2019,11,Police,2.94
Uptown,2023,2,Medical,12.49
Douglas,2021,1,Fire,13.35
Lincoln Square,2022,6,Medical,13.36
South Shore,2019,1,Medical,9.22
Irving Park,2023,6,Police,10.89
Beverly,2023,7,Police,10.91
Greater Grand Crossing,2020,9,Medical,9.69
Morgan Park,2019,10,Medical,7.63
Lake View,2019,10,Police,8.72
Logan Square,2020,1,Medical,8.26
Grand Boulevard,2021,7,Police,8.52
Roseland,2022,4,Police,11.33
Auburn Gresham,2024,9,Fire,10.92
Washington Park,2020,11,Police,8.83
Woodlawn,2022,4,Medical,11.52
Humboldt Park,2024,2,Medical,9.45
Greater Grand Crossing,2019,1,Police,12.11
Washington Heights,2020,7,Police,8.04
Austin,2024,12,Police,12.61
Douglas,2021,7,Medical,7.22
Near South Side,2022,3,Police,9.32
Near South Side,2022,5,Medical,5.48
Edison Park,2022,10,Police,7.3
Austin,2019,12,Police,10.87
Pullman,2024,12,Police,6.91
Albany Park,2022,7,Fire,9.04
West Pullman,2023,8,Police,9.69
Englewood,2022,12,Police,11.73
Jefferson Park,2019,9,Fire,13.0
West Garfield Park,2020,10,Fire,15.86
Portage Park,2022,10,Fire,9.77
West Pullman,2022,1,Fire,9.21
Albany Park,2020,9,Police,6.68
Douglas,2024,6,Medical,6.7
West Garfield Park,2024,6,Fire,6.9
Lincoln Square,2023,7,Fire,7.99
Washington Park,2019,9,Medical,12.83
Near South Side,2020,7,Fire,10.67
Auburn Gresham,2019,7,Fire,9.58
Beverly,2024,11,Police,5.6
Rogers Park,2020,12,Medical,7.84
Washington Park,2021,3,Police,12.78
Greater Grand Crossing,2023,10,Medical,10.76
West Garfield Park,2021,9,Police,10.0
Morgan Park,2024,4,Medical,4.6
Kenwood,2020,6,Police,12.69
West Ridge,2024,7,Fire,8.46
Mount Greenwood,2020,12,Medical,7.36
West Town,2019,12,Medical,6.44
West Pullman,2020,9,Medical,6.74
Washington Heights,2024,10,Medical,7.12
Lincoln Park,2019,12,Medical,1.85
Rogers Park,2019,3,Medical,6.6
Grand Boulevard,2020,11,Police,9.9
Washington Heights,2019,2,Medical,7.25
West Garfield Park,2024,2,Police,15.85
Englewood,2023,2,Medical,12.21
Morgan Park,2021,9,Police,10.57
Chatham,2020,8,Police,12.36
Jefferson Park,2019,9,Medical,7.55
Logan Square,2019,9,Police,15.62
Lincoln Park,2024,1,Police,5.04
Lincoln Park,2019,10,Medical,2.81
Loop,2019,10,Fire,2.57
Uptown,2023,9,Police,7.55
West Garfield Park,2020,1,Medical,8.91
Irving Park,2020,5,Fire,6.41
Rogers Park,2024,4,Police,11.89
West Garfield Park,2023,8,Police,11.62
Uptown,2023,5,Police,5.03
Hyde Park,2023,12,Medical,7.08
West Town,2020,9,Police,9.03
Greater Grand Crossing,2022,1,Medical,12.84
West Pullman,2024,8,Fire,13.07
West Pullman,2024,6,Police,10.33
Lincoln Square,2021,1,Medical,9.81
North Lawndale,2023,2,Police,11.76
Near West Side,2023,4,Fire,7.27
West Englewood,2020,5,Medical,8.88
Mount Greenwood,2024,1,Fire,6.58
Humboldt Park,2020,10,Medical,9.79
Riverdale,2021,7,Fire,10.6
Humboldt Park,2019,4,Medical,10.01
Englewood,2020,1,Police,8.25
Lincoln Square,2021,12,Medical,9.21
Kenwood,2020,6,Police,12.54
Chatham,2020,9,Medical,11.42
Near West Side,2020,9,Medical,7.46
Lincoln Park,2022,11,Medical,2.97
Riverdale,2022,4,Medical,10.93
Mount Greenwood,2023,7,Medical,6.51
Near West Side,2022,10,Police,11.52
Rogers Park,2021,1,Fire,11.18
Lake View,2020,10,Fire,5.44
Woodlawn,2022,9,Police,7.73
Austin,2024,1,Medical,11.23
Lincoln Park,2020,9,Police,3.6
Mount Greenwood,2019,6,Police,5.14
Logan Square,2023,10,Medical,7.63
West Englewood,2022,11,Police,5.86
Near West Side,2024,7,Medical,10.1
Irving Park,2024,4,Police,9.21
Austin,2020,9,Fire,11.49
Albany Park,2019,12,Medical,8.37
Washington Park,2023,6,Police,12.83
Loop,2023,12,Police,10.86
Pullman,2019,6,Police,9.62
Lincoln Square,2022,12,Medical,6.21
Grand Boulevard,2022,10,Police,10.55
West Ridge,2020,6,Police,7.68
Douglas,2021,4,Police,8.81
Auburn Gresham,2020,7,Police,7.91
Edison Park,2020,2,Police,5.12
Near North Side,2020,2,Police,3.03
Humboldt Park,2019,11,Medical,11.75
Uptown,2023,11,Fire,8.44
Austin,2023,6,Medical,6.86
Near West Side,2021,9,Fire,8.08
North Lawndale,2022,3,Police,13.19
Austin,2020,7,Police,13.03
Edison Park,2019,9,Police,4.76
Riverdale,2019,12,Medical,10.71
Irving Park,2020,9,Police,7.02
Portage Park,2019,3,Police,14.75
Lake View,2019,1,Fire,3.02
Woodlawn,2020,2,Police,11.98
Irving Park,2021,11,Police,11.59
West Garfield Park,2019,8,Police,12.6
Lincoln Park,2023,7,Medical,2.16
Riverdale,2024,1,Medical,9.15
Lake View,2023,3,Police,4.65
South Shore,2024,8,Medical,10.26
Humboldt Park,2024,7,Medical,6.46
Lake View,2023,5,Medical,7.31
Riverdale,2020,3,Fire,9.04
Morgan Park,2024,7,Medical,6.67
Near West Side,2023,5,Police,11.46
Douglas,2022,1,Police,8.28
Lake View,2019,5,Medical,4.12
West Ridge,2021,3,Police,8.1
Roseland,2024,2,Police,13.07
Washington Heights,2023,3,Police,9.76
Lincoln Square,2020,10,Fire,15.57
Riverdale,2024,4,Police,11.6
Logan Square,2021,1,Medical,7.83
Loop,2020,4,Medical,5.94
Near North Side,2021,9,Police,4.76
West Town,2021,1,Fire,9.0
Grand Boulevard,2019,11,Medical,9.8
Humboldt Park,2024,7,Police,10.79
Grand Boulevard,2024,8,Medical,5.78
Near West Side,2024,9,Medical,12.14
Chatham,2021,7,Medical,10.82
Loop,2022,9,Police,5.77
Chatham,2022,10,Fire,10.49
Kenwood,2022,3,Medical,9.98
North Lawndale,2020,1,Medical,7.59
Albany Park,2019,2,Medical,8.95
Morgan Park,2020,10,Medical,11.86
Edison Park,2024,1,Police,10.37
Hyde Park,2024,2,Fire,10.1
Chatham,2023,9,Police,12.79
Albany Park,2024,5,Fire,6.36
West Garfield Park,2022,4,Fire,12.84
West Ridge,2019,2,Police,2.71
Lincoln Park,2022,3,Police,4.76
Lake View,2019,9,Medical,8.05
South Shore,2020,3,Police,13.18
Morgan Park,2024,8,Police,11.59
Lake View,2020,12,Medical,1.97
North Lawndale,2022,1,Medical,11.62
Hyde Park,2021,12,Medical,6.44
Loop,2019,5,Medical,7.24
Morgan Park,2024,2,Police,15.89
Woodlawn,2023,4,Police,13.59
Irving Park,2021,2,Medical,8.9
Near North Side,2020,3,Police,7.74
Uptown,2019,5,Police,12.22
Albany Park,2021,2,Police,12.04
Englewood,2023,9,Fire,14.51
Washington Park,2021,8,Police,11.15
West Englewood,2023,5,Police,10.0
Austin,2020,11,Police,11.11
West Ridge,2019,1,Medical,8.19
Kenwood,2020,5,Medical,10.14
Albany Park,2019,4,Fire,12.64
Beverly,2021,9,Medical,4.37
Douglas,2020,2,Fire,10.52
Hyde Park,2019,7,Fire,7.29
Washington Heights,2024,2,Police,7.41
Woodlawn,2023,11,Police,12.8
Chatham,2019,12,Medical,12.54
Beverly,2024,3,Fire,11.29
Loop,2020,3,Police,5.09
Woodlawn,2020,10,Medical,8.42
Morgan Park,2021,8,Medical,7.16
Loop,2023,2,Fire,9.22
Near West Side,2019,1,Police,7.75
Loop,2020,6,Police,8.22
West Englewood,2019,6,Medical,9.58
West Ridge,2022,11,Medical,5.92
Roseland,2023,1,Fire,14.06
Englewood,2023,5,Police,6.83
Douglas,2024,9,Police,13.07
Uptown,2022,10,Fire,5.23
Lincoln Park,2023,11,Police,2.2
West Town,2022,10,Police,12.19
Woodlawn,2019,5,Fire,12.05
Albany Park,2022,12,Fire,15.32
Jefferson Park,2021,7,Fire,10.36
Riverdale,2024,6,Fire,9.05
West Pullman,2022,11,Police,9.76
Lincoln Park,2019,10,Medical,5.95
Morgan Park,2023,4,Fire,8.73
Greater Grand Crossing,2021,12,Medical,10.02
West Ridge,2022,2,Police,5.69
Chatham,2024,10,Medical,8.26
Lincoln Square,2024,5,Police,13.3
Rogers Park,2019,12,Police,8.45
Near West Side,2021,12,Fire,8.8
Hyde Park,2021,10,Medical,9.61
Washington Park,2021,9,Medical,8.48
Albany Park,2022,3,Medical,5.32
West Town,2019,3,Medical,6.92
Douglas,2019,12,Fire,10.1
Near South Side,2019,11,Police,10.96
Douglas,2020,7,Medical,9.81
Greater Grand Crossing,2023,10,Police,15.28
Englewood,2019,2,Fire,14.04
Roseland,2020,8,Medical,7.95
Washington Park,2020,7,Medical,9.06
South Shore,2021,8,Fire,6.96
Rogers Park,2023,10,Medical,11.5
Lincoln Square,2021,6,Police,9.64
Near North Side,2023,5,Medical,5.16
Jefferson Park,2021,11,Police,14.17
Greater Grand Crossing,2024,4,Medical,8.35
Near West Side,2022,8,Police,7.28
Rogers Park,2023,2,Medical,9.46
Albany Park,2024,6,Police,15.78
Greater Grand Crossing,2020,12,Medical,7.23
Jefferson Park,2020,10,Medical,5.96
West Pullman,2023,6,Medical,7.26
West Pullman,2021,5,Medical,11.32
Lincoln Park,2022,2,Police,3.5
Beverly,2022,5,Medical,11.9
West Garfield Park,2019,3,Medical,12.8
Albany Park,2023,7,Medical,6.78
Woodlawn,2022,7,Medical,15.78
West Englewood,2021,8,Medical,10.76
Near South Side,2021,11,Police,7.12
Washington Park,2020,12,Medical,10.81
South Shore,2022,10,Medical,8.1
West Town,2022,11,Police,16.84
Lincoln Square,2021,9,Medical,12.33
Chatham,2020,1,Medical,7.23
Jefferson Park,2022,4,Police,10.82
Woodlawn,2021,6,Fire,8.53
Hyde Park,2020,7,Police,7.41
Near West Side,2020,11,Police,10.38
South Shore,2021,5,Police,9.76
West Garfield Park,2020,6,Medical,6.21
Morgan Park,2024,1,Medical,5.47
Loop,2024,11,Police,5.24
Mount Greenwood,2020,5,Police,7.61
Washington Heights,2019,2,Medical,7.49
Grand Boulevard,2020,11,Medical,6.88
West Pullman,2022,2,Police,6.53
Riverdale,2020,1,Police,11.59
Lake View,2022,10,Police,9.25
Englewood,2021,9,Police,11.52
Mount Greenwood,2020,4,Medical,9.73
Portage Park,2021,4,Medical,8.23
Uptown,2023,9,Medical,7.65
Riverdale,2024,5,Police,10.24
Portage Park,2020,4,Police,10.15
Austin,2021,7,Police,8.87
North Lawndale,2023,5,Medical,12.29
Roseland,2022,8,Police,8.2
Albany Park,2022,3,Police,8.16
North Lawndale,2024,8,Police,14.93
Beverly,2024,11,Police,11.99
Near West Side,2022,6,Medical,8.82
Greater Grand Crossing,2022,9,Police,12.63
Logan Square,2022,6,Fire,6.44
Uptown,2019,4,Medical,12.72
Albany Park,2024,2,Police,7.54
Beverly,2021,11,Medical,5.34
Rogers Park,2023,3,Police,11.04
Woodlawn,2023,7,Medical,9.58
Edison Park,2020,10,Fire,3.21
West Garfield Park,2021,5,Medical,9.15
Jefferson Park,2024,7,Fire,10.72
Lincoln Park,2019,7,Police,4.92
Washington Park,2019,6,Medical,9.78
Washington Heights,2021,2,Police,18.04
South Shore,2022,5,Medical,8.98
Riverdale,2022,11,Police,12.77
Auburn Gresham,2021,10,Fire,8.6
Jefferson Park,2024,6,Medical,11.83
North Lawndale,2023,8,Police,12.39
Near South Side,2022,1,Police,8.87
West Ridge,2020,12,Medical,8.64
Beverly,2024,12,Police,13.12
Mount Greenwood,2024,12,Medical,7.72
Greater Grand Crossing,2019,10,Police,10.51
Auburn Gresham,2022,7,Medical,10.56
West Town,2023,5,Medical,8.41
South Shore,2024,7,Police,10.83
North Lawndale,2022,3,Police,13.59
Englewood,2022,4,Medical,11.84
Douglas,2019,2,Fire,7.33
Portage Park,2020,12,Police,10.24
Logan Square,2024,6,Fire,6.46
Lincoln Square,2020,5,Police,9.32
Douglas,2023,1,Police,8.13
Near North Side,2021,1,Police,3.3
Kenwood,2021,8,Police,7.98
Lincoln Square,2021,8,Medical,7.84
South Shore,2023,6,Police,9.98
West Town,2024,11,Police,9.07
Rogers Park,2022,9,Medical,7.95
Uptown,2020,1,Medical,9.69
Humboldt Park,2020,10,Police,11.43
Beverly,2022,8,Medical,6.6
Rogers Park,2024,2,Medical,12.25
Beverly,2020,8,Police,10.57
Beverly,2024,3,Medical,6.71
Near South Side,2020,6,Police,14.87
Chatham,2021,7,Medical,6.05
Lake View,2021,3,Fire,7.44
Albany Park,2019,2,Medical,7.27
South Shore,2019,1,Medical,8.51
Near South Side,2020,5,Police,14.04
Near North Side,2021,1,Police,3.68
Uptown,2024,1,Police,11.99
Loop,2019,5,Police,7.16
Near West Side,2019,3,Police,9.03
West Englewood,2021,10,Medical,7.95
Lincoln Square,2024,3,Fire,11.8
Lake View,2019,11,Police,4.13
Rogers Park,2022,7,Medical,10.33
Lincoln Square,2024,3,Police,9.43
Irving Park,2022,2,Police,11.95
Woodlawn,2021,3,Medical,9.76
Grand Boulevard,2021,11,Medical,6.91
Washington Park,2019,4,Medical,7.92
Near South Side,2020,9,Police,11.8
Kenwood,2023,12,Police,6.21
Washington Park,2022,2,Police,11.81
West Pullman,2022,6,Police,11.43
West Pullman,2024,5,Medical,8.23
Lake View,2024,6,Police,6.72
Greater Grand Crossing,2021,5,Fire,13.85
Washington Heights,2020,6,Police,7.36
Austin,2021,12,Police,12.55
Riverdale,2019,4,Police,10.28
Near South Side,2020,8,Medical,8.12
Jefferson Park,2019,12,Medical,9.11
Lincoln Park,2022,9,Medical,8.73
West Englewood,2021,10,Police,7.36
Washington Heights,2024,7,Medical,10.34
Douglas,2021,11,Police,11.76
Morgan Park,2023,12,Medical,15.03
Lake View,2020,1,Police,6.31
Grand Boulevard,2022,5,Police,8.04
West Garfield Park,2023,7,Police,17.84
Irving Park,2023,5,Medical,6.27
Grand Boulevard,2021,5,Medical,12.45
Austin,2020,12,Medical,10.44
Uptown,2021,5,Fire,9.38
Roseland,2020,5,Police,11.85
Douglas,2023,11,Medical,8.26
Jefferson Park,2019,5,Medical,6.75
Chatham,2022,1,Police,9.57
Auburn Gresham,2023,12,Medical,7.98
Grand Boulevard,2021,6,Medical,8.37
Logan Square,2022,11,Police,11.59
West Pullman,2023,11,Police,10.99
Grand Boulevard,2020,12,Police,9.67
West Garfield Park,2021,6,Medical,12.16
Mount Greenwood,2023,8,Medical,6.84
Near South Side,2020,5,Police,10.17
West Ridge,2020,2,Medical,5.97
Auburn Gresham,2020,7,Medical,8.35
Lincoln Park,2022,1,Police,7.07
North Lawndale,2021,5,Fire,8.53
Roseland,2020,12,Police,13.31
Douglas,2023,5,Fire,6.71
Riverdale,2020,12,Medical,5.42
Roseland,2021,3,Fire,7.81
West Garfield Park,2024,2,Police,9.73
West Pullman,2024,11,Medical,6.39
Humboldt Park,2022,4,Police,14.5
Albany Park,2020,7,Medical,6.27
Greater Grand Crossing,2023,10,Medical,11.07
Englewood,2021,3,Police,10.93
Jefferson Park,2020,6,Police,9.73
South Shore,2022,7,Medical,9.6
Portage Park,2019,2,Medical,9.0
Humboldt Park,2024,3,Medical,11.12
Washington Heights,2023,9,Police,10.27
Near West Side,2024,1,Fire,8.77
West Town,2020,8,Police,11.4
South Shore,2020,1,Medical,9.19
Kenwood,2019,3,Medical,7.79
Edison Park,2021,6,Medical,6.77
Jefferson Park,2019,11,Police,6.64
Riverdale,2021,8,Police,14.43
Riverdale,2020,7,Police,13.11
Near West Side,2019,3,Fire,11.93
Uptown,2024,12,Police,6.86
Albany Park,2024,6,Police,8.97
Mount Greenwood,2020,1,Police,14.65
Rogers Park,2019,8,Police,11.94
Chatham,2020,9,Police,6.54
Englewood,2024,9,Police,16.21
Logan Square,2024,4,Police,7.67
Rogers Park,2020,4,Police,6.86
Englewood,2020,7,Medical,9.51
Chatham,2022,7,Police,14.76
Logan Square,2019,11,Police,14.65
Chatham,2022,6,Police,13.25
Washington Heights,2020,7,Medical,9.36
Kenwood,2023,1,Police,7.31
Hyde Park,2024,9,Fire,10.78
West Garfield Park,2021,6,Police,15.22
Near North Side,2019,8,Police,6.31
Logan Square,2019,5,Police,11.82
Lake View,2024,12,Medical,5.2
Hyde Park,2021,7,Medical,4.09
Uptown,2022,3,Police,7.99
Near North Side,2021,10,Medical,5.36
Washington Heights,2023,1,Police,9.93
Rogers Park,2020,7,Fire,7.19
West Garfield Park,2021,5,Medical,12.97
Washington Park,2021,1,Fire,12.75
Uptown,2020,9,Fire,6.84
West Town,2024,9,Medical,6.51
Chatham,2019,6,Medical,10.03
West Pullman,2024,11,Medical,5.2
Hyde Park,2023,9,Fire,7.6
Austin,2024,7,Medical,9.44
Washington Park,2021,8,Medical,8.35
South Shore,2021,11,Police,10.76
Jefferson Park,2019,2,Medical,6.3
Rogers Park,2023,2,Police,8.27
Chatham,2020,4,Fire,10.82
Douglas,2020,1,Police,14.07
Austin,2022,8,Medical,6.26
Morgan Park,2023,5,Police,11.17
Morgan Park,2023,12,Medical,7.82
Near North Side,2021,7,Medical,7.13
Humboldt Park,2022,12,Police,11.26
Chatham,2020,2,Police,11.94
Near West Side,2023,5,Medical,12.39
Near West Side,2023,9,Fire,15.44
West Ridge,2019,9,Medical,12.24
Morgan Park,2020,2,Medical,8.39
West Town,2019,11,Police,6.28
Uptown,2022,2,Police,11.79
Portage Park,2023,5,Medical,10.28
Roseland,2022,3,Medical,13.63
Mount Greenwood,2024,1,Fire,10.03
North Lawndale,2019,11,Police,9.21
West Ridge,2020,1,Police,11.1
West Pullman,2023,5,Medical,8.23
Edison Park,2024,3,Fire,5.42
Douglas,2024,9,Medical,7.8
Lincoln Park,2020,12,Medical,5.57
Irving Park,2022,3,Police,11.35
Mount Greenwood,2024,3,Police,4.28
Greater Grand Crossing,2021,3,Police,10.51
West Town,2020,1,Police,11.73
South Shore,2024,3,Medical,8.92
North Lawndale,2020,5,Fire,11.47
West Ridge,2020,8,Medical,6.31
Logan Square,2023,7,Medical,8.36
West Town,2022,12,Medical,5.2
Loop,2022,11,Fire,11.02
Chatham,2023,4,Police,11.64
Chatham,2020,4,Medical,9.25
Uptown,2020,12,Police,13.57
Near West Side,2021,4,Police,11.72
Uptown,2024,8,Medical,8.85
Humboldt Park,2020,8,Medical,9.85
Mount Greenwood,2024,2,Medical,4.64
Lincoln Square,2019,7,Police,9.68
Portage Park,2024,12,Medical,5.45
Pullman,2020,11,Medical,5.38
West Pullman,2021,12,Medical,9.32
Woodlawn,2019,5,Medical,12.12
Roseland,2021,2,Police,13.32
West Ridge,2024,3,Medical,4.63
Jefferson Park,2021,11,Medical,7.02
South Shore,2024,7,Police,10.11
Pullman,2022,6,Police,10.57
Englewood,2024,6,Medical,11.21
West Town,2023,12,Fire,9.14
Washington Park,2021,7,Medical,9.58
Greater Grand Crossing,2020,6,Police,8.72
Edison Park,2022,11,Medical,8.64
Jefferson Park,2019,2,Medical,9.99
Auburn Gresham,2024,8,Police,10.39
Washington Heights,2023,7,Medical,7.97
West Pullman,2022,6,Fire,9.79
West Garfield Park,2021,5,Police,9.6
West Englewood,2022,11,Medical,9.62
Auburn Gresham,2020,6,Fire,14.83
Near West Side,2020,3,Medical,9.5
Chatham,2020,2,Police,9.11
Near North Side,2023,9,Medical,3.2
South Shore,2022,1,Medical,11.42
Jefferson Park,2022,2,Police,9.92
South Shore,2021,11,Medical,9.51
Lincoln Park,2019,10,Police,8.34
Chatham,2020,10,Police,10.48
West Garfield Park,2019,1,Medical,13.72
Austin,2019,8,Medical,10.53
Grand Boulevard,2020,4,Police,14.26
Pullman,2020,6,Police,8.82
Uptown,2021,11,Police,6.78
Near South Side,2023,5,Police,9.58
Hyde Park,2020,8,Medical,8.75
Greater Grand Crossing,2019,10,Medical,8.59
Auburn Gresham,2021,7,Fire,12.97
Douglas,2022,1,Fire,6.84
Irving Park,2021,8,Police,14.49
Logan Square,2020,4,Medical,8.8
Portage Park,2024,7,Medical,6.77
Austin,2020,3,Police,9.83
Edison Park,2023,2,Police,7.34
Mount Greenwood,2021,1,Police,3.67
Mount Greenwood,2020,10,Medical,5.33
West Ridge,2019,5,Medical,7.92
Roseland,2019,11,Fire,4.47
Roseland,2021,3,Fire,9.67
Irving Park,2023,11,Medical,12.62
Albany Park,2024,3,Fire,9.0
Portage Park,2021,8,Medical,7.96
West Town,2023,1,Medical,6.45
Austin,2019,2,Police,11.48
West Garfield Park,2020,1,Medical,10.14
Hyde Park,2022,7,Fire,8.5
West Ridge,2020,4,Medical,8.37
Irving Park,2019,3,Medical,7.19
Hyde Park,2024,3,Police,9.16
Grand Boulevard,2019,10,Police,9.83
North Lawndale,2020,11,Police,11.84
West Pullman,2020,3,Police,8.56
Beverly,2024,2,Police,10.21
Uptown,2024,5,Police,9.63
Beverly,2019,1,Medical,4.31
Uptown,2020,5,Medical,7.61
Roseland,2022,10,Police,10.78
Rogers Park,2022,8,Medical,9.76
Roseland,2021,7,Police,14.2
West Pullman,2022,11,Police,8.46
South Shore,2019,3,Police,7.67
Near South Side,2019,12,Police,7.17
Logan Square,2021,9,Police,6.12
Woodlawn,2023,11,Police,10.74
Greater Grand Crossing,2021,10,Medical,9.63
Near North Side,2023,7,Medical,2.32
Douglas,2023,1,Police,5.25
Albany Park,2020,6,Police,6.94
Washington Heights,2024,4,Medical,9.97
West Town,2022,6,Medical,10.11
West Town,2023,3,Fire,7.18
Lincoln Square,2020,5,Fire,8.17
West Pullman,2021,3,Police,11.33
Grand Boulevard,2021,7,Medical,7.4
Lincoln Park,2023,5,Police,5.71
Kenwood,2020,4,Police,7.79
Loop,2019,10,Police,6.23
Auburn Gresham,2024,7,Police,10.17
Loop,2024,7,Medical,3.19
Irving Park,2022,10,Police,15.84
Riverdale,2023,9,Medical,8.49
South Shore,2019,3,Police,5.91
Edison Park,2022,11,Medical,8.87
Rogers Park,2019,11,Police,9.38
Auburn Gresham,2024,10,Medical,10.45
Douglas,2020,8,Medical,11.48
Lincoln Park,2023,7,Fire,1.89
Near South Side,2019,9,Medical,8.67
West Pullman,2019,2,Police,12.88
West Englewood,2019,6,Police,9.79
West Town,2024,5,Police,12.1
Lake View,2023,3,Police,3.96
Lincoln Park,2020,7,Police,5.07
Washington Park,2020,5,Medical,7.91
Mount Greenwood,2019,6,Police,7.92
Chatham,2020,4,Fire,7.51
Near North Side,2022,7,Medical,4.08
Mount Greenwood,2020,7,Medical,5.68
Logan Square,2019,5,Police,9.68
Beverly,2022,7,Medical,4.72
North Lawndale,2023,7,Medical,10.84
West Ridge,2021,10,Medical,9.16
Edison Park,2024,8,Medical,5.14
Portage Park,2020,11,Police,7.39
Riverdale,2022,1,Police,14.31
Beverly,2021,4,Medical,3.12
Woodlawn,2023,11,Police,9.23
Loop,2021,1,Medical,5.54
Irving Park,2023,3,Fire,8.53
Pullman,2019,8,Fire,9.36
Woodlawn,2019,12,Medical,6.78
West Pullman,2024,7,Medical,8.86
Albany Park,2024,3,Medical,8.45
Uptown,2023,4,Medical,11.88
Woodlawn,2021,2,Police,9.79
West Englewood,2024,2,Medical,10.09
Pullman,2020,5,Medical,9.24
West Town,2021,2,Police,8.59
Austin,2024,11,Police,9.09
Logan Square,2021,7,Fire,6.49
West Englewood,2020,1,Police,15.91
Portage Park,2021,9,Police,5.33
Near South Side,2021,10,Fire,9.51
Portage Park,2022,1,Police,7.33
Roseland,2023,11,Medical,11.04
West Englewood,2019,1,Police,12.15
Douglas,2024,9,Police,9.42
Beverly,2024,7,Police,8.61
Pullman,2024,10,Medical,6.7
Humboldt Park,2023,12,Police,11.49
Kenwood,2021,4,Police,10.14
West Pullman,2020,3,Medical,12.5
Greater Grand Crossing,2020,12,Police,11.57
West Pullman,2019,5,Police,12.85
West Town,2019,2,Medical,9.23
West Englewood,2019,6,Medical,10.25
Uptown,2020,6,Police,14.12
Austin,2021,12,Medical,5.94
Lake View,2019,1,Police,7.17
Near South Side,2019,12,Medical,7.38
Albany Park,2020,10,Fire,7.03
Near West Side,2024,9,Police,12.78
Washington Park,2021,1,Police,7.54
Lincoln Square,2019,6,Medical,10.13
Chatham,2021,7,Police,8.16
Near West Side,2022,8,Medical,10.67
West Ridge,2024,2,Police,9.58
Albany Park,2024,11,Medical,8.66
Washington Park,2019,8,Fire,13.02
Loop,2019,11,Medical,5.0
Near West Side,2020,10,Fire,7.56
Grand Boulevard,2024,2,Medical,10.14
Kenwood,2022,2,Police,12.86
Portage Park,2022,9,Police,8.42
Englewood,2022,7,Police,9.24
South Shore,2023,8,Police,7.57
Lake View,2020,1,Medical,6.67
Lake View,2020,10,Medical,7.12
Near South Side,2019,6,Medical,7.39
Irving Park,2020,1,Police,13.23
Lincoln Square,2019,5,Police,8.33
Loop,2019,2,Police,9.67
Beverly,2023,9,Fire,9.31
Washington Park,2020,3,Medical,6.26
Humboldt Park,2020,10,Medical,10.68
Portage Park,2023,7,Police,9.2
West Pullman,2023,2,Medical,4.93
Portage Park,2020,10,Medical,7.68
North Lawndale,2020,4,Police,12.38
Woodlawn,2019,10,Medical,7.88
North Lawndale,2021,3,Police,14.21
Grand Boulevard,2024,1,Medical,8.57
Portage Park,2019,10,Medical,6.8
Near South Side,2022,6,Medical,8.7
Lake View,2022,5,Police,10.42
Grand Boulevard,2021,6,Fire,7.1
Morgan Park,2024,1,Medical,6.5
Washington Park,2023,11,Medical,8.61
Morgan Park,2022,8,Police,5.29
Albany Park,2023,4,Police,7.71
Douglas,2023,7,Police,5.88
Near West Side,2019,8,Fire,10.42
Rogers Park,2023,3,Medical,9.71
Near North Side,2021,4,Police,6.91
Lincoln Square,2019,9,Police,5.67
Rogers Park,2021,12,Medical,7.29
West Town,2023,9,Police,7.71
Mount Greenwood,2022,7,Police,7.7
Irving Park,2024,3,Fire,5.57
Douglas,2023,11,Fire,7.06
Douglas,2021,4,Police,8.91
West Garfield Park,2020,7,Police,10.11
Chatham,2020,6,Medical,5.57
Humboldt Park,2022,6,Fire,12.12
Loop,2024,11,Police,4.6
Riverdale,2021,4,Police,7.96
West Town,2022,10,Police,10.27
Irving Park,2019,8,Police,10.64
Mount Greenwood,2023,9,Fire,5.93
Loop,2019,10,Police,8.51
Roseland,2020,7,Police,9.41
Beverly,2023,8,Police,6.71
Uptown,2019,10,Police,12.31
South Shore,2020,2,Police,15.5
Hyde Park,2024,4,Medical,2.42
Roseland,2019,3,Police,14.83
Logan Square,2023,6,Fire,10.51
Logan Square,2019,2,Police,17.38
West Ridge,2023,7,Police,7.08
Auburn Gresham,2019,8,Police,9.05
Beverly,2022,4,Medical,6.63
West Ridge,2024,8,Medical,10.05
Greater Grand Crossing,2019,8,Police,10.76
Hyde Park,2019,3,Police,8.63
Portage Park,2022,1,Police,9.32
Edison Park,2020,11,Police,2.02
Mount Greenwood,2023,3,Medical,5.06
Douglas,2021,10,Police,6.5
Loop,2020,12,Medical,6.67
Edison Park,2023,1,Medical,8.55
Chatham,2019,12,Medical,6.16
Mount Greenwood,2020,2,Police,6.24
Hyde Park,2019,8,Police,5.08
Roseland,2020,4,Police,13.06
West Garfield Park,2020,9,Medical,10.26
Loop,2021,7,Medical,6.91
Austin,2022,3,Fire,11.97
Near North Side,2020,1,Medical,2.74
Austin,2019,1,Fire,14.71
Woodlawn,2021,1,Medical,10.25
Grand Boulevard,2020,10,Police,13.46
Kenwood,2022,3,Police,8.5
Jefferson Park,2019,5,Fire,4.14
West Englewood,2021,8,Medical,10.09
Loop,2023,8,Medical,10.87
Auburn Gresham,2024,2,Police,7.63
West Garfield Park,2022,9,Police,12.28
Pullman,2023,9,Police,5.15
Edison Park,2023,7,Fire,11.32
West Town,2021,12,Medical,4.02
Pullman,2021,10,Medical,8.31
Roseland,2021,5,Medical,10.4
Loop,2023,5,Medical,5.88
Washington Heights,2024,8,Medical,11.67
Irving Park,2019,8,Medical,10.44
West Garfield Park,2021,5,Police,7.12
Roseland,2022,6,Medical,8.39
Chatham,2021,6,Police,14.32
Near West Side,2024,6,Medical,7.98
Portage Park,2021,5,Police,13.64
Englewood,2024,9,Medical,10.65
Near North Side,2021,1,Medical,4.67
Englewood,2023,10,Medical,11.56
Loop,2024,3,Police,5.76
Beverly,2019,7,Fire,7.67
Kenwood,2021,9,Police,7.55
Albany Park,2023,2,Police,7.02
West Pullman,2022,11,Police,9.02
West Town,2019,4,Medical,6.06
Auburn Gresham,2023,8,Medical,10.36
Loop,2024,5,Police,8.07
Uptown,2020,12,Police,10.07
Auburn Gresham,2022,11,Medical,8.48
Mount Greenwood,2022,8,Police,8.61
Edison Park,2020,12,Fire,4.25
Mount Greenwood,2023,11,Police,11.98
Grand Boulevard,2023,2,Police,9.45
Mount Greenwood,2024,12,Fire,6.01
Portage Park,2022,8,Police,9.3
Edison Park,2023,6,Police,6.15
Chatham,2020,5,Fire,6.97
Roseland,2023,2,Medical,8.37
Albany Park,2022,7,Fire,5.85
Washington Heights,2023,1,Medical,8.3
South Shore,2019,6,Medical,10.43
Greater Grand Crossing,2020,3,Fire,11.51
Logan Square,2020,6,Medical,9.05
West Pullman,2021,1,Medical,10.31
Greater Grand Crossing,2023,1,Medical,7.45
Auburn Gresham,2024,2,Medical,8.62
Hyde Park,2020,10,Medical,12.24
Douglas,2023,7,Medical,8.56
Lincoln Square,2019,12,Police,10.82
Pullman,2022,12,Police,9.44
North Lawndale,2022,4,Police,14.77
Beverly,2021,4,Medical,5.69
Kenwood,2021,4,Police,5.37
Grand Boulevard,2024,5,Medical,9.26
Douglas,2020,2,Medical,7.91
West Ridge,2024,11,Fire,6.93
Pullman,2020,7,Fire,3.86
Portage Park,2020,3,Police,7.31
South Shore,2019,11,Fire,12.36
West Pullman,2021,3,Police,12.66
Lake View,2021,11,Police,9.12
Beverly,2022,2,Police,6.07
Albany Park,2021,6,Medical,10.28
Mount Greenwood,2021,4,Fire,5.52
Kenwood,2019,4,Medical,9.33
West Englewood,2024,8,Fire,10.86
Grand Boulevard,2020,12,Police,11.88
West Garfield Park,2024,2,Medical,9.93
Rogers Park,2019,7,Medical,7.21
Pullman,2023,2,Medical,9.63
Pullman,2022,6,Medical,9.55
Englewood,2022,5,Police,14.55
Jefferson Park,2022,8,Medical,7.98
Douglas,2024,6,Fire,8.02
Logan Square,2020,12,Fire,9.81
Washington Park,2020,7,Medical,7.22
North Lawndale,2020,6,Medical,8.64
Irving Park,2022,8,Police,10.85
Mount Greenwood,2022,2,Fire,9.02
West Garfield Park,2024,12,Medical,5.95
West Town,2024,7,Police,5.98
West Town,2022,5,Medical,3.56
West Town,2023,12,Police,10.51
Washington Heights,2023,9,Police,9.51
Logan Square,2024,11,Medical,9.55
West Garfield Park,2022,9,Medical,8.99
West Pullman,2020,8,Medical,11.04
Jefferson Park,2020,8,Medical,6.77
Mount Greenwood,2023,4,Medical,6.46
Loop,2023,12,Medical,8.91
Hyde Park,2022,8,Medical,4.85
Woodlawn,2022,2,Fire,10.34
Near South Side,2020,11,Medical,8.29
North Lawndale,2024,5,Medical,13.61
Logan Square,2021,4,Fire,7.94
Austin,2024,5,Police,11.6
Jefferson Park,2020,5,Police,8.3
Irving Park,2024,5,Fire,5.96
Beverly,2020,7,Medical,5.48
Near West Side,2022,1,Fire,6.92
Near North Side,2021,2,Police,3.45
West Englewood,2021,7,Police,6.97
North Lawndale,2022,1,Police,14.6
Austin,2019,9,Police,12.99
Washington Heights,2022,12,Police,12.29
Lincoln Square,2023,3,Medical,9.02
Washington Park,2024,11,Fire,9.94
West Pullman,2021,6,Police,6.7
Mount Greenwood,2022,4,Medical,5.01
Logan Square,2020,3,Police,9.31
West Garfield Park,2020,8,Medical,10.32
Auburn Gresham,2024,2,Medical,8.96
Lincoln Park,2020,3,Medical,5.87
Near West Side,2022,8,Medical,8.28
Logan Square,2019,3,Fire,11.79
Hyde Park,2023,8,Medical,7.95
Humboldt Park,2020,7,Police,10.26
Pullman,2022,2,Medical,7.96
Lincoln Square,2019,1,Fire,8.18
Washington Heights,2021,1,Fire,9.71
Edison Park,2021,2,Police,7.43
Washington Park,2024,7,Police,10.95
Logan Square,2023,9,Medical,14.69
West Pullman,2022,7,Fire,8.59
Beverly,2022,3,Police,8.44
Beverly,2020,8,Medical,3.17
South Shore,2019,8,Medical,10.09
Roseland,2023,9,Police,12.59
Uptown,2019,11,Fire,5.35
South Shore,2023,12,Police,8.76
Uptown,2022,9,Fire,4.19
Englewood,2022,12,Fire,12.89
Austin,2023,9,Police,9.97
Douglas,2019,4,Medical,6.97
West Pullman,2024,10,Fire,9.08
Beverly,2021,4,Police,10.0
Edison Park,2021,11,Fire,7.42
Edison Park,2020,2,Medical,6.93
Lincoln Park,2020,8,Fire,5.36
Humboldt Park,2024,2,Medical,11.34
West Pullman,2019,3,Police,11.56
West Englewood,2024,9,Medical,12.71
Albany Park,2022,2,Police,6.28
Uptown,2019,1,Medical,5.6
Irving Park,2023,5,Police,12.08
Pullman,2021,7,Medical,11.42
Chatham,2020,4,Police,15.51
Lake View,2019,4,Fire,8.01
Washington Park,2019,11,Police,9.48
Morgan Park,2023,3,Police,9.59
Pullman,2022,6,Medical,7.67
Near South Side,2022,12,Medical,11.24
Loop,2021,8,Medical,3.06
Washington Heights,2024,11,Medical,10.2
Douglas,2024,11,Medical,6.4
Lincoln Square,2020,2,Medical,5.93
Logan Square,2022,6,Fire,12.05
Loop,2022,8,Police,4.16
Logan Square,2022,1,Police,6.11
West Garfield Park,2024,4,Medical,16.11
Greater Grand Crossing,2019,1,Police,7.79
Riverdale,2022,4,Fire,6.71
Rogers Park,2024,11,Police,14.35
West Town,2023,9,Police,11.89
Logan Square,2024,6,Medical,7.25
West Garfield Park,2021,6,Police,11.6
Kenwood,2022,5,Fire,9.72
Edison Park,2020,3,Police,9.79
Woodlawn,2019,2,Medical,13.22
Grand Boulevard,2023,9,Medical,5.82
Edison Park,2024,9,Police,6.46
Edison Park,2021,7,Police,8.6
Hyde Park,2019,2,Fire,8.03
Logan Square,2023,4,Medical,13.12
Washington Heights,2019,11,Police,8.8
Auburn Gresham,2021,8,Medical,7.05
South Shore,2021,10,Medical,8.62
Washington Park,2022,6,Police,8.98
Austin,2020,5,Police,13.84
West Ridge,2022,11,Fire,12.24
North Lawndale,2024,10,Medical,9.74
West Garfield Park,2019,2,Medical,12.74
Roseland,2022,1,Medical,11.49
Washington Heights,2021,1,Fire,8.8
Logan Square,2021,1,Medical,8.21
West Pullman,2021,11,Medical,7.79
Chatham,2022,6,Fire,10.16
Roseland,2024,4,Police,9.69
North Lawndale,2024,11,Police,12.53
Logan Square,2023,9,Medical,13.19
Near South Side,2022,9,Medical,8.62
Roseland,2022,3,Medical,12.16
Near South Side,2022,6,Fire,8.67
West Garfield Park,2022,6,Fire,10.18
Mount Greenwood,2021,10,Medical,6.64
Near West Side,2020,10,Police,9.89
West Town,2022,1,Police,9.12
Jefferson Park,2022,9,Police,6.71
Albany Park,2020,4,Medical,7.96
Pullman,2022,6,Fire,7.15
Grand Boulevard,2020,10,Police,10.06
Roseland,2021,12,Medical,7.56
Riverdale,2023,8,Police,16.11
Jefferson Park,2022,1,Police,13.7
Rogers Park,2023,8,Medical,13.75
West Englewood,2022,6,Police,10.78
Portage Park,2019,1,Medical,9.43
Englewood,2024,12,Police,10.69
Austin,2019,12,Medical,11.4
Jefferson Park,2021,9,Police,9.88
West Pullman,2023,9,Police,10.66
West Town,2023,10,Fire,7.78
Irving Park,2020,8,Police,10.17
Riverdale,2020,7,Medical,13.65
Humboldt Park,2022,1,Medical,7.07
Edison Park,2020,11,Medical,4.36
Edison Park,2020,1,Fire,7.78
Woodlawn,2023,8,Medical,7.28
Irving Park,2019,10,Medical,5.68
Rogers Park,2023,8,Medical,9.4
Mount Greenwood,2020,1,Police,8.55
Portage Park,2022,8,Fire,6.81
Washington Heights,2019,8,Police,12.93
Pullman,2020,12,Police,10.17
West Garfield Park,2020,10,Medical,9.73
Riverdale,2024,10,Police,8.45
West Pullman,2022,12,Police,10.49
Chatham,2022,3,Fire,6.23
Near South Side,2020,1,Medical,9.98
Near South Side,2020,3,Fire,5.97
Mount Greenwood,2023,8,Medical,7.86
Grand Boulevard,2021,8,Police,9.81
Lincoln Park,2022,12,Police,2.86
Douglas,2022,7,Fire,7.7
Beverly,2024,2,Medical,4.3
Auburn Gresham,2023,5,Fire,8.67
Edison Park,2019,10,Medical,4.93
Morgan Park,2024,8,Medical,7.32
West Englewood,2024,3,Police,11.88
Portage Park,2019,6,Medical,6.29
Kenwood,2019,2,Fire,8.3
Near South Side,2022,8,Police,9.65
West Ridge,2021,9,Police,5.45
Mount Greenwood,2021,1,Medical,4.73
Near West Side,2023,4,Police,10.86
Washington Heights,2019,6,Medical,8.14
South Shore,2019,2,Police,11.67
West Garfield Park,2020,6,Medical,13.79
Lincoln Park,2023,11,Medical,4.3
Near West Side,2024,7,Medical,9.03
Beverly,2024,6,Police,6.53
South Shore,2023,10,Medical,10.43
West Ridge,2022,10,Fire,12.04
Beverly,2022,11,Fire,7.84
Auburn Gresham,2023,8,Medical,10.65
Lincoln Square,2021,5,Medical,10.23
Douglas,2023,3,Fire,11.01
Hyde Park,2021,2,Medical,7.9
Greater Grand Crossing,2022,2,Police,10.7
Logan Square,2023,2,Medical,7.8
West Pullman,2021,10,Medical,4.52
West Garfield Park,2020,12,Medical,15.75
Morgan Park,2020,5,Police,10.33
Greater Grand Crossing,2023,10,Police,10.31
Near West Side,2019,4,Medical,5.11
West Englewood,2023,2,Fire,10.71
Mount Greenwood,2022,5,Medical,6.6
South Shore,2022,7,Police,10.14
Rogers Park,2020,5,Police,13.05
North Lawndale,2021,11,Police,12.1
Mount Greenwood,2020,8,Fire,8.28
Riverdale,2021,12,Police,10.71
Irving Park,2023,6,Fire,11.21
Edison Park,2019,9,Medical,6.22
Kenwood,2022,10,Police,6.89
Austin,2023,5,Fire,8.92
Lincoln Square,2020,8,Medical,5.74
Beverly,2024,6,Medical,6.24
Woodlawn,2024,7,Medical,9.44
Jefferson Park,2023,12,Police,8.83
Austin,2019,8,Fire,8.99
Irving Park,2021,4,Medical,7.19
Pullman,2019,4,Police,10.39
Kenwood,2020,11,Police,12.2
Humboldt Park,2019,6,Police,9.85
Washington Park,2022,2,Police,3.18
Englewood,2024,9,Medical,7.07
Uptown,2019,12,Fire,10.12
Kenwood,2023,8,Police,9.75
Jefferson Park,2021,2,Fire,7.18
Hyde Park,2022,12,Fire,6.99
Loop,2022,12,Police,5.51
Mount Greenwood,2022,1,Medical,7.96
Albany Park,2020,10,Police,8.7
Near West Side,2020,4,Police,6.61
Uptown,2023,11,Medical,9.05
Kenwood,2021,4,Fire,11.81
Lake View,2019,2,Police,4.13
Uptown,2023,5,Medical,8.01
Woodlawn,2020,12,Police,10.45
Austin,2023,3,Medical,6.72
West Town,2021,3,Police,10.59
West Englewood,2023,12,Medical,10.86
Irving Park,2024,10,Medical,5.21
Morgan Park,2024,12,Fire,6.31
Hyde Park,2022,3,Medical,9.35
Englewood,2019,4,Medical,8.99
Grand Boulevard,2020,11,Medical,10.54
Pullman,2020,5,Police,9.93
Loop,2024,4,Medical,6.99
Irving Park,2021,9,Police,10.5
Grand Boulevard,2021,4,Medical,6.35
Lincoln Square,2021,11,Police,9.92
Grand Boulevard,2020,7,Police,8.38
Rogers Park,2022,10,Medical,9.59
Washington Park,2019,11,Fire,8.72
West Ridge,2021,5,Medical,8.19
Roseland,2020,10,Police,11.07
Uptown,2022,9,Fire,9.68
Near South Side,2021,9,Medical,7.09
Washington Park,2021,8,Police,4.45
Loop,2019,6,Police,2.44
Douglas,2024,12,Police,7.79
Near South Side,2019,11,Medical,10.92
Riverdale,2023,6,Fire,12.58
Beverly,2024,12,Police,11.24
West Town,2024,2,Police,9.99
West Town,2024,7,Medical,10.45
Washington Park,2021,9,Medical,10.28
Near South Side,2023,9,Police,9.8
Kenwood,2020,2,Medical,7.02
Lake View,2019,9,Fire,6.56
Lincoln Park,2024,7,Police,4.19
Grand Boulevard,2024,5,Police,14.4
Lincoln Square,2022,5,Medical,6.65
Woodlawn,2021,6,Fire,11.04
North Lawndale,2021,8,Fire,7.64
Near South Side,2023,2,Medical,7.91
South Shore,2019,3,Medical,9.59
West Englewood,2024,10,Medical,5.96
Douglas,2024,7,Medical,9.53
Mount Greenwood,2023,3,Medical,10.85
Grand Boulevard,2021,1,Medical,8.19
Uptown,2019,6,Fire,12.17
Mount Greenwood,2021,7,Police,7.05
Albany Park,2019,9,Police,12.02
Washington Park,2021,1,Police,10.96
Edison Park,2022,11,Police,5.01
Portage Park,2024,9,Police,7.1
Lake View,2023,10,Police,9.76
Auburn Gresham,2019,7,Fire,8.53
Beverly,2023,8,Police,6.3
Chatham,2019,3,Medical,10.77
Lake View,2019,5,Police,5.89
Jefferson Park,2024,3,Medical,6.13
West Ridge,2019,7,Police,7.93
Rogers Park,2021,2,Police,10.81
Mount Greenwood,2020,6,Medical,5.18
Roseland,2021,10,Police,11.12
Portage Park,2020,2,Medical,7.97
South Shore,2024,9,Medical,10.88
Irving Park,2024,6,Medical,11.66
Washington Heights,2021,5,Medical,8.36
Hyde Park,2020,6,Police,4.93
Logan Square,2024,12,Medical,8.08
Edison Park,2019,6,Medical,7.3
South Shore,2019,6,Medical,8.12
Roseland,2020,10,Medical,5.24
Jefferson Park,2020,6,Medical,7.99
Washington Heights,2023,9,Fire,8.86
Pullman,2019,7,Medical,6.83
Near South Side,2021,11,Police,10.79
Englewood,2023,1,Police,12.77
Pullman,2020,10,Medical,8.97
Washington Park,2024,9,Police,8.72
Irving Park,2021,6,Police,9.82
Rogers Park,2022,10,Medical,12.0
Douglas,2022,8,Police,14.63
Mount Greenwood,2024,3,Police,8.74
Auburn Gresham,2022,3,Police,10.0
Rogers Park,2024,12,Police,11.05
Rogers Park,2021,9,Police,15.42
Near South Side,2024,12,Police,6.89
West Town,2020,9,Fire,12.19
West Garfield Park,2021,5,Medical,14.25
Douglas,2023,5,Medical,11.12
Beverly,2023,3,Medical,11.62
West Englewood,2022,7,Medical,9.6
Austin,2020,7,Medical,5.91
Edison Park,2023,3,Medical,4.42
West Garfield Park,2019,8,Medical,8.24
West Garfield Park,2019,6,Police,6.42
Hyde Park,2022,3,Police,10.17
Logan Square,2022,6,Medical,10.23
West Garfield Park,2022,1,Medical,8.13
Beverly,2023,6,Medical,7.65
West Garfield Park,2020,7,Fire,10.44
Humboldt Park,2024,4,Medical,8.27
Lincoln Park,2024,4,Police,5.39
West Englewood,2022,3,Police,12.96
Humboldt Park,2021,5,Medical,8.66
Edison Park,2022,12,Medical,5.58
West Town,2024,11,Police,11.06
Woodlawn,2024,1,Fire,7.84
Logan Square,2024,6,Medical,8.36
Pullman,2023,2,Medical,6.87
West Englewood,2020,4,Police,11.35
Lincoln Park,2022,6,Medical,5.06
Lake View,2019,11,Medical,8.37
Douglas,2022,11,Medical,11.11
Grand Boulevard,2022,6,Fire,6.78
Washington Park,2020,12,Medical,10.15
Englewood,2021,10,Police,15.24
Hyde Park,2022,7,Medical,5.99
Lake View,2022,1,Medical,6.98
Hyde Park,2024,12,Medical,5.58
Loop,2023,6,Fire,8.29
Lincoln Park,2020,9,Police,5.1
Lincoln Park,2023,8,Police,3.99
North Lawndale,2024,8,Medical,11.98
Lincoln Square,2022,11,Police,6.95
West Garfield Park,2022,6,Fire,11.99
Humboldt Park,2019,4,Medical,12.84
Humboldt Park,2023,1,Medical,15.68
Logan Square,2024,5,Medical,7.14
Near North Side,2020,5,Medical,2.45
West Town,2022,7,Police,12.38
Near West Side,2019,1,Medical,7.48
West Englewood,2019,11,Medical,8.47
West Garfield Park,2021,6,Fire,10.2
West Englewood,2020,7,Medical,6.5
Near West Side,2019,1,Medical,7.6
Loop,2020,3,Medical,7.44
Greater Grand Crossing,2022,10,Medical,9.13
West Englewood,2021,9,Police,16.12
West Pullman,2024,8,Medical,9.05
Mount Greenwood,2020,10,Medical,6.7
Kenwood,2024,6,Medical,10.29
West Garfield Park,2021,8,Medical,12.39
Near North Side,2024,12,Fire,4.99
Rogers Park,2020,2,Police,14.81
West Englewood,2024,12,Medical,11.78
West Pullman,2020,7,Police,8.76
Greater Grand Crossing,2023,2,Police,11.77
Logan Square,2021,3,Police,8.51
Lincoln Park,2020,2,Police,2.14
Humboldt Park,2023,11,Fire,7.76
Auburn Gresham,2023,5,Fire,7.82
West Town,2021,10,Fire,11.47
Lincoln Square,2022,5,Medical,9.39
Mount Greenwood,2021,6,Fire,9.11
Austin,2020,6,Fire,10.35
South Shore,2022,7,Medical,13.73
Austin,2021,8,Medical,6.88
Lincoln Square,2021,4,Medical,5.38
Hyde Park,2021,9,Police,9.44
South Shore,2021,3,Medical,9.09
West Pullman,2022,5,Police,8.41
West Ridge,2020,3,Police,7.46
Pullman,2023,2,Medical,7.57
Uptown,2021,12,Medical,8.81
Edison Park,2023,11,Medical,6.44
Kenwood,2023,5,Police,4.48
West Town,2023,9,Police,13.04
Pullman,2021,6,Medical,8.54
Jefferson Park,2021,4,Medical,13.14
Washington Heights,2024,7,Police,10.79
West Ridge,2021,10,Medical,8.15
Edison Park,2021,5,Police,4.96
Near North Side,2019,12,Fire,5.45
Washington Heights,2020,7,Police,14.75
Austin,2019,2,Fire,11.3
West Englewood,2024,2,Medical,10.57
Roseland,2022,9,Medical,8.2
Albany Park,2019,4,Police,9.63
Beverly,2019,1,Medical,6.5
North Lawndale,2019,9,Medical,10.45
Lake View,2020,1,Police,9.01
Chatham,2023,11,Police,10.41
Washington Heights,2022,2,Medical,8.96
Englewood,2022,9,Fire,9.82
Grand Boulevard,2020,11,Medical,6.81
Lake View,2024,3,Police,5.6
Roseland,2019,11,Medical,6.52
Lincoln Park,2023,1,Medical,1.92
Lincoln Square,2021,3,Medical,6.87
Chatham,2020,9,Police,9.02
Grand Boulevard,2024,12,Medical,9.2
Lincoln Park,2023,2,Fire,3.3
West Pullman,2024,5,Fire,7.53
North Lawndale,2020,1,Police,7.11
West Town,2020,10,Fire,9.0
Mount Greenwood,2021,1,Medical,6.26
West Pullman,2024,12,Medical,10.39
Jefferson Park,2023,7,Police,10.72
Auburn Gresham,2024,10,Police,7.91
Albany Park,2024,10,Medical,8.9
Loop,2019,3,Police,5.02
Lincoln Park,2024,1,Medical,5.68
Uptown,2023,1,Police,8.93
Portage Park,2023,11,Medical,9.88
West Garfield Park,2019,11,Medical,15.8
West Pullman,2021,5,Fire,5.49
Lincoln Square,2023,3,Police,12.26
Lincoln Square,2024,11,Police,7.03
West Garfield Park,2024,4,Medical,11.76
Morgan Park,2019,6,Police,11.74
Near West Side,2020,2,Police,9.41
Lake View,2020,7,Police,3.99
West Pullman,2019,5,Police,11.25
Douglas,2020,8,Medical,11.66
Lincoln Park,2023,4,Medical,3.35
West Englewood,2019,12,Police,11.45
Douglas,2024,8,Medical,6.86
Rogers Park,2023,4,Police,12.44
Loop,2022,11,Police,6.7
Douglas,2021,5,Medical,7.55
Portage Park,2024,3,Police,9.87
Logan Square,2024,11,Medical,6.32
Uptown,2021,4,Police,13.92
Jefferson Park,2021,9,Medical,7.41
Irving Park,2019,5,Medical,12.95
Grand Boulevard,2022,4,Police,10.14
Humboldt Park,2021,4,Fire,9.86
Riverdale,2023,7,Fire,11.47
North Lawndale,2024,2,Police,11.16
Morgan Park,2021,4,Medical,8.52
Jefferson Park,2022,3,Fire,7.31
Grand Boulevard,2023,7,Police,6.93
Albany Park,2023,4,Medical,11.66
Near West Side,2019,8,Police,10.06
Lake View,2019,5,Fire,7.34
Grand Boulevard,2020,9,Medical,8.99
Roseland,2022,9,Medical,9.95
Washington Park,2023,3,Police,7.81
South Shore,2022,9,Medical,8.21
Englewood,2021,4,Police,11.4
Washington Park,2024,9,Medical,12.86
Albany Park,2021,12,Fire,9.01
Humboldt Park,2024,2,Medical,15.18
Roseland,2020,5,Police,9.25
Morgan Park,2023,6,Police,9.95
Washington Park,2024,3,Police,7.24
Humboldt Park,2023,2,Fire,9.62
West Englewood,2024,1,Medical,11.93
Englewood,2020,11,Police,13.41
Albany Park,2021,7,Medical,6.35
West Englewood,2023,4,Police,10.48
Portage Park,2024,8,Police,10.56
Portage Park,2022,8,Medical,9.91
Near South Side,2023,8,Medical,7.48
Near South Side,2024,2,Police,12.24
Douglas,2024,5,Police,12.16
Near North Side,2021,8,Fire,11.4
West Garfield Park,2023,10,Police,12.39
West Ridge,2023,2,Police,11.28
Irving Park,2019,2,Fire,8.43
North Lawndale,2024,1,Police,11.93
Portage Park,2023,6,Police,8.96
Austin,2024,5,Medical,9.52
North Lawndale,2020,1,Medical,13.03
West Englewood,2020,11,Police,14.19
Hyde Park,2022,8,Police,9.47
Austin,2023,8,Medical,11.33
Lincoln Park,2022,5,Police,2.41
Irving Park,2021,11,Police,14.06
Logan Square,2024,3,Medical,6.75
Lincoln Square,2021,8,Medical,8.27
Washington Heights,2019,3,Police,8.25
West Ridge,2019,4,Medical,8.14
Hyde Park,2023,11,Police,10.6
Woodlawn,2023,7,Medical,6.42
Woodlawn,2022,7,Medical,10.74
West Town,2022,4,Police,10.51
Edison Park,2023,9,Fire,10.56
Near North Side,2023,6,Police,5.31
Mount Greenwood,2019,8,Medical,4.26
Irving Park,2019,7,Police,13.92
Logan Square,2019,4,Medical,9.52
West Garfield Park,2023,12,Police,11.27
West Garfield Park,2022,2,Police,13.83
Greater Grand Crossing,2020,11,Police,11.94
Near South Side,2020,2,Medical,11.41
Edison Park,2022,8,Fire,4.84
Lake View,2022,8,Fire,5.55
Hyde Park,2022,12,Police,8.02
Austin,2019,1,Fire,6.81
Greater Grand Crossing,2021,1,Medical,5.91
South Shore,2023,4,Police,10.87
Chatham,2019,1,Police,9.68
Irving Park,2020,10,Police,12.7
Auburn Gresham,2023,1,Police,10.56
Roseland,2022,10,Police,5.71
Grand Boulevard,2024,11,Police,8.96
Austin,2020,5,Fire,10.65
Humboldt Park,2022,1,Police,10.41
Albany Park,2024,10,Medical,8.87
Near North Side,2022,12,Police,6.38
Auburn Gresham,2022,6,Fire,10.46
Chatham,2023,4,Medical,8.08
Uptown,2020,10,Police,16.88
West Town,2020,11,Police,8.58
Greater Grand Crossing,2022,11,Medical,7.11
Near West Side,2019,5,Fire,10.54
Logan Square,2021,9,Fire,9.39
Near South Side,2024,2,Police,6.92
Auburn Gresham,2019,3,Police,10.43
Woodlawn,2023,3,Medical,10.66
Chatham,2024,11,Medical,9.07
Loop,2021,9,Police,9.96
Washington Park,2019,3,Police,10.06
Lincoln Park,2024,10,Police,3.96
Greater Grand Crossing,2020,5,Fire,10.07
West Ridge,2019,6,Fire,6.97
Douglas,2022,6,Police,9.18
West Pullman,2023,6,Fire,12.43
Austin,2019,1,Medical,10.63
North Lawndale,2024,6,Police,16.18
Lake View,2019,1,Fire,5.34
Greater Grand Crossing,2024,6,Police,13.37
Roseland,2021,10,Police,14.38
Near West Side,2022,6,Police,8.45
Grand Boulevard,2021,3,Medical,7.36
Englewood,2023,3,Fire,12.17
Logan Square,2023,6,Police,9.53
Chatham,2024,2,Medical,8.43
Greater Grand Crossing,2022,12,Police,11.91
Douglas,2021,5,Police,12.89
Greater Grand Crossing,2022,10,Fire,12.29
Jefferson Park,2021,3,Medical,10.38
Washington Heights,2024,5,Medical,7.7
Near West Side,2024,3,Police,10.81
Beverly,2024,2,Police,13.0
Lincoln Park,2020,4,Police,7.97
West Town,2022,5,Medical,8.85
Loop,2023,6,Fire,8.55
Jefferson Park,2021,2,Medical,6.5
West Pullman,2020,3,Medical,6.56
Lincoln Square,2023,3,Medical,10.48
North Lawndale,2021,6,Medical,10.08
Lake View,2020,1,Medical,8.13
Loop,2023,7,Police,5.75
Grand Boulevard,2023,8,Police,9.15
Portage Park,2020,7,Medical,7.57
Auburn Gresham,2023,4,Medical,8.71
Douglas,2021,7,Police,8.56
Lincoln Square,2021,1,Police,13.39
Chatham,2023,8,Police,7.38
Englewood,2019,10,Medical,11.06
Logan Square,2024,10,Medical,5.79
Jefferson Park,2020,3,Police,13.8
Pullman,2019,9,Police,8.86
Near North Side,2021,1,Police,2.06
Lincoln Square,2023,6,Police,11.31
Near West Side,2022,1,Medical,10.35
Roseland,2022,8,Medical,9.04
Pullman,2024,3,Medical,12.4
West Englewood,2019,4,Medical,8.03
Near South Side,2019,12,Police,12.42
Pullman,2019,6,Police,12.75
Near West Side,2021,4,Medical,9.12
Pullman,2024,8,Fire,6.86
West Pullman,2024,9,Fire,7.27
West Ridge,2021,5,Medical,8.61
Albany Park,2024,1,Police,12.01
West Ridge,2023,8,Fire,9.59
West Ridge,2021,2,Fire,10.64
Kenwood,2023,6,Medical,8.77
West Garfield Park,2023,6,Fire,11.79
West Pullman,2019,11,Police,11.34
Austin,2022,7,Medical,11.99
Austin,2019,12,Medical,10.76
Washington Heights,2021,9,Fire,6.61
Pullman,2020,1,Police,11.75
Kenwood,2021,10,Medical,5.93
Rogers Park,2022,12,Medical,7.01
Portage Park,2021,8,Medical,8.91
Near South Side,2022,11,Police,6.04
Lincoln Square,2020,5,Medical,6.29
Near North Side,2020,6,Medical,2.17
Hyde Park,2024,8,Police,11.02
Irving Park,2023,8,Police,12.04
Pullman,2021,12,Fire,6.48
West Garfield Park,2023,11,Police,13.94
Riverdale,2019,7,Medical,8.38
Portage Park,2019,7,Medical,8.0
South Shore,2019,12,Medical,11.78
West Pullman,2024,12,Fire,7.74
Rogers Park,2019,1,Medical,12.39
South Shore,2019,8,Medical,8.13
Near North Side,2021,3,Police,6.7
West Ridge,2023,5,Medical,8.02
Kenwood,2023,4,Medical,8.94
Lincoln Square,2022,10,Police,6.92
Near West Side,2019,3,Medical,9.11
Hyde Park,2020,10,Medical,7.15
Portage Park,2022,5,Police,8.41
Mount Greenwood,2022,3,Medical,8.42
Portage Park,2021,9,Police,10.29
Uptown,2022,11,Police,10.35
Irving Park,2020,9,Medical,8.79
Uptown,2023,6,Medical,7.59
Woodlawn,2022,3,Fire,11.37
West Ridge,2021,5,Police,13.4
Austin,2019,11,Fire,8.49
West Ridge,2020,8,Medical,7.52
Roseland,2019,9,Medical,9.38
Loop,2024,3,Medical,2.46
Beverly,2022,5,Police,7.05
South Shore,2023,2,Medical,8.44
Washington Park,2021,2,Police,8.37
West Pullman,2020,2,Medical,8.12
Albany Park,2023,12,Medical,7.72
Mount Greenwood,2020,6,Fire,5.59
Riverdale,2021,3,Medical,10.45
Logan Square,2021,10,Police,11.46
Morgan Park,2022,5,Police,8.45
Auburn Gresham,2020,8,Police,13.97
Austin,2024,5,Medical,9.03
Douglas,2024,2,Medical,9.43
Loop,2022,6,Police,5.16
Woodlawn,2020,2,Police,8.83
Morgan Park,2020,8,Medical,10.48
Austin,2019,2,Police,12.44
Englewood,2022,7,Police,10.03
West Pullman,2020,4,Medical,8.24
Hyde Park,2020,4,Police,9.14
Washington Park,2021,8,Medical,8.25
West Ridge,2019,4,Fire,7.03
Irving Park,2024,8,Police,9.7
Mount Greenwood,2024,9,Medical,5.33
Jefferson Park,2021,8,Police,10.73
Irving Park,2022,4,Police,10.92
Hyde Park,2024,5,Medical,8.39
Jefferson Park,2022,6,Medical,10.24
Albany Park,2020,9,Police,18.83
West Pullman,2023,5,Police,8.71
Englewood,2021,2,Police,6.65
Loop,2022,7,Medical,5.63
Washington Heights,2020,6,Police,8.08
West Ridge,2020,11,Medical,9.74
Rogers Park,2021,12,Medical,14.8
Greater Grand Crossing,2024,3,Fire,13.02
Kenwood,2020,8,Medical,11.71
Woodlawn,2019,3,Police,11.25
West Ridge,2024,10,Police,8.84
Pullman,2023,11,Fire,7.06
Humboldt Park,2021,4,Fire,7.49
West Ridge,2021,9,Police,8.44
Chatham,2021,4,Medical,11.2
West Town,2020,2,Medical,10.08
Irving Park,2020,9,Medical,10.09
Auburn Gresham,2021,10,Medical,8.0
South Shore,2021,8,Police,11.85
Loop,2019,4,Medical,8.61
Washington Heights,2022,11,Medical,6.02
Kenwood,2024,6,Police,12.06
Near South Side,2024,6,Police,6.95
Albany Park,2019,11,Police,8.19
Humboldt Park,2021,2,Medical,10.65
Auburn Gresham,2020,9,Medical,11.25
North Lawndale,2020,6,Police,9.82
Kenwood,2021,5,Medical,7.76
Humboldt Park,2022,2,Police,10.66
Englewood,2023,10,Police,9.86
Irving Park,2023,1,Medical,7.04
Douglas,2019,7,Police,18.64
Lincoln Park,2024,4,Medical,6.61
Greater Grand Crossing,2022,11,Police,10.51
Greater Grand Crossing,2023,7,Police,10.35
Douglas,2022,5,Medical,7.35
Humboldt Park,2020,1,Police,13.79
Austin,2020,5,Police,12.89
Greater Grand Crossing,2022,12,Fire,11.25
Washington Park,2021,4,Police,13.13
West Pullman,2023,1,Police,13.16
Riverdale,2023,10,Police,13.37
Greater Grand Crossing,2020,2,Fire,9.25
Loop,2024,9,Police,7.51
North Lawndale,2019,12,Fire,10.21
Beverly,2023,1,Medical,8.05
Uptown,2020,10,Medical,10.36
Grand Boulevard,2020,4,Police,9.74
West Pullman,2022,8,Medical,8.04
Austin,2022,5,Medical,9.11
Lake View,2024,10,Medical,5.42
Lincoln Square,2022,7,Medical,6.16
Near South Side,2019,11,Medical,10.9
Mount Greenwood,2023,2,Medical,5.46
Humboldt Park,2019,4,Police,12.42
Washington Heights,2019,4,Medical,7.12
Pullman,2022,1,Police,10.6
Humboldt Park,2024,12,Medical,10.43
Lincoln Park,2020,8,Police,5.3
Irving Park,2021,11,Police,7.44
Austin,2020,3,Police,8.34
West Garfield Park,2020,12,Medical,9.63
Grand Boulevard,2020,12,Police,8.51
Humboldt Park,2020,4,Fire,9.25
Near North Side,2019,2,Medical,2.98
West Pullman,2022,12,Medical,8.33
West Town,2022,10,Medical,4.39
West Garfield Park,2020,5,Medical,9.16
Morgan Park,2021,12,Police,9.49
Englewood,2023,5,Police,14.05
Lake View,2020,3,Medical,5.11
Woodlawn,2020,8,Medical,7.91
Grand Boulevard,2021,1,Medical,11.68
Mount Greenwood,2019,2,Police,6.9
Humboldt Park,2020,1,Police,9.33
West Town,2021,6,Medical,7.57
Riverdale,2019,4,Police,18.07
Pullman,2019,10,Medical,5.94
West Englewood,2024,1,Medical,8.83
West Garfield Park,2024,7,Medical,6.6
South Shore,2024,9,Medical,9.63
Near West Side,2020,5,Medical,12.94
Grand Boulevard,2019,7,Medical,11.38
West Pullman,2020,4,Police,13.2
Mount Greenwood,2020,4,Medical,4.72
Logan Square,2022,4,Medical,5.63
Loop,2023,5,Medical,6.16
West Englewood,2023,8,Police,15.24
Lake View,2022,4,Medical,7.88
Jefferson Park,2020,7,Medical,6.16
Chatham,2021,9,Medical,8.31
Lincoln Park,2019,6,Medical,5.43
Washington Park,2022,4,Fire,5.52
Pullman,2024,5,Medical,11.79
Douglas,2022,8,Medical,8.37
West Ridge,2022,4,Police,8.16
Lake View,2022,4,Police,5.44
Woodlawn,2023,7,Police,12.12
Washington Park,2020,6,Police,11.42
Edison Park,2022,1,Police,11.54
Rogers Park,2022,9,Police,10.47
Loop,2022,5,Fire,3.83
Grand Boulevard,2021,10,Police,9.82
West Pullman,2021,11,Police,12.0
Portage Park,2019,2,Police,10.6
Washington Heights,2020,5,Police,8.95
Kenwood,2022,8,Medical,8.57
Portage Park,2019,6,Medical,6.65
Chatham,2024,8,Medical,8.25
Hyde Park,2019,5,Fire,7.88
Austin,2024,4,Police,10.67
West Englewood,2024,10,Police,9.68
Loop,2020,3,Police,8.08
Uptown,2021,2,Medical,6.01
Rogers Park,2020,9,Medical,9.1
Rogers Park,2019,1,Police,7.64
West Garfield Park,2024,10,Fire,9.06
West Ridge,2020,2,Medical,7.31
Chatham,2021,6,Medical,14.36
Loop,2019,6,Police,5.09
Lincoln Park,2020,12,Police,8.53
Edison Park,2022,1,Medical,5.2
Chatham,2022,8,Medical,10.05
Riverdale,2020,11,Police,9.75
Uptown,2020,4,Fire,8.96
West Englewood,2024,7,Police,9.12
Lake View,2024,10,Medical,3.94
Woodlawn,2021,9,Police,12.19
Irving Park,2019,2,Medical,7.47
Loop,2020,7,Police,12.62
Loop,2019,1,Medical,6.07
Jefferson Park,2022,3,Police,9.8
Washington Heights,2019,4,Medical,10.17
Lincoln Square,2023,3,Fire,8.27
Near West Side,2021,8,Police,8.01
Beverly,2021,11,Fire,9.76
Woodlawn,2019,12,Police,12.58
Logan Square,2021,12,Police,8.89
Logan Square,2019,7,Medical,6.85
Douglas,2019,3,Fire,8.34
South Shore,2022,7,Police,12.42
Douglas,2019,2,Police,10.61
Near West Side,2021,12,Medical,8.39
Edison Park,2023,11,Fire,5.65
Edison Park,2020,11,Medical,3.88
Hyde Park,2021,3,Police,5.21
Hyde Park,2023,7,Medical,4.44
Grand Boulevard,2021,10,Medical,6.32
Logan Square,2023,5,Police,13.99
South Shore,2021,12,Police,13.16
Jefferson Park,2020,9,Medical,8.28
Loop,2022,8,Fire,5.78
Near West Side,2022,6,Police,10.65
Washington Heights,2020,12,Police,12.56
Irving Park,2021,4,Police,8.3
West Town,2023,3,Medical,10.99
Pullman,2019,6,Fire,10.98
Humboldt Park,2021,9,Medical,8.11
Portage Park,2020,5,Police,7.36
Hyde Park,2024,12,Police,12.8
Woodlawn,2022,7,Medical,8.71
Portage Park,2022,7,Medical,9.03
Beverly,2021,7,Medical,7.98
Englewood,2023,9,Fire,8.95
Near West Side,2020,2,Police,8.6
Lincoln Park,2020,8,Police,2.33
Beverly,2023,2,Police,6.49
South Shore,2023,11,Police,10.23
Rogers Park,2021,1,Police,6.3
West Englewood,2021,12,Fire,8.7
Mount Greenwood,2024,10,Medical,6.9
Edison Park,2022,6,Police,7.71
Near North Side,2022,2,Medical,3.12
Portage Park,2023,5,Police,9.62
Washington Heights,2019,1,Medical,9.47
Lincoln Square,2019,7,Police,9.03
Washington Park,2019,1,Fire,9.89
Irving Park,2020,12,Medical,9.4
Hyde Park,2021,12,Police,6.6
Beverly,2023,8,Police,7.47
Irving Park,2022,12,Fire,7.82
Auburn Gresham,2019,5,Medical,10.84
Kenwood,2022,5,Police,9.1
Austin,2021,3,Police,13.0
Logan Square,2024,2,Medical,6.62
Washington Park,2024,6,Medical,7.03
Lincoln Square,2023,4,Medical,8.45
Portage Park,2019,10,Medical,11.78
West Pullman,2019,12,Fire,18.22
Near North Side,2024,4,Police,2.47
Portage Park,2023,6,Medical,9.72
South Shore,2022,2,Medical,15.97
Morgan Park,2021,2,Fire,13.99
Grand Boulevard,2024,10,Medical,9.16
Grand Boulevard,2024,10,Medical,7.08
South Shore,2021,4,Fire,6.66
Hyde Park,2021,6,Medical,9.63
Washington Park,2024,2,Fire,8.15
Chatham,2022,7,Medical,10.01
Near West Side,2022,11,Police,7.98
Riverdale,2019,8,Police,11.7
Greater Grand Crossing,2022,9,Police,6.55
Humboldt Park,2020,6,Fire,6.98
Humboldt Park,2023,2,Medical,10.52
West Englewood,2022,6,Police,13.63
Roseland,2021,8,Police,11.65
South Shore,2022,10,Police,9.49
West Garfield Park,2019,1,Medical,8.89
Uptown,2023,11,Medical,7.44
Austin,2023,6,Medical,9.17
Roseland,2021,12,Medical,12.38
Chatham,2023,11,Medical,8.19
West Town,2020,1,Medical,6.29
Washington Park,2023,6,Police,12.7
Beverly,2024,10,Police,6.69
Beverly,2021,4,Medical,7.02
Grand Boulevard,2023,3,Medical,9.86
Washington Park,2022,3,Fire,9.87
Near North Side,2019,4,Police,10.34
Douglas,2024,3,Police,12.53
West Garfield Park,2024,9,Police,9.55
North Lawndale,2022,4,Police,12.67
Morgan Park,2024,1,Fire,9.52
Albany Park,2020,4,Medical,7.65
Albany Park,2020,1,Police,11.18
Near North Side,2019,10,Police,4.94
Beverly,2019,10,Medical,8.54
Woodlawn,2019,3,Fire,12.97
Riverdale,2019,4,Medical,14.55
Rogers Park,2023,4,Police,9.23
Englewood,2024,9,Police,14.34
Lincoln Square,2022,6,Medical,8.56
West Garfield Park,2020,3,Police,13.53
Lincoln Square,2023,7,Police,10.56
Hyde Park,2019,11,Medical,7.68
Lincoln Square,2021,4,Medical,4.89
Rogers Park,2021,7,Police,11.27
Near North Side,2022,2,Fire,4.74
Roseland,2020,7,Police,12.35
Jefferson Park,2020,8,Medical,5.46
West Englewood,2022,12,Fire,8.73
Edison Park,2019,7,Fire,5.56
Kenwood,2019,6,Medical,7.62
Near West Side,2024,4,Police,8.87
Greater Grand Crossing,2020,9,Police,11.91
Woodlawn,2020,1,Police,11.12
West Pullman,2020,5,Medical,4.35
Humboldt Park,2019,11,Police,12.0
North Lawndale,2021,1,Police,10.06
South Shore,2022,11,Police,9.88
Chatham,2022,10,Police,7.95
Austin,2023,11,Medical,13.04
West Englewood,2023,1,Medical,8.19
Pullman,2021,6,Police,8.86
Lincoln Square,2020,6,Police,12.1
Auburn Gresham,2021,11,Police,11.04
West Garfield Park,2023,7,Medical,8.62
Washington Heights,2024,10,Fire,3.55
Hyde Park,2023,9,Police,6.24
Washington Heights,2022,6,Medical,7.65
Morgan Park,2021,2,Medical,9.58
Lincoln Square,2019,4,Medical,4.14
Roseland,2023,9,Medical,11.34
Roseland,2022,2,Medical,9.67
Douglas,2020,7,Medical,5.57
Portage Park,2021,4,Fire,9.12
West Ridge,2023,10,Medical,6.89
Irving Park,2019,11,Police,9.12
Roseland,2023,6,Medical,8.55
Greater Grand Crossing,2019,1,Medical,11.48
North Lawndale,2021,11,Police,10.25
Hyde Park,2024,8,Police,7.9
Near North Side,2019,6,Medical,7.66
Rogers Park,2019,11,Medical,6.45
Hyde Park,2022,7,Medical,6.27
Grand Boulevard,2024,6,Police,7.44
Hyde Park,2021,7,Medical,3.75
Lincoln Park,2023,5,Medical,5.62
Lincoln Park,2024,3,Fire,4.11
Edison Park,2020,6,Medical,6.91
Kenwood,2021,10,Police,8.13
Douglas,2024,9,Medical,5.78
Near West Side,2021,6,Medical,8.06
Auburn Gresham,2020,9,Police,8.71
North Lawndale,2023,2,Fire,7.23
Pullman,2022,11,Medical,5.26
Auburn Gresham,2024,1,Medical,10.05
Roseland,2023,4,Medical,10.34
Riverdale,2020,5,Police,15.07
Albany Park,2023,10,Fire,8.81
Auburn Gresham,2021,7,Fire,12.03
Irving Park,2022,8,Medical,7.76
Roseland,2019,12,Police,12.57
Woodlawn,2024,1,Medical,10.11
Washington Heights,2023,6,Fire,8.86
Jefferson Park,2019,1,Fire,9.61
Near South Side,2022,8,Police,8.44
Irving Park,2019,12,Police,7.88
Chatham,2023,1,Medical,8.73
Riverdale,2020,4,Police,9.73
West Town,2024,3,Medical,7.81
West Ridge,2021,2,Medical,11.07
Washington Heights,2021,8,Medical,14.45
North Lawndale,2024,6,Police,12.88
Uptown,2019,12,Fire,7.18
Near North Side,2021,4,Medical,1.7
North Lawndale,2024,3,Medical,14.34
Beverly,2024,6,Medical,7.91
Auburn Gresham,2021,6,Police,8.18
Riverdale,2020,5,Police,10.53
Pullman,2019,3,Medical,10.16
Portage Park,2020,11,Police,11.28
Lincoln Square,2020,10,Medical,7.31
North Lawndale,2022,9,Police,18.22
Lincoln Square,2019,6,Medical,7.32
Englewood,2020,5,Medical,14.23
Chatham,2023,11,Medical,10.28
Kenwood,2021,7,Fire,5.39
Douglas,2019,1,Police,9.86
West Ridge,2022,7,Police,7.17
Lincoln Park,2020,1,Police,7.83
Washington Park,2023,9,Police,6.18
Near South Side,2021,6,Fire,9.76
Austin,2021,7,Medical,8.03
Pullman,2023,7,Police,8.98
Humboldt Park,2019,1,Fire,7.95
Washington Heights,2021,2,Medical,9.1
South Shore,2021,10,Police,11.14
West Pullman,2021,3,Fire,6.44
South Shore,2024,8,Medical,11.56
Jefferson Park,2020,9,Medical,6.84
Douglas,2020,11,Fire,8.87
West Pullman,2021,8,Medical,8.67
Lake View,2022,12,Fire,3.29
Grand Boulevard,2024,6,Medical,7.95
Lake View,2021,2,Fire,6.41
West Pullman,2019,2,Police,7.87
Albany Park,2024,12,Police,12.06
Washington Heights,2022,10,Police,11.61
West Town,2019,7,Medical,9.97
Near North Side,2023,9,Fire,6.36
Chatham,2023,6,Police,10.06
Uptown,2020,1,Medical,4.09
Near West Side,2024,9,Medical,8.16
Albany Park,2020,7,Police,6.75
South Shore,2020,3,Police,15.3
Chatham,2024,2,Police,10.96
West Town,2023,3,Police,8.31
West Englewood,2024,2,Police,9.89
Lincoln Park,2019,11,Medical,3.23
Irving Park,2022,10,Medical,5.07
Beverly,2020,2,Police,8.89
Logan Square,2023,4,Medical,6.95
Chatham,2020,6,Medical,10.41
Near West Side,2021,3,Medical,9.47
Uptown,2022,9,Police,11.93
Edison Park,2019,5,Police,13.65
Edison Park,2020,5,Medical,6.97
Loop,2021,7,Police,4.72
Lincoln Square,2021,9,Medical,7.06
Near South Side,2022,1,Police,7.17
Uptown,2023,9,Police,9.9
Edison Park,2023,2,Police,4.8
Grand Boulevard,2020,3,Medical,12.98
Austin,2020,12,Medical,7.47
Logan Square,2023,5,Fire,12.49
Uptown,2019,10,Medical,11.14
Jefferson Park,2019,12,Police,11.4
Humboldt Park,2021,4,Police,13.71
Logan Square,2022,5,Police,7.94
Near North Side,2019,10,Medical,6.94
West Town,2020,5,Medical,8.92
Near North Side,2019,12,Medical,4.65
Beverly,2022,5,Medical,2.26
Englewood,2020,10,Medical,10.05
Morgan Park,2022,10,Medical,9.29
Douglas,2023,10,Medical,6.7
Kenwood,2022,5,Medical,10.75
Auburn Gresham,2022,11,Police,10.29
Rogers Park,2022,2,Police,12.03
Albany Park,2020,11,Fire,10.55
Austin,2022,1,Fire,10.76
Edison Park,2022,10,Medical,7.94
Washington Park,2024,11,Police,11.58
Irving Park,2024,8,Medical,11.46
Washington Park,2021,3,Police,7.35
West Garfield Park,2020,12,Medical,12.09
Hyde Park,2024,7,Police,5.85
Humboldt Park,2022,8,Police,13.32
Morgan Park,2019,11,Medical,9.99
Greater Grand Crossing,2022,12,Police,9.9
Grand Boulevard,2019,6,Police,9.4
Lincoln Park,2023,6,Police,3.82
Lake View,2023,11,Medical,4.31
Washington Park,2020,3,Medical,7.73
North Lawndale,2020,9,Police,8.2
Logan Square,2023,3,Medical,8.68
Humboldt Park,2020,5,Police,11.74
South Shore,2019,6,Medical,7.96
North Lawndale,2019,1,Medical,8.61
South Shore,2021,11,Fire,10.7
Woodlawn,2020,9,Medical,8.59
West Pullman,2020,7,Police,11.92
Jefferson Park,2021,11,Medical,5.57
Mount Greenwood,2022,12,Medical,5.51
West Pullman,2019,1,Fire,9.81
Loop,2022,6,Police,4.59
South Shore,2024,7,Police,8.54
Riverdale,2021,5,Medical,11.22
Lincoln Square,2024,5,Medical,4.92
Englewood,2024,7,Police,13.08
Uptown,2020,3,Medical,6.9
Hyde Park,2022,3,Fire,10.27
Edison Park,2020,1,Police,7.88
Lincoln Park,2021,8,Medical,3.42
Austin,2023,2,Medical,12.63
Kenwood,2020,3,Medical,8.06
Washington Heights,2024,7,Police,7.7
Roseland,2024,10,Medical,10.29
Logan Square,2022,10,Medical,8.03
Lake View,2022,11,Medical,3.82
Washington Park,2021,8,Police,12.77
Loop,2022,9,Fire,3.39
North Lawndale,2019,8,Medical,9.99
North Lawndale,2020,7,Medical,9.44
West Ridge,2024,10,Medical,7.43
Albany Park,2019,1,Medical,5.0
Irving Park,2021,1,Police,9.76
Logan Square,2024,11,Fire,8.98
Portage Park,2019,8,Police,6.79
Near West Side,2019,7,Medical,6.65
West Englewood,2024,2,Medical,8.28
Washington Heights,2020,9,Medical,9.81
Hyde Park,2020,10,Medical,5.96
Humboldt Park,2023,7,Medical,10.69
Kenwood,2019,9,Fire,8.84
Morgan Park,2020,11,Medical,9.03
Rogers Park,2019,1,Medical,10.04
Douglas,2019,11,Police,12.41
Grand Boulevard,2021,3,Medical,8.23
Near West Side,2021,10,Police,10.21
North Lawndale,2024,2,Police,9.41
Irving Park,2019,6,Medical,9.5
South Shore,2021,10,Police,8.65
South Shore,2024,4,Medical,9.48
Riverdale,2020,2,Police,14.34
Near West Side,2019,2,Police,10.66
South Shore,2021,6,Police,8.82
Auburn Gresham,2020,9,Medical,6.06
Hyde Park,2019,6,Fire,8.32
West Englewood,2024,4,Police,13.35
Englewood,2019,12,Medical,10.46
West Englewood,2021,9,Police,14.64
Mount Greenwood,2020,2,Police,8.56
Austin,2019,6,Police,13.51
Beverly,2019,7,Fire,6.07
Logan Square,2024,3,Medical,7.28
Grand Boulevard,2023,4,Fire,10.27
Douglas,2019,7,Police,13.37
Austin,2023,9,Medical,11.51
South Shore,2023,5,Medical,4.62
West Englewood,2020,11,Medical,14.99
Edison Park,2022,2,Medical,7.86
Douglas,2024,8,Medical,7.27
Near South Side,2023,9,Police,5.56
Hyde Park,2020,11,Medical,7.34
Mount Greenwood,2024,11,Medical,7.24
Near South Side,2021,2,Fire,5.8
Washington Park,2023,10,Police,10.73
Morgan Park,2022,10,Police,11.39
Rogers Park,2021,1,Medical,9.63
Lincoln Park,2024,4,Medical,2.4
Grand Boulevard,2023,1,Police,8.87
Grand Boulevard,2023,1,Medical,9.88
Grand Boulevard,2022,5,Medical,10.62
West Pullman,2019,7,Fire,6.7
Roseland,2022,3,Medical,8.6
Logan Square,2020,7,Fire,9.46
North Lawndale,2020,5,Police,9.73
Grand Boulevard,2022,10,Medical,7.94
West Town,2022,11,Medical,9.56
Riverdale,2022,8,Medical,10.55
Near South Side,2022,7,Medical,7.23
Washington Heights,2022,1,Fire,9.88
Grand Boulevard,2023,1,Medical,4.3
Woodlawn,2024,7,Police,15.92
North Lawndale,2024,6,Police,15.81
Kenwood,2021,9,Medical,11.03
Mount Greenwood,2020,8,Medical,10.02
Near North Side,2020,6,Medical,4.65
Loop,2024,6,Medical,4.35
Woodlawn,2024,9,Medical,13.12
Lincoln Park,2021,12,Police,10.1
Woodlawn,2022,4,Fire,12.8
Jefferson Park,2024,9,Police,13.01
Pullman,2024,11,Police,10.58
Near South Side,2021,11,Medical,10.96
Hyde Park,2022,8,Police,8.88
Mount Greenwood,2020,3,Medical,6.39
Logan Square,2024,11,Medical,6.41
Grand Boulevard,2019,4,Fire,9.08
Loop,2020,7,Fire,8.34
Auburn Gresham,2020,3,Police,8.53
South Shore,2019,3,Police,10.54
West Garfield Park,2021,8,Police,9.39
South Shore,2023,5,Medical,9.62
Morgan Park,2022,12,Police,9.6
West Ridge,2022,5,Police,12.55
Washington Park,2020,8,Police,12.51
Morgan Park,2019,6,Fire,11.03
Lincoln Park,2020,5,Police,2.58
Portage Park,2020,1,Medical,8.12
Beverly,2024,5,Medical,11.22
Lincoln Park,2021,8,Police,4.87
Portage Park,2022,9,Fire,8.06
Humboldt Park,2023,6,Medical,9.57
West Ridge,2019,11,Medical,7.79
Mount Greenwood,2023,10,Medical,7.4
Uptown,2019,3,Fire,3.87
West Englewood,2022,8,Medical,9.75
Riverdale,2021,5,Medical,12.69
Kenwood,2023,2,Medical,5.8
Near West Side,2019,1,Medical,8.3
North Lawndale,2020,11,Medical,10.06
Kenwood,2022,8,Medical,8.51
West Englewood,2021,2,Police,10.56
Rogers Park,2024,11,Police,10.46
Greater Grand Crossing,2020,3,Medical,9.54
Washington Park,2021,9,Fire,6.68
Englewood,2019,1,Police,12.88
Washington Park,2020,8,Medical,6.71
Austin,2024,12,Police,6.68
Englewood,2024,2,Medical,10.63
Chatham,2021,8,Medical,8.19
Near West Side,2022,2,Medical,11.69
Grand Boulevard,2023,7,Fire,9.66
Near West Side,2024,3,Medical,10.35
Washington Park,2024,4,Medical,8.21
Austin,2023,12,Police,11.52
Jefferson Park,2020,11,Medical,7.11
Rogers Park,2022,1,Police,13.33
Near West Side,2022,12,Medical,10.45
Riverdale,2021,10,Police,9.23
Englewood,2020,1,Police,12.05
Austin,2022,12,Medical,9.15
Mount Greenwood,2021,11,Fire,13.34
North Lawndale,2022,10,Medical,8.82
Englewood,2020,12,Medical,11.58
Washington Park,2022,11,Police,9.55
Lincoln Park,2022,8,Police,3.94
Near South Side,2022,8,Police,6.88
Lincoln Park,2023,2,Medical,2.42
West Pullman,2019,4,Medical,11.61
Morgan Park,2020,2,Medical,7.2
Washington Heights,2023,8,Medical,12.0
Pullman,2019,7,Medical,10.77
Albany Park,2024,7,Medical,8.32
Roseland,2022,10,Police,7.63
North Lawndale,2022,3,Medical,8.34
Kenwood,2023,12,Medical,6.28
Jefferson Park,2021,11,Medical,6.82
Pullman,2020,5,Fire,7.24
West Town,2019,1,Medical,6.26
Lincoln Square,2022,10,Medical,8.33
Mount Greenwood,2020,11,Medical,7.13
Jefferson Park,2022,4,Medical,7.47
Jefferson Park,2022,4,Fire,9.51
Hyde Park,2022,1,Medical,7.58
Lincoln Square,2020,12,Medical,8.53
West Garfield Park,2023,7,Police,11.11
Austin,2020,5,Fire,11.72
West Town,2020,1,Fire,9.28
West Englewood,2024,5,Fire,13.54
Lake View,2021,8,Medical,2.93
Lake View,2021,10,Medical,4.6
Loop,2023,8,Medical,5.56
West Town,2021,2,Police,9.41
North Lawndale,2023,1,Fire,12.01
West Ridge,2022,2,Police,7.5
Chatham,2022,6,Police,14.5
Logan Square,2020,5,Medical,6.23
Lincoln Square,2022,4,Police,8.45
Albany Park,2021,8,Police,11.75
Pullman,2019,5,Fire,10.91
Morgan Park,2020,4,Medical,7.94
Edison Park,2023,11,Police,5.02
Uptown,2022,8,Police,5.4
Jefferson Park,2020,12,Police,14.32
Roseland,2020,1,Police,13.18
Portage Park,2020,9,Police,9.26
West Englewood,2022,2,Police,10.95
Auburn Gresham,2023,8,Medical,11.44
Logan Square,2020,9,Police,4.9
Greater Grand Crossing,2020,10,Police,10.04
Logan Square,2020,8,Fire,8.63
Irving Park,2024,9,Police,10.11
Auburn Gresham,2022,4,Medical,10.92
Albany Park,2024,11,Medical,7.08
Jefferson Park,2021,2,Medical,6.62
Near North Side,2023,3,Medical,9.6
West Ridge,2020,8,Medical,8.49
Grand Boulevard,2024,5,Medical,8.81
Washington Heights,2020,11,Fire,8.12
Mount Greenwood,2024,4,Police,9.27
Washington Heights,2020,3,Medical,10.12
Near South Side,2022,11,Medical,5.25
Grand Boulevard,2021,3,Police,13.56
Chatham,2020,10,Police,12.97
Humboldt Park,2024,10,Police,8.23
Hyde Park,2020,7,Medical,5.21
Lake View,2022,11,Police,5.33
Pullman,2023,12,Medical,15.08
Washington Park,2023,8,Police,9.26
Pullman,2021,5,Medical,11.96
Loop,2023,8,Police,7.09
West Garfield Park,2020,9,Medical,9.24
West Ridge,2022,4,Police,11.11
Washington Park,2020,2,Medical,6.67
Logan Square,2020,5,Medical,7.99
Washington Heights,2021,2,Police,9.56
South Shore,2023,10,Police,9.52
Lincoln Park,2023,2,Medical,8.04
Uptown,2023,6,Medical,8.55
West Englewood,2024,10,Medical,9.35
North Lawndale,2020,11,Fire,14.62
Portage Park,2022,10,Medical,7.83
Loop,2022,1,Police,3.92
Lake View,2020,2,Fire,6.19
Near West Side,2019,5,Police,8.36
Douglas,2020,10,Medical,8.41
Near West Side,2024,5,Medical,9.11
Austin,2023,10,Police,11.45
Kenwood,2020,12,Medical,12.59
Morgan Park,2024,3,Medical,10.55
Lincoln Square,2019,5,Fire,9.53
West Town,2020,9,Fire,18.09
Washington Park,2023,2,Medical,8.71
West Englewood,2021,6,Fire,10.77
Humboldt Park,2022,8,Medical,6.65
Near West Side,2019,3,Medical,6.27
Beverly,2021,2,Police,9.12
Greater Grand Crossing,2022,11,Medical,8.05
Near North Side,2021,1,Police,4.36
Roseland,2020,1,Fire,12.16
Near West Side,2020,11,Medical,9.79
Washington Park,2022,4,Police,8.28
Austin,2022,12,Fire,14.41
Mount Greenwood,2020,6,Fire,6.22
Edison Park,2020,7,Medical,3.65
North Lawndale,2024,8,Medical,9.23
South Shore,2022,8,Police,10.47
Austin,2022,10,Police,12.77
Near West Side,2024,1,Police,9.49
West Garfield Park,2022,12,Medical,10.53
Logan Square,2023,8,Medical,9.21
Near North Side,2024,12,Police,6.35
Woodlawn,2023,10,Medical,5.34
Albany Park,2020,1,Medical,8.32
Englewood,2023,3,Police,17.39
Greater Grand Crossing,2019,12,Medical,9.85
Washington Park,2020,5,Medical,6.4
Lincoln Park,2019,11,Medical,3.67
Kenwood,2021,10,Medical,10.38
North Lawndale,2019,10,Medical,10.76
Grand Boulevard,2021,12,Fire,10.95
Lincoln Park,2019,8,Medical,4.72
Chatham,2021,8,Medical,7.78
Washington Park,2021,6,Police,8.49
West Garfield Park,2020,4,Police,12.37
Kenwood,2022,4,Police,9.95
Portage Park,2022,8,Police,8.18
Hyde Park,2020,11,Police,9.52
Englewood,2021,3,Medical,8.92
South Shore,2022,8,Medical,10.56
Uptown,2022,4,Medical,12.62
Portage Park,2019,10,Police,11.83
Beverly,2023,9,Police,5.5
Humboldt Park,2020,12,Police,10.57
Hyde Park,2023,2,Medical,7.45
Near South Side,2021,10,Police,8.56
Washington Heights,2019,1,Police,6.23
Roseland,2022,4,Medical,10.59
Edison Park,2024,9,Police,8.26
Loop,2019,12,Medical,4.84
West Pullman,2020,7,Medical,11.42
Douglas,2021,9,Police,13.56
Near North Side,2019,9,Medical,3.41
Jefferson Park,2019,10,Police,10.93
Rogers Park,2019,9,Medical,8.1
Chatham,2022,9,Medical,11.23
Edison Park,2021,7,Medical,7.43
Lincoln Square,2022,8,Police,9.9
West Englewood,2019,12,Police,13.81
Uptown,2022,2,Medical,6.31
Mount Greenwood,2022,9,Police,8.2
Near North Side,2020,2,Medical,14.05
Woodlawn,2023,8,Medical,6.53
Rogers Park,2023,2,Police,10.83
Woodlawn,2020,11,Police,10.17
Austin,2020,12,Medical,8.63
Beverly,2024,8,Medical,7.03
Near North Side,2022,3,Police,5.55
Grand Boulevard,2024,2,Medical,11.16
Morgan Park,2022,6,Police,9.03
Portage Park,2021,6,Fire,6.02
Riverdale,2023,1,Police,13.74
Greater Grand Crossing,2022,7,Fire,12.86
Auburn Gresham,2021,12,Fire,11.25
Morgan Park,2024,12,Medical,10.35
West Garfield Park,2023,11,Medical,8.5
West Englewood,2021,12,Fire,6.65
Lake View,2021,1,Medical,4.84
West Pullman,2020,4,Fire,11.39
Uptown,2019,6,Medical,8.97
West Englewood,2019,8,Fire,6.73
Humboldt Park,2019,11,Medical,6.86
Pullman,2021,11,Medical,10.26
Pullman,2022,8,Police,10.03
West Garfield Park,2024,10,Police,11.84
Kenwood,2019,7,Fire,11.48
Grand Boulevard,2022,11,Fire,12.5
North Lawndale,2023,5,Fire,12.69
Humboldt Park,2024,6,Police,11.48
West Town,2024,8,Police,9.83
West Town,2019,3,Medical,9.35
Lincoln Park,2021,6,Medical,6.62
Woodlawn,2020,4,Medical,7.21
West Town,2021,3,Medical,7.98
Greater Grand Crossing,2024,3,Fire,9.78
Edison Park,2022,4,Medical,8.8
West Town,2023,6,Medical,9.9
Uptown,2024,11,Medical,10.71
Logan Square,2021,1,Police,9.62
Morgan Park,2024,2,Medical,10.2
Englewood,2020,4,Medical,9.18
Kenwood,2020,12,Medical,9.81
Mount Greenwood,2023,10,Medical,5.67
West Pullman,2019,9,Police,8.24
West Pullman,2021,8,Medical,5.95
Roseland,2024,10,Fire,11.17
Logan Square,2021,8,Fire,6.62
Rogers Park,2020,11,Police,14.57
Englewood,2022,7,Fire,12.06
West Town,2021,12,Fire,13.26
Humboldt Park,2020,6,Police,7.93
Chatham,2022,7,Police,7.74
Englewood,2019,6,Police,12.11
North Lawndale,2019,3,Fire,13.31
Near North Side,2020,12,Medical,4.96
Chatham,2020,6,Police,11.62
Pullman,2019,12,Police,13.67
Washington Park,2020,7,Medical,7.93
Beverly,2023,6,Medical,4.23
Humboldt Park,2021,11,Police,13.86
Edison Park,2023,2,Police,4.25
Woodlawn,2022,6,Medical,7.79
West Ridge,2020,2,Medical,8.68
West Garfield Park,2020,1,Police,13.21
Auburn Gresham,2022,10,Police,11.86
Humboldt Park,2021,10,Medical,11.01
Washington Park,2019,10,Medical,7.7
Roseland,2023,5,Medical,10.1
Chatham,2021,4,Medical,9.21
Loop,2019,9,Fire,8.56
Near South Side,2019,9,Police,7.03
Douglas,2020,9,Fire,9.84
West Englewood,2022,3,Police,9.87
Auburn Gresham,2024,10,Fire,8.79
Austin,2020,12,Medical,9.2
West Garfield Park,2024,12,Medical,12.57
Austin,2022,3,Medical,9.5
West Ridge,2020,3,Police,13.69
Lincoln Square,2023,11,Medical,9.69
Near South Side,2020,10,Medical,11.76
Washington Heights,2023,5,Medical,6.49
Englewood,2024,6,Police,13.76
Roseland,2021,6,Police,10.79
Lincoln Park,2021,3,Police,6.07
West Garfield Park,2024,12,Medical,9.91
Washington Heights,2024,2,Medical,6.39
Washington Park,2020,6,Medical,13.7
Lake View,2021,4,Police,11.09
Lake View,2019,9,Medical,9.53
Loop,2023,2,Police,9.7
Austin,2024,4,Fire,9.77
Morgan Park,2022,11,Police,10.46
Auburn Gresham,2023,11,Fire,8.6
Mount Greenwood,2020,2,Police,7.62
Jefferson Park,2021,5,Medical,7.92
Lake View,2021,3,Fire,3.64
West Ridge,2019,4,Medical,13.05
Jefferson Park,2021,9,Fire,6.24
Greater Grand Crossing,2020,10,Police,9.33
Douglas,2020,11,Medical,11.64
Douglas,2022,5,Fire,4.89
Douglas,2023,9,Police,4.45
Englewood,2023,5,Police,6.86
Chatham,2023,10,Medical,6.47
Beverly,2022,9,Fire,8.3
Riverdale,2022,8,Police,10.68
North Lawndale,2022,1,Police,9.53
Near North Side,2019,3,Police,3.8
Rogers Park,2022,5,Police,7.27
Riverdale,2021,12,Fire,12.42
Rogers Park,2024,3,Medical,10.78
Kenwood,2019,10,Medical,6.51
Lincoln Square,2021,1,Fire,8.65
Lincoln Square,2023,11,Medical,8.2
North Lawndale,2020,2,Medical,7.6
Woodlawn,2023,2,Medical,8.6
West Pullman,2022,4,Medical,10.16
Riverdale,2020,6,Police,14.77
South Shore,2023,2,Medical,9.02
Morgan Park,2019,6,Police,8.45
Greater Grand Crossing,2022,11,Police,9.41
Lincoln Park,2023,1,Fire,5.0
Austin,2020,8,Fire,9.13
Englewood,2021,3,Fire,13.04
Grand Boulevard,2023,8,Medical,5.7
Kenwood,2019,3,Medical,6.42
Logan Square,2020,1,Police,5.75
North Lawndale,2023,4,Fire,11.76
Logan Square,2021,3,Medical,7.49
Auburn Gresham,2022,8,Medical,7.52
Washington Heights,2022,1,Medical,7.81
West Garfield Park,2022,9,Police,15.87
West Town,2024,11,Police,9.17
North Lawndale,2020,9,Police,13.49
Grand Boulevard,2024,6,Police,8.69
Roseland,2021,5,Medical,7.91
Englewood,2021,11,Fire,11.3
Lincoln Square,2023,12,Medical,6.51
Uptown,2022,5,Police,9.84
Near North Side,2020,12,Medical,3.1
North Lawndale,2024,6,Medical,9.07
Near North Side,2024,7,Police,3.23
Mount Greenwood,2022,8,Police,7.63
Lincoln Park,2024,3,Police,7.16
Douglas,2022,10,Medical,9.54
Rogers Park,2023,1,Fire,9.77
Lincoln Square,2023,5,Fire,8.63
Chatham,2023,11,Police,5.84
Near South Side,2019,1,Police,7.64
Hyde Park,2019,2,Medical,8.8
Humboldt Park,2024,12,Medical,11.83
Jefferson Park,2020,8,Police,6.44
Irving Park,2020,3,Police,11.23
Lincoln Park,2023,11,Medical,2.58
Loop,2021,10,Police,9.7
Kenwood,2020,4,Medical,9.96
Woodlawn,2024,11,Medical,9.17
Beverly,2019,6,Police,4.14
Edison Park,2024,8,Police,5.16
Rogers Park,2024,1,Medical,7.12
Kenwood,2019,2,Medical,9.78
Near North Side,2022,11,Police,5.61
Near West Side,2023,6,Police,7.53
Douglas,2024,8,Police,9.18
West Englewood,2021,12,Medical,7.55
Roseland,2023,8,Fire,11.41
Chatham,2019,3,Police,15.58
Douglas,2021,4,Police,8.7
Portage Park,2020,10,Medical,6.98
Loop,2022,4,Police,6.05
Chatham,2024,4,Police,12.46
Morgan Park,2019,2,Police,10.8
Englewood,2022,6,Fire,10.78
Rogers Park,2024,8,Fire,8.03
Pullman,2024,9,Medical,9.95
Roseland,2023,1,Fire,12.05
North Lawndale,2021,1,Police,12.39
West Garfield Park,2023,9,Police,9.36
Beverly,2022,11,Medical,6.67
Humboldt Park,2019,4,Police,11.69
Grand Boulevard,2022,11,Medical,9.27
Washington Park,2019,7,Medical,4.34
West Town,2022,2,Medical,6.84
Douglas,2023,10,Police,7.67
Uptown,2022,1,Fire,6.6
Near West Side,2020,11,Medical,8.12
Englewood,2023,7,Medical,14.65
West Englewood,2022,6,Police,14.49
Rogers Park,2022,3,Police,14.83
Near South Side,2021,10,Medical,10.18
Chatham,2023,4,Medical,9.56
Lincoln Park,2021,1,Police,3.21
Auburn Gresham,2023,7,Police,10.07
Rogers Park,2019,9,Police,11.1
Rogers Park,2023,1,Police,9.53
Woodlawn,2023,2,Fire,12.68
Near South Side,2022,2,Police,10.72
Austin,2020,6,Police,15.86
Mount Greenwood,2024,5,Police,3.79
Hyde Park,2023,6,Fire,6.82
Austin,2021,1,Police,9.81
South Shore,2020,6,Police,11.06
Rogers Park,2023,11,Police,14.0
Greater Grand Crossing,2020,6,Medical,4.46
Albany Park,2019,7,Medical,11.2
West Garfield Park,2020,12,Fire,11.46
Grand Boulevard,2019,2,Police,12.26
Near North Side,2020,6,Medical,3.98
Near North Side,2020,9,Fire,2.51
West Town,2021,9,Medical,7.69
Englewood,2024,2,Police,17.1
Lincoln Square,2021,5,Medical,8.17
Humboldt Park,2022,7,Police,10.9
Humboldt Park,2020,5,Police,11.67
Austin,2019,3,Police,11.59
Near North Side,2020,1,Police,8.94
West Pullman,2023,7,Police,11.15
Near West Side,2019,8,Fire,6.16
West Ridge,2023,6,Medical,9.39
Albany Park,2022,12,Medical,8.83
West Garfield Park,2023,12,Medical,10.57
Auburn Gresham,2022,7,Police,19.12
Irving Park,2022,9,Fire,8.68
Lincoln Park,2022,2,Medical,6.37
Douglas,2023,5,Fire,9.91
West Pullman,2022,3,Police,17.01
Morgan Park,2022,12,Medical,7.6
Loop,2021,2,Medical,7.07
Rogers Park,2024,3,Fire,9.25
Lincoln Park,2020,4,Fire,4.28
Near West Side,2022,2,Police,20.08
North Lawndale,2019,2,Medical,8.74
Lincoln Park,2019,8,Fire,6.21
Riverdale,2021,3,Fire,9.1
Grand Boulevard,2023,3,Police,17.89
Grand Boulevard,2023,4,Police,7.56
Hyde Park,2023,11,Medical,7.95
Logan Square,2022,5,Fire,9.23
Near North Side,2024,3,Police,6.89
West Town,2024,6,Fire,7.87
Woodlawn,2023,10,Police,9.7
Hyde Park,2023,3,Medical,7.92
Riverdale,2020,8,Medical,13.09
West Town,2024,4,Fire,12.49
Greater Grand Crossing,2022,5,Police,11.64
Woodlawn,2022,3,Medical,10.64
Lake View,2019,5,Medical,2.54
West Ridge,2019,11,Police,10.79
Riverdale,2020,7,Police,14.01
Austin,2021,3,Fire,17.81
Grand Boulevard,2022,3,Medical,9.49
Beverly,2019,1,Medical,5.25
Austin,2023,2,Medical,9.9
Humboldt Park,2022,4,Police,12.43
Chatham,2022,12,Police,9.62
Hyde Park,2022,9,Police,6.27
West Englewood,2024,3,Police,10.99
West Town,2019,10,Police,10.65
Uptown,2020,5,Medical,6.57
Grand Boulevard,2019,9,Fire,13.79
Chatham,2023,4,Police,13.23
Englewood,2023,4,Medical,6.87
Riverdale,2021,6,Police,13.0
Morgan Park,2019,7,Police,10.35
Morgan Park,2019,12,Fire,10.58
Grand Boulevard,2021,11,Fire,4.97
Near North Side,2021,6,Police,4.59
Uptown,2022,11,Fire,6.87
West Pullman,2022,4,Medical,8.77
Pullman,2023,7,Medical,6.01
North Lawndale,2020,12,Medical,12.56
Near North Side,2023,11,Medical,7.07
Morgan Park,2024,10,Medical,8.09
Rogers Park,2019,3,Police,11.92
Humboldt Park,2020,3,Fire,11.4
West Pullman,2022,12,Medical,7.23
Lincoln Park,2021,7,Police,4.19
Washington Heights,2021,12,Fire,8.09
Albany Park,2023,6,Medical,10.16
Near North Side,2019,2,Police,2.46
Hyde Park,2019,1,Medical,6.64
Englewood,2021,6,Medical,7.11
Roseland,2023,9,Medical,7.25
Greater Grand Crossing,2024,3,Police,8.04
Near South Side,2023,9,Police,4.07
West Garfield Park,2022,6,Police,9.97
Riverdale,2022,4,Police,12.54
Albany Park,2022,10,Medical,9.0
Irving Park,2024,10,Police,9.19
Austin,2020,10,Police,9.28
Morgan Park,2023,12,Police,6.43
West Pullman,2023,2,Police,8.14
West Town,2024,9,Police,11.94
Woodlawn,2022,5,Police,15.06
South Shore,2021,5,Police,9.79
West Garfield Park,2022,2,Fire,9.76
West Ridge,2020,5,Police,10.14
Greater Grand Crossing,2024,6,Police,8.45
Near North Side,2021,2,Medical,5.42
Logan Square,2023,1,Medical,11.74
West Town,2020,6,Fire,12.27
Washington Park,2020,9,Police,17.98
Grand Boulevard,2024,9,Medical,9.64
Douglas,2021,9,Fire,10.6
Hyde Park,2022,5,Medical,5.53
Riverdale,2022,10,Medical,8.28
Portage Park,2019,1,Police,8.73
Albany Park,2021,3,Medical,5.79
Washington Park,2022,8,Police,8.31
Auburn Gresham,2020,9,Medical,6.62
Beverly,2024,4,Medical,4.69
Morgan Park,2022,11,Medical,5.38
Kenwood,2024,12,Police,9.4
Mount Greenwood,2022,3,Medical,7.89
Riverdale,2024,2,Police,13.4
West Garfield Park,2020,5,Fire,10.79
Kenwood,2021,2,Police,8.45
Auburn Gresham,2019,11,Police,9.58
West Ridge,2024,9,Medical,14.54
West Pullman,2022,10,Medical,6.35
Kenwood,2024,11,Medical,13.43
Jefferson Park,2024,9,Medical,6.45
Lincoln Square,2022,3,Medical,5.34
West Garfield Park,2022,4,Fire,9.8
West Garfield Park,2021,12,Medical,9.19
Roseland,2020,12,Medical,7.64
Mount Greenwood,2020,9,Police,11.06
Portage Park,2020,1,Police,11.5
Near South Side,2020,7,Police,7.04
Near South Side,2020,2,Police,11.27
North Lawndale,2020,9,Fire,12.02
Chatham,2022,11,Fire,10.79
Kenwood,2022,12,Police,9.25
Albany Park,2020,12,Medical,7.46
West Garfield Park,2020,3,Medical,9.74
North Lawndale,2021,6,Medical,8.93
Loop,2024,5,Medical,4.38
Auburn Gresham,2021,2,Medical,10.72
North Lawndale,2023,9,Medical,9.99
West Garfield Park,2022,3,Police,8.46
Jefferson Park,2020,6,Medical,5.18
Humboldt Park,2024,9,Medical,7.96
Chatham,2022,8,Medical,6.87
Pullman,2023,10,Medical,8.8
Lincoln Square,2021,5,Police,8.94
North Lawndale,2023,6,Police,12.92
Loop,2019,3,Medical,5.24
Jefferson Park,2021,5,Medical,7.95
Logan Square,2022,6,Police,10.37
West Town,2021,3,Medical,11.67
Woodlawn,2023,10,Medical,8.66
West Town,2020,2,Medical,6.24
South Shore,2024,10,Fire,13.67
Auburn Gresham,2023,9,Medical,10.79
Near West Side,2023,7,Medical,7.36
Hyde Park,2020,4,Police,7.74
Hyde Park,2024,3,Police,3.4
Washington Park,2022,4,Fire,7.87
Hyde Park,2024,9,Police,5.14
Hyde Park,2022,9,Police,6.48
South Shore,2021,12,Medical,7.87
North Lawndale,2023,6,Fire,8.92
West Pullman,2021,11,Medical,9.58
Uptown,2020,12,Fire,11.21
West Ridge,2019,9,Medical,7.87
Riverdale,2022,9,Medical,7.34
Near West Side,2020,6,Police,15.04
West Garfield Park,2022,5,Police,10.59
Riverdale,2021,11,Police,8.55
Irving Park,2019,3,Police,7.53
Uptown,2024,1,Police,12.06
Hyde Park,2023,4,Medical,4.7
West Englewood,2024,1,Police,9.94
Edison Park,2022,12,Police,7.78
Greater Grand Crossing,2023,1,Medical,12.4
Near North Side,2021,6,Police,6.45
Greater Grand Crossing,2022,11,Medical,6.84
Austin,2024,5,Fire,9.38
Kenwood,2021,7,Police,10.07
Rogers Park,2023,1,Medical,9.16
Washington Park,2021,1,Police,19.48
Albany Park,2021,8,Police,11.1
Austin,2021,6,Police,10.14
Austin,2020,8,Medical,10.03
Edison Park,2020,6,Police,3.24
Chatham,2022,6,Police,7.13
Washington Heights,2021,10,Medical,6.93
South Shore,2024,7,Police,13.13
Lincoln Park,2021,12,Police,2.96
Austin,2021,2,Medical,6.82
Loop,2020,3,Medical,6.55
Austin,2023,12,Medical,5.3
Near North Side,2021,4,Medical,3.73
Morgan Park,2019,1,Medical,8.79
Humboldt Park,2022,9,Medical,9.51
Hyde Park,2020,9,Fire,8.36
Hyde Park,2023,4,Police,6.19
Humboldt Park,2019,1,Police,13.95
Near North Side,2021,1,Police,5.16
Riverdale,2024,6,Police,13.86
Hyde Park,2024,2,Police,6.12
Loop,2020,1,Medical,6.99
Uptown,2021,10,Medical,9.95
Lincoln Square,2022,11,Fire,10.93
Hyde Park,2020,12,Police,11.51
Portage Park,2019,2,Police,8.36
West Ridge,2024,7,Police,12.83
Humboldt Park,2023,4,Medical,8.37
Roseland,2023,7,Medical,7.41
Irving Park,2022,7,Police,9.51
Hyde Park,2023,4,Medical,5.17
Riverdale,2023,2,Medical,14.38
Logan Square,2022,9,Police,6.76
Humboldt Park,2024,10,Medical,9.37
Kenwood,2019,10,Medical,5.69
Englewood,2020,3,Medical,7.51
Hyde Park,2024,1,Police,5.52
Near South Side,2020,11,Medical,6.07
South Shore,2022,8,Medical,8.98
Greater Grand Crossing,2024,4,Police,12.05
Mount Greenwood,2021,9,Medical,7.73
West Ridge,2022,8,Police,8.9
Jefferson Park,2022,11,Police,9.77
Grand Boulevard,2022,11,Medical,7.59
West Town,2022,7,Fire,8.4
Logan Square,2023,9,Medical,12.96
Grand Boulevard,2023,2,Medical,8.56
West Garfield Park,2024,4,Medical,9.93
West Ridge,2019,5,Medical,9.01
Loop,2022,5,Fire,13.49
Loop,2020,12,Medical,5.22
Uptown,2021,1,Medical,5.98
Irving Park,2023,9,Police,10.5
Mount Greenwood,2020,9,Medical,4.36
West Ridge,2023,5,Police,6.02
Greater Grand Crossing,2024,10,Police,14.81
Humboldt Park,2019,3,Medical,10.12
Austin,2021,8,Police,7.84
Near West Side,2023,7,Fire,9.35
Englewood,2021,5,Police,12.87
Lincoln Park,2021,12,Police,6.83
Logan Square,2024,1,Police,14.23
Greater Grand Crossing,2020,7,Police,13.96
Douglas,2023,11,Medical,3.98
North Lawndale,2021,1,Medical,7.73
Irving Park,2024,1,Police,4.28
Roseland,2022,9,Medical,11.91
Mount Greenwood,2021,6,Medical,7.58
Near North Side,2021,7,Police,9.68
West Pullman,2023,2,Medical,8.68
Near West Side,2022,11,Fire,11.67
Lincoln Park,2021,8,Police,9.53
Loop,2023,7,Police,8.5
Woodlawn,2023,5,Fire,13.74
Auburn Gresham,2024,8,Fire,8.5
Near North Side,2021,2,Police,2.95
Lake View,2019,6,Medical,5.13
Portage Park,2019,4,Police,11.66
West Town,2020,7,Police,8.37
Uptown,2019,6,Police,8.78
Lake View,2019,12,Medical,3.41
Grand Boulevard,2023,6,Fire,9.03
Auburn Gresham,2023,5,Police,9.3
Jefferson Park,2024,11,Medical,2.63
West Town,2021,5,Police,5.41
Uptown,2021,2,Medical,8.89
Chatham,2023,11,Fire,8.7
Lincoln Park,2021,7,Police,2.58
West Garfield Park,2023,7,Police,10.4
Hyde Park,2019,8,Police,6.55
Near South Side,2021,4,Fire,7.96
Edison Park,2019,11,Medical,5.16
Near South Side,2020,11,Medical,9.88
Portage Park,2024,11,Medical,11.38
Beverly,2024,9,Police,2.32
Edison Park,2021,10,Police,6.18
Kenwood,2023,3,Medical,4.97
West Englewood,2024,3,Fire,7.66
Humboldt Park,2023,2,Fire,6.87
Humboldt Park,2024,10,Police,8.14
Albany Park,2020,7,Police,7.42
Irving Park,2023,12,Police,11.3
Beverly,2019,10,Fire,4.66
Englewood,2023,2,Medical,6.88
Morgan Park,2020,7,Medical,10.11
Albany Park,2022,3,Police,9.07
West Garfield Park,2022,1,Police,9.93
West Garfield Park,2019,11,Police,12.64
Uptown,2022,8,Medical,10.01
Pullman,2023,8,Police,11.93
Rogers Park,2020,10,Medical,9.39
Irving Park,2024,1,Medical,6.64
Washington Heights,2019,11,Medical,8.07
Lincoln Square,2022,6,Fire,5.92
Logan Square,2023,4,Police,11.86
Englewood,2024,5,Medical,9.43
Near South Side,2024,8,Fire,6.95
Douglas,2023,8,Police,13.57
Lincoln Square,2021,7,Medical,5.38
North Lawndale,2021,5,Medical,9.23
Lake View,2020,6,Fire,5.64
Near West Side,2019,8,Medical,10.16
West Ridge,2022,5,Fire,14.83
Irving Park,2022,3,Medical,8.61
West Garfield Park,2023,9,Police,11.24
Albany Park,2022,9,Police,10.14
Englewood,2020,10,Police,9.46
Lincoln Park,2021,1,Fire,6.45
Edison Park,2023,7,Police,6.61
Portage Park,2019,4,Police,6.15
Irving Park,2023,6,Medical,11.09
Jefferson Park,2022,7,Police,12.34
West Ridge,2020,8,Fire,7.3
Edison Park,2019,11,Police,8.13
Portage Park,2023,5,Police,9.89
Greater Grand Crossing,2022,5,Medical,9.24
Albany Park,2023,12,Fire,11.4
Near South Side,2019,6,Police,12.6
Loop,2022,7,Police,6.15
Edison Park,2021,5,Police,3.08
Greater Grand Crossing,2024,5,Police,12.48
Chatham,2019,12,Police,17.47
Irving Park,2021,4,Police,10.53
Humboldt Park,2021,1,Police,15.69
Near South Side,2022,7,Medical,6.95
Douglas,2023,7,Police,13.55
Near South Side,2023,6,Medical,9.48
Roseland,2020,10,Fire,6.49
Washington Heights,2019,2,Fire,6.34
Loop,2019,2,Police,3.21
Kenwood,2022,6,Medical,9.22
Grand Boulevard,2022,12,Medical,8.68
Near North Side,2020,9,Police,4.09
Jefferson Park,2020,5,Police,12.29
Rogers Park,2021,7,Police,10.65
Hyde Park,2024,2,Police,7.26
Beverly,2020,6,Police,6.49
Beverly,2023,11,Police,4.75
Douglas,2021,6,Police,10.01
Albany Park,2024,10,Fire,7.64
Lincoln Park,2020,6,Medical,8.01
West Garfield Park,2024,6,Medical,11.41
Beverly,2023,4,Police,8.29
Kenwood,2023,5,Medical,7.09
Albany Park,2021,4,Police,11.57
Edison Park,2021,6,Fire,3.14
Near South Side,2023,9,Police,9.3
Lincoln Park,2022,5,Police,6.75
Near South Side,2021,5,Police,11.58
Washington Heights,2019,3,Medical,11.68
Kenwood,2022,11,Medical,6.82
Riverdale,2019,7,Medical,8.65
North Lawndale,2024,5,Medical,11.77
South Shore,2024,2,Police,13.74
West Pullman,2024,9,Police,9.33
Irving Park,2020,5,Medical,9.88
Woodlawn,2021,7,Police,15.01
Albany Park,2021,12,Police,13.91
West Pullman,2023,7,Police,7.92
Hyde Park,2021,10,Medical,5.47
Washington Park,2024,12,Police,10.07
Portage Park,2019,8,Fire,4.47
Grand Boulevard,2022,4,Police,13.2
Englewood,2020,7,Medical,12.26
Mount Greenwood,2022,3,Police,7.82
Grand Boulevard,2019,9,Fire,7.5
Chatham,2020,8,Police,12.35
Pullman,2023,12,Medical,9.05
Near North Side,2021,10,Medical,3.84
Mount Greenwood,2021,9,Police,8.16
Riverdale,2023,2,Police,12.75
Near South Side,2019,4,Medical,8.3
West Ridge,2023,1,Medical,4.84
North Lawndale,2024,8,Medical,4.92
Riverdale,2019,4,Police,15.67
Auburn Gresham,2020,4,Medical,9.68
Englewood,2022,7,Police,11.68
Loop,2022,6,Medical,4.02
West Englewood,2023,3,Medical,10.12
North Lawndale,2021,8,Police,10.27
Kenwood,2023,2,Police,7.44
Edison Park,2021,1,Police,7.62
Roseland,2023,12,Fire,11.64
Albany Park,2023,12,Police,6.44
Grand Boulevard,2022,12,Medical,8.88
Portage Park,2024,2,Fire,8.18
West Ridge,2021,9,Medical,9.62
Hyde Park,2024,5,Police,12.13
Greater Grand Crossing,2024,5,Police,10.74
Riverdale,2024,6,Fire,11.89
Logan Square,2022,3,Medical,9.06
Mount Greenwood,2024,1,Medical,5.59
Washington Park,2021,8,Police,10.5
Lincoln Square,2020,7,Medical,10.2
Near West Side,2024,12,Medical,5.03
North Lawndale,2024,8,Medical,9.66
Auburn Gresham,2020,9,Police,11.76
Roseland,2024,2,Police,14.79
Near West Side,2020,5,Medical,7.88
Grand Boulevard,2019,2,Police,8.07
Austin,2022,8,Medical,6.01
Rogers Park,2022,4,Fire,6.33
Irving Park,2020,11,Medical,6.39
Kenwood,2023,4,Police,7.65
Englewood,2022,10,Police,10.49
Edison Park,2021,8,Medical,5.21
North Lawndale,2022,7,Medical,12.85
Lake View,2022,1,Fire,4.42
Hyde Park,2021,7,Police,10.31
Roseland,2020,10,Police,8.83
Logan Square,2020,3,Police,5.99
Near West Side,2021,5,Medical,9.38
Chatham,2022,8,Medical,8.41
Uptown,2024,6,Medical,6.35
Hyde Park,2022,8,Police,6.08
Mount Greenwood,2020,5,Police,7.02
Irving Park,2024,10,Medical,9.12
West Ridge,2019,9,Police,9.76
Portage Park,2020,11,Medical,8.91
South Shore,2021,6,Police,12.48
North Lawndale,2024,11,Police,13.65
Logan Square,2019,9,Police,7.96
Auburn Gresham,2019,4,Medical,10.37
Douglas,2021,2,Medical,6.74
Irving Park,2024,8,Medical,9.71
West Ridge,2023,5,Fire,10.7
Auburn Gresham,2020,2,Medical,8.93
Near North Side,2022,6,Police,2.68
Hyde Park,2024,3,Fire,2.95
Hyde Park,2020,1,Medical,7.52
Kenwood,2021,12,Police,9.05
Irving Park,2022,6,Fire,8.45
Austin,2023,11,Police,15.71
Grand Boulevard,2021,8,Medical,6.35
Mount Greenwood,2020,1,Medical,8.65
Jefferson Park,2019,3,Police,6.98
West Pullman,2021,6,Medical,8.88
West Town,2021,10,Police,6.96
Auburn Gresham,2020,3,Fire,8.81
Logan Square,2023,7,Medical,10.42
Lake View,2020,6,Police,7.68
Portage Park,2020,9,Police,10.74
Albany Park,2023,6,Medical,7.73
Logan Square,2023,7,Fire,12.19
Morgan Park,2021,2,Medical,8.47
West Town,2019,10,Medical,5.64
Near North Side,2020,4,Police,2.9
Mount Greenwood,2019,5,Police,10.24
South Shore,2023,2,Police,6.83
West Pullman,2023,11,Police,6.92
West Englewood,2020,10,Medical,9.47
West Town,2021,10,Medical,9.7
Greater Grand Crossing,2020,10,Medical,9.18
Near South Side,2021,7,Police,8.71
Lincoln Park,2022,4,Police,3.34
Rogers Park,2021,9,Medical,8.38
Lincoln Square,2020,8,Police,10.24
Portage Park,2020,10,Police,6.06
Hyde Park,2021,9,Medical,8.35
Auburn Gresham,2019,8,Medical,9.77
Grand Boulevard,2021,5,Medical,8.89
Chatham,2022,9,Police,11.74
Near South Side,2022,5,Medical,3.97
Woodlawn,2019,8,Police,9.86
Washington Heights,2022,4,Police,11.31
Mount Greenwood,2020,5,Medical,7.33
Logan Square,2019,11,Police,9.4
Grand Boulevard,2019,4,Medical,7.27
Austin,2019,2,Medical,10.64
Roseland,2024,4,Fire,9.22
Lincoln Square,2021,11,Medical,7.32
Mount Greenwood,2021,5,Medical,10.34
Austin,2019,6,Medical,10.05
Pullman,2022,4,Police,6.37
Washington Park,2024,11,Police,10.13
Irving Park,2024,10,Medical,14.76
Hyde Park,2020,12,Medical,10.86
Auburn Gresham,2020,4,Police,13.86
Riverdale,2021,6,Police,16.18
South Shore,2023,7,Medical,7.63
Jefferson Park,2019,7,Medical,8.14
Irving Park,2023,4,Medical,8.32
Lake View,2020,5,Police,6.96
South Shore,2021,3,Medical,8.18
West Englewood,2021,5,Police,9.53
Lake View,2021,10,Medical,5.3
Englewood,2021,5,Medical,9.07
Englewood,2021,4,Medical,10.26
Logan Square,2019,6,Medical,7.61
Washington Heights,2024,5,Medical,10.64
Humboldt Park,2023,8,Medical,7.51
Portage Park,2024,2,Fire,8.44
Beverly,2020,6,Medical,6.3
Lincoln Square,2020,2,Medical,7.7
Riverdale,2024,12,Police,13.07
Near North Side,2021,6,Medical,9.87
Morgan Park,2021,4,Medical,11.69
Edison Park,2024,1,Medical,2.31
Auburn Gresham,2021,6,Police,14.66
Albany Park,2024,3,Medical,8.6
West Town,2022,7,Medical,8.87
Beverly,2020,3,Medical,7.05
West Town,2021,10,Medical,16.97
Lake View,2023,4,Police,9.64
Chatham,2022,9,Police,11.84
Near West Side,2019,7,Police,9.5
Albany Park,2022,4,Medical,9.27
Irving Park,2022,2,Police,10.96
Lincoln Square,2022,5,Police,8.5
Pullman,2023,8,Medical,6.68
North Lawndale,2020,2,Medical,9.49
Austin,2021,9,Medical,9.55
Mount Greenwood,2023,5,Medical,8.56
Greater Grand Crossing,2023,6,Medical,9.58
Washington Park,2024,7,Medical,9.27
Grand Boulevard,2021,9,Police,11.35
Irving Park,2024,7,Medical,8.2
Englewood,2024,4,Fire,8.49
Greater Grand Crossing,2022,5,Medical,8.65
Auburn Gresham,2024,12,Medical,9.04
Uptown,2019,3,Medical,9.24
Jefferson Park,2022,1,Medical,6.82
North Lawndale,2022,3,Police,9.26
West Englewood,2024,1,Police,10.95
Englewood,2024,5,Medical,14.12
Morgan Park,2020,7,Police,10.96
Humboldt Park,2022,9,Medical,11.16
Lincoln Square,2019,4,Medical,9.7
Chatham,2023,10,Fire,11.83
Morgan Park,2024,10,Police,6.37
West Town,2022,1,Police,10.45
South Shore,2023,7,Police,8.01
Austin,2024,3,Police,10.19
Irving Park,2020,1,Police,4.99
Lake View,2024,4,Police,8.85
Englewood,2019,11,Fire,7.02
Rogers Park,2021,9,Police,10.85
Washington Heights,2021,6,Police,9.2
West Pullman,2024,6,Police,7.42
Hyde Park,2020,7,Medical,6.76
West Garfield Park,2019,1,Medical,8.37
Woodlawn,2024,5,Police,10.93
Kenwood,2023,4,Fire,12.19
West Englewood,2020,4,Police,15.84
Washington Heights,2022,7,Medical,11.1
Hyde Park,2023,2,Police,11.85
Beverly,2024,5,Police,7.22
Grand Boulevard,2022,7,Medical,9.24
Douglas,2022,3,Fire,10.55
Lincoln Square,2023,2,Medical,8.2
Jefferson Park,2022,12,Medical,8.32
Lincoln Square,2021,1,Police,7.13
Near North Side,2023,5,Police,5.33
Grand Boulevard,2020,12,Medical,8.15
West Ridge,2021,12,Medical,6.61
Kenwood,2020,5,Police,10.99
Mount Greenwood,2019,4,Police,12.25
Pullman,2020,8,Police,10.06
Pullman,2023,2,Fire,11.2
Mount Greenwood,2020,12,Police,16.23
Englewood,2019,4,Police,13.7
Kenwood,2022,5,Fire,8.27
Hyde Park,2023,9,Fire,5.1
Austin,2024,3,Medical,8.1
Logan Square,2021,1,Police,11.69
West Town,2021,4,Medical,7.48
Woodlawn,2020,10,Police,13.13
Lincoln Square,2021,6,Police,9.79
Austin,2019,7,Medical,9.1
Roseland,2024,4,Medical,9.35
Roseland,2021,4,Police,10.72
Greater Grand Crossing,2020,6,Police,12.64
Uptown,2021,1,Police,6.83
Douglas,2022,5,Fire,12.78
Douglas,2022,11,Medical,5.89
Irving Park,2021,3,Police,11.91
Near South Side,2023,8,Medical,8.99
Lincoln Square,2024,5,Medical,7.27
Pullman,2021,7,Medical,7.02
Pullman,2022,8,Police,10.34
Grand Boulevard,2022,8,Police,12.86
Loop,2019,2,Medical,9.35
West Town,2020,2,Medical,10.24
Grand Boulevard,2019,10,Police,6.41
South Shore,2023,5,Medical,10.09
Austin,2020,3,Fire,6.53
Auburn Gresham,2021,12,Police,5.33
Near South Side,2021,12,Medical,9.83
West Town,2023,10,Medical,4.64
West Garfield Park,2024,1,Police,10.01
Auburn Gresham,2022,8,Police,12.5
Logan Square,2024,6,Medical,9.5
Near West Side,2021,3,Police,12.78
Roseland,2019,8,Police,10.02
North Lawndale,2022,11,Medical,9.8
Humboldt Park,2021,1,Fire,8.92
Greater Grand Crossing,2022,3,Medical,7.85
Greater Grand Crossing,2024,9,Fire,10.55
Loop,2020,6,Fire,5.57
Near West Side,2021,1,Fire,7.46
Near North Side,2021,9,Fire,2.15
Lincoln Square,2022,7,Medical,10.65
Englewood,2020,1,Medical,10.82
West Ridge,2019,1,Fire,7.91
Lake View,2020,5,Police,7.3
Albany Park,2019,11,Police,10.2
West Pullman,2023,4,Medical,7.92
Morgan Park,2024,12,Medical,4.29
Logan Square,2020,8,Medical,12.02
Washington Heights,2019,2,Police,8.11
Lake View,2022,6,Police,7.48
Albany Park,2019,8,Medical,10.15
Albany Park,2023,1,Medical,8.31
Beverly,2019,3,Police,5.38
Woodlawn,2024,1,Police,9.72
Near South Side,2020,7,Police,10.09
Edison Park,2019,1,Medical,7.27
Rogers Park,2020,12,Police,10.34
South Shore,2023,9,Medical,10.69
Washington Heights,2019,8,Medical,10.17
Humboldt Park,2019,11,Medical,13.81
Near South Side,2023,3,Police,8.78
Roseland,2024,12,Medical,9.22
Near South Side,2019,12,Fire,12.85
Jefferson Park,2020,4,Police,10.28
West Garfield Park,2024,9,Medical,12.24
Lake View,2021,10,Police,5.62
Pullman,2024,6,Fire,10.16
Mount Greenwood,2021,5,Medical,4.74
Beverly,2020,5,Medical,9.31
Near West Side,2019,1,Medical,8.36
Greater Grand Crossing,2020,12,Medical,5.62
Riverdale,2023,1,Medical,12.08
Logan Square,2020,3,Police,9.4
Humboldt Park,2021,2,Medical,7.68
Riverdale,2024,10,Fire,10.03
Chatham,2022,1,Police,12.9
Greater Grand Crossing,2023,12,Police,14.85
Albany Park,2019,5,Fire,8.25
Pullman,2024,11,Fire,11.6
Lincoln Park,2020,3,Police,3.88
Rogers Park,2023,7,Medical,9.32
Near North Side,2021,8,Fire,4.65
Woodlawn,2019,10,Police,10.79
Near South Side,2020,6,Police,6.36
South Shore,2024,12,Fire,8.36
Austin,2020,5,Fire,9.85
Grand Boulevard,2019,10,Medical,7.49
Loop,2024,12,Fire,3.16
Beverly,2022,5,Police,6.36
Washington Park,2022,1,Fire,8.77
South Shore,2023,12,Medical,11.18
Lake View,2020,6,Medical,6.39
Near South Side,2023,6,Medical,9.27
North Lawndale,2019,3,Medical,10.17
Lincoln Park,2024,4,Medical,3.45
Chatham,2023,4,Medical,11.35
Near West Side,2020,6,Police,6.47
Riverdale,2022,8,Police,10.73
Rogers Park,2022,12,Fire,10.18
Uptown,2019,9,Police,12.3
Near South Side,2021,9,Police,4.69
West Englewood,2023,5,Medical,8.38
Morgan Park,2019,8,Police,9.32
Mount Greenwood,2022,8,Medical,7.76
Uptown,2020,10,Police,6.56
Washington Park,2020,4,Police,10.25
Beverly,2024,4,Medical,10.26
Loop,2021,3,Medical,6.15
Englewood,2021,5,Police,9.53
Near South Side,2022,8,Medical,6.27
Grand Boulevard,2021,8,Fire,9.26
Lincoln Park,2021,9,Fire,6.42
Logan Square,2020,1,Medical,10.18
Grand Boulevard,2024,12,Medical,9.8
Jefferson Park,2023,4,Fire,8.45
West Garfield Park,2020,6,Medical,10.55
West Ridge,2024,5,Medical,14.85
Near West Side,2020,4,Police,6.3
Near West Side,2022,11,Fire,9.03
Near North Side,2024,3,Medical,2.24
Loop,2024,2,Medical,5.07
Jefferson Park,2022,9,Fire,11.27
West Garfield Park,2024,10,Police,9.67
Woodlawn,2023,3,Fire,7.16
West Ridge,2019,4,Medical,8.29
Greater Grand Crossing,2021,1,Police,13.3
Near West Side,2024,1,Police,10.06
West Garfield Park,2021,10,Medical,10.6
Lake View,2020,9,Fire,9.85
Washington Heights,2020,11,Medical,4.3
North Lawndale,2024,4,Medical,8.77
Near North Side,2024,10,Police,6.85
West Garfield Park,2024,4,Police,9.42
Washington Heights,2023,6,Police,10.89
Greater Grand Crossing,2024,2,Police,11.84
Mount Greenwood,2021,6,Police,5.9
Lincoln Square,2020,7,Police,9.38
Beverly,2020,1,Police,9.59
Washington Park,2024,8,Police,10.36
Lake View,2022,6,Police,3.09
Roseland,2019,9,Fire,11.78
Irving Park,2024,4,Police,13.41
Lincoln Square,2023,11,Medical,11.69
Kenwood,2019,2,Police,11.54
Chatham,2019,9,Police,12.66
Jefferson Park,2024,8,Medical,6.03
Lincoln Square,2023,2,Medical,5.65
Kenwood,2021,8,Medical,10.1
Humboldt Park,2024,11,Medical,9.44
Lake View,2020,8,Medical,4.59
North Lawndale,2023,5,Police,11.83
Near West Side,2020,7,Medical,9.16
Irving Park,2024,7,Medical,10.54
North Lawndale,2024,4,Medical,10.31
West Garfield Park,2022,6,Medical,9.29
Roseland,2019,10,Fire,12.17
Kenwood,2022,6,Medical,13.35
Portage Park,2019,6,Police,5.21
West Englewood,2021,9,Medical,9.68
Grand Boulevard,2023,2,Police,8.22
West Garfield Park,2021,10,Police,9.1
Rogers Park,2019,8,Fire,9.62
West Town,2024,8,Medical,9.54
West Pullman,2022,1,Medical,6.68
Jefferson Park,2019,11,Police,5.85
West Town,2024,2,Police,7.74
South Shore,2021,4,Medical,12.08
Kenwood,2024,5,Medical,11.56
West Englewood,2024,5,Medical,10.9
Douglas,2021,6,Medical,5.41
Woodlawn,2022,7,Police,13.52
Near West Side,2024,1,Police,4.92
Irving Park,2022,7,Police,10.7
Loop,2024,6,Medical,4.95
Rogers Park,2024,5,Police,7.18
Near South Side,2021,6,Medical,9.12
Rogers Park,2019,11,Fire,11.61
Albany Park,2019,8,Fire,9.55
West Pullman,2023,12,Police,10.84
Washington Heights,2021,6,Police,9.1
Douglas,2023,5,Medical,9.62
North Lawndale,2024,6,Police,12.66
West Pullman,2021,9,Police,8.19
Woodlawn,2023,12,Medical,10.99
South Shore,2020,1,Police,5.52
North Lawndale,2019,3,Police,9.56
Washington Heights,2019,3,Police,11.02
Chatham,2020,9,Fire,10.02
North Lawndale,2022,3,Fire,9.72
Edison Park,2020,6,Medical,8.29
Pullman,2019,9,Medical,7.7
Englewood,2021,10,Police,10.54
Near North Side,2023,5,Police,3.22
Greater Grand Crossing,2019,10,Medical,6.1
North Lawndale,2020,11,Fire,12.74
Beverly,2021,9,Medical,6.25
Jefferson Park,2019,9,Medical,9.11
Jefferson Park,2020,6,Fire,7.55
Edison Park,2019,8,Medical,10.9
West Englewood,2020,9,Medical,7.61
North Lawndale,2024,9,Police,12.12
Lake View,2020,8,Medical,7.79
Humboldt Park,2019,4,Medical,8.35
South Shore,2021,8,Fire,10.2
Roseland,2019,2,Medical,4.64
Lincoln Square,2019,3,Police,13.83
Washington Heights,2024,9,Medical,16.3
Loop,2021,10,Police,6.25
Washington Park,2024,4,Fire,7.3
South Shore,2019,2,Fire,7.36
Irving Park,2024,3,Fire,7.57
West Ridge,2023,7,Medical,9.28
Humboldt Park,2023,9,Medical,6.67
Douglas,2023,7,Fire,7.2
Pullman,2020,8,Medical,9.11
Grand Boulevard,2022,3,Fire,12.84
Loop,2024,7,Medical,6.61
Beverly,2019,1,Medical,5.31
Lincoln Square,2022,12,Police,8.44
West Town,2024,6,Medical,8.28
Kenwood,2023,3,Police,8.57
Washington Park,2021,2,Medical,10.77
Rogers Park,2023,4,Police,8.04
Near North Side,2019,11,Medical,6.83
Pullman,2022,9,Police,9.34
Irving Park,2022,6,Medical,8.69
Lake View,2024,12,Medical,6.01
Beverly,2020,9,Medical,3.77
Irving Park,2021,8,Police,12.25
Washington Heights,2023,5,Medical,10.35
North Lawndale,2021,8,Medical,8.7
West Ridge,2019,2,Fire,9.64
Albany Park,2020,8,Medical,7.53
West Town,2023,1,Police,9.98
Roseland,2019,11,Police,12.7
West Garfield Park,2021,12,Police,15.9
Lincoln Square,2020,3,Police,7.56
Near North Side,2023,7,Police,3.79
Morgan Park,2021,4,Police,8.67
Pullman,2023,11,Medical,3.16
Washington Heights,2020,7,Medical,8.11
Englewood,2020,1,Police,7.03
Lincoln Park,2021,7,Fire,3.38
Beverly,2023,3,Police,7.19
Englewood,2022,2,Police,16.17
West Town,2019,9,Police,12.55
Humboldt Park,2020,2,Medical,7.16
Lincoln Park,2023,3,Medical,3.11
Auburn Gresham,2021,3,Police,13.11
West Pullman,2021,4,Medical,5.74
Uptown,2020,11,Police,10.67
Uptown,2024,7,Police,12.66
Douglas,2020,7,Police,4.56
Douglas,2024,9,Fire,4.3
Albany Park,2022,10,Fire,7.87
Uptown,2021,8,Police,10.66
Irving Park,2023,6,Fire,5.08
Chatham,2024,6,Police,5.48
West Garfield Park,2019,5,Medical,9.54
Near North Side,2019,2,Medical,8.67
Logan Square,2022,6,Police,8.55
West Ridge,2024,6,Medical,11.04
Lincoln Square,2024,12,Medical,8.21
Albany Park,2023,5,Medical,5.6
Washington Heights,2019,6,Medical,5.75
Kenwood,2019,5,Medical,10.42
West Garfield Park,2023,11,Police,13.67
Lincoln Park,2024,12,Police,4.02
Near West Side,2023,4,Medical,10.39
Lake View,2020,3,Police,6.99
West Pullman,2019,1,Medical,10.75
Albany Park,2024,11,Medical,5.27
Jefferson Park,2019,4,Police,12.13
Woodlawn,2022,9,Police,12.05
Logan Square,2020,7,Police,8.51
Near West Side,2020,7,Police,10.17
Near South Side,2019,7,Police,11.02
Kenwood,2021,4,Fire,11.52
Beverly,2021,12,Medical,6.93
Lincoln Square,2023,7,Medical,9.88
Kenwood,2020,11,Police,11.97
West Englewood,2019,2,Police,14.14
Uptown,2024,12,Police,9.0
Lincoln Square,2019,8,Medical,8.95
Auburn Gresham,2019,10,Police,11.57
Mount Greenwood,2024,8,Medical,8.23
West Englewood,2024,9,Police,9.6
Pullman,2022,5,Medical,8.39
Washington Park,2021,10,Medical,7.32
Mount Greenwood,2022,8,Medical,5.83
Logan Square,2019,2,Police,7.93
Lincoln Square,2019,10,Fire,9.56
Humboldt Park,2020,10,Medical,9.44
Logan Square,2020,8,Medical,11.82
Woodlawn,2021,10,Police,11.3
Lincoln Park,2024,9,Fire,4.28
West Garfield Park,2023,6,Medical,7.56
Greater Grand Crossing,2019,6,Medical,10.18
Mount Greenwood,2020,4,Police,7.14
West Englewood,2021,8,Police,10.79
West Garfield Park,2022,7,Police,10.47
Morgan Park,2019,12,Medical,10.94
West Ridge,2023,9,Police,6.91
Logan Square,2021,1,Police,8.19
West Ridge,2024,10,Fire,8.66
South Shore,2023,8,Medical,8.32
Hyde Park,2019,8,Police,8.93
Douglas,2021,9,Fire,4.83
Uptown,2024,7,Police,12.25
West Englewood,2020,9,Medical,9.81
Irving Park,2023,10,Police,10.76
Kenwood,2022,8,Fire,8.38
Lake View,2022,9,Police,5.27
Loop,2023,9,Police,4.06
Washington Heights,2019,1,Fire,9.12
Washington Heights,2019,3,Medical,8.09
Logan Square,2019,6,Medical,7.83
Morgan Park,2022,12,Police,8.23
Irving Park,2022,11,Police,9.47
Logan Square,2020,7,Medical,11.93
Albany Park,2019,4,Medical,8.71
Riverdale,2022,10,Police,8.03
Mount Greenwood,2022,2,Medical,6.28
Austin,2019,12,Police,12.81
West Englewood,2019,4,Fire,9.45
Uptown,2022,6,Fire,16.56
Lake View,2024,4,Medical,2.64
Hyde Park,2023,12,Police,5.7
Portage Park,2022,10,Medical,3.81
Near North Side,2020,2,Fire,6.91
Albany Park,2021,9,Fire,9.08
Englewood,2024,1,Fire,9.88
Uptown,2019,10,Police,10.88
Edison Park,2020,7,Medical,1.77
Pullman,2023,9,Medical,11.0
Portage Park,2021,3,Medical,5.89
Near North Side,2024,11,Police,7.71
West Ridge,2022,6,Medical,7.94
Lincoln Park,2019,9,Police,4.68
Morgan Park,2022,9,Police,6.74
West Pullman,2020,4,Police,9.23
Loop,2019,12,Police,8.22
Englewood,2022,8,Medical,8.34
Austin,2019,8,Police,8.98
Washington Park,2020,11,Medical,10.19
Irving Park,2022,7,Police,10.71
Near North Side,2021,6,Medical,6.29
Washington Heights,2023,3,Medical,9.16
West Garfield Park,2022,12,Police,10.88
Portage Park,2019,4,Fire,5.35
Lincoln Park,2024,12,Police,6.22
Grand Boulevard,2022,9,Police,7.67
Woodlawn,2019,10,Police,13.45
Lincoln Park,2024,7,Medical,3.26
Beverly,2020,11,Medical,7.18
West Ridge,2024,8,Police,11.18
Douglas,2023,6,Medical,11.9
Loop,2019,12,Medical,8.11
Washington Park,2022,1,Medical,8.21
West Town,2024,11,Police,11.23
Chatham,2020,12,Medical,8.24
Edison Park,2024,9,Medical,6.55
Auburn Gresham,2021,11,Medical,4.51
Riverdale,2022,3,Medical,8.64
Douglas,2023,3,Fire,12.41
Lake View,2020,9,Police,8.07
Washington Heights,2022,4,Fire,7.71
North Lawndale,2019,8,Medical,11.43
Beverly,2019,12,Police,6.58
Auburn Gresham,2019,11,Medical,8.84
Roseland,2022,12,Medical,6.82
Pullman,2023,4,Police,8.18
Albany Park,2019,2,Medical,9.71
West Town,2022,5,Medical,6.52
North Lawndale,2022,11,Police,11.18
Grand Boulevard,2023,3,Medical,7.81
Riverdale,2020,4,Medical,12.53
Austin,2020,12,Medical,9.69
Beverly,2022,3,Medical,6.89
West Englewood,2020,1,Police,8.67
Englewood,2021,4,Police,13.21
South Shore,2023,9,Medical,10.24
West Ridge,2022,7,Medical,9.59
Roseland,2020,6,Police,11.08
Logan Square,2024,10,Police,9.58
Morgan Park,2020,9,Medical,5.61
Austin,2023,4,Police,11.17
Lake View,2024,6,Police,4.78
South Shore,2019,3,Police,8.72
Washington Heights,2020,3,Fire,5.8
Loop,2024,10,Police,6.56
Kenwood,2023,10,Police,7.19
Woodlawn,2024,8,Medical,12.42
Roseland,2019,5,Fire,11.46
Woodlawn,2024,8,Medical,11.09
Hyde Park,2022,9,Police,3.32
Near North Side,2019,2,Medical,6.77
Beverly,2020,7,Police,8.48
Lake View,2022,12,Fire,3.32
Grand Boulevard,2022,2,Medical,6.28
South Shore,2019,7,Police,8.52
Englewood,2022,11,Medical,8.49
West Town,2019,3,Medical,7.84
West Pullman,2019,8,Police,8.59
Hyde Park,2024,4,Police,8.32
Pullman,2019,9,Medical,7.53
Near West Side,2023,12,Police,11.2
Jefferson Park,2020,4,Medical,8.44
Chatham,2022,2,Medical,4.77
Washington Heights,2021,4,Medical,6.26
Lincoln Square,2024,5,Medical,10.28
Uptown,2020,8,Police,7.9
Chatham,2021,3,Police,7.14
Portage Park,2019,9,Police,12.33
Riverdale,2022,9,Police,13.17
Beverly,2024,11,Fire,9.76
Portage Park,2020,10,Police,8.04
Woodlawn,2021,3,Medical,11.58
Riverdale,2021,8,Medical,8.47
Near South Side,2021,6,Fire,2.81
Washington Heights,2020,11,Police,9.61
Pullman,2023,6,Medical,8.32
Beverly,2019,2,Police,11.16
West Ridge,2022,8,Police,9.33
Woodlawn,2021,7,Fire,12.22
Greater Grand Crossing,2024,2,Medical,11.03
Portage Park,2020,4,Police,10.0
North Lawndale,2024,5,Police,10.46
Rogers Park,2021,9,Police,6.36
West Englewood,2020,10,Fire,11.78
West Englewood,2024,2,Medical,22.93
Pullman,2023,12,Police,12.7
South Shore,2021,12,Medical,9.54
Washington Heights,2021,7,Police,6.37
Rogers Park,2022,5,Fire,12.08
Washington Park,2020,2,Police,11.02
Beverly,2020,10,Fire,9.73
Loop,2023,12,Police,6.42
Uptown,2021,3,Police,8.83
West Ridge,2022,5,Medical,4.71
North Lawndale,2024,10,Fire,9.69
Albany Park,2019,1,Police,12.37
Lake View,2022,7,Police,2.14
Jefferson Park,2024,1,Medical,12.45
West Ridge,2022,6,Fire,9.36
Englewood,2024,12,Medical,9.27
Beverly,2022,6,Police,14.53
Pullman,2022,1,Medical,9.46
Albany Park,2021,12,Medical,8.02
Irving Park,2022,7,Medical,6.45
Greater Grand Crossing,2024,8,Medical,11.44
Near South Side,2024,3,Police,11.42
Lincoln Park,2020,12,Medical,2.88
Uptown,2024,10,Medical,9.81
Albany Park,2020,1,Medical,9.8
Lake View,2024,2,Police,6.4
Hyde Park,2022,1,Medical,4.8
Near South Side,2024,9,Medical,8.01
Hyde Park,2020,4,Medical,6.71
Beverly,2021,7,Fire,5.63
Hyde Park,2019,5,Police,7.65
Edison Park,2022,9,Police,4.08
Lake View,2024,9,Police,5.89
West Town,2020,6,Medical,9.08
Austin,2020,5,Police,12.61
Rogers Park,2021,10,Medical,12.94
Austin,2024,1,Fire,6.47
Auburn Gresham,2021,4,Fire,10.09
Uptown,2019,5,Medical,6.69
Pullman,2024,9,Medical,9.98
Logan Square,2023,2,Police,9.88
Austin,2023,2,Police,9.66
Near South Side,2024,3,Medical,4.73
West Ridge,2023,3,Medical,10.77
Woodlawn,2019,12,Police,11.25
Beverly,2022,7,Medical,8.98
Hyde Park,2023,1,Police,3.77
Beverly,2023,2,Police,10.54
Washington Park,2024,11,Police,4.58
Portage Park,2020,1,Police,6.62
Edison Park,2020,9,Police,7.98
Edison Park,2022,10,Police,9.53
Riverdale,2024,9,Police,17.72
Near North Side,2021,3,Police,4.96
Beverly,2019,12,Medical,6.11
Near South Side,2023,3,Police,9.68
Edison Park,2024,1,Police,2.81
Near South Side,2024,5,Police,7.27
Loop,2019,3,Police,5.28
Edison Park,2020,2,Police,11.54
Pullman,2019,3,Police,12.18
Chatham,2020,8,Medical,18.12
Jefferson Park,2019,8,Medical,9.24
West Town,2020,1,Medical,10.99
Roseland,2019,2,Police,9.86
Hyde Park,2023,1,Medical,4.77
Albany Park,2023,8,Medical,5.22
Chatham,2022,1,Medical,9.0
Austin,2019,6,Fire,6.36
Greater Grand Crossing,2021,10,Police,12.49
Loop,2022,11,Medical,5.12
Auburn Gresham,2019,8,Medical,8.95
Douglas,2021,8,Police,4.76
Near North Side,2023,7,Police,2.95
Grand Boulevard,2023,8,Fire,7.56
Morgan Park,2024,8,Police,5.45
Mount Greenwood,2023,10,Fire,10.94
Chatham,2024,3,Police,6.65
Austin,2021,2,Medical,10.42
Beverly,2020,12,Medical,7.23
South Shore,2019,4,Medical,8.55
Beverly,2022,5,Medical,6.07
Pullman,2024,2,Fire,9.14
Humboldt Park,2022,11,Medical,9.31
Riverdale,2023,8,Police,10.73
Jefferson Park,2020,8,Medical,8.44
Woodlawn,2024,12,Police,11.82
Kenwood,2019,4,Police,7.02
Logan Square,2024,12,Medical,8.87
Hyde Park,2019,5,Police,9.52
Chatham,2022,11,Medical,10.8
South Shore,2022,12,Police,9.69
South Shore,2022,5,Police,10.39
Edison Park,2019,5,Police,5.67
Grand Boulevard,2024,9,Police,8.76
Chatham,2022,9,Medical,7.65
Lake View,2019,11,Medical,5.5
Near North Side,2023,4,Medical,4.29
Greater Grand Crossing,2024,1,Medical,6.29
Morgan Park,2024,8,Police,16.92
Woodlawn,2024,11,Fire,7.25
West Ridge,2020,1,Fire,5.95
Washington Park,2022,7,Police,8.64
Jefferson Park,2019,12,Medical,8.02
Woodlawn,2023,4,Police,11.27
Rogers Park,2021,1,Medical,6.67
Grand Boulevard,2023,4,Medical,12.23
Albany Park,2020,7,Medical,8.91
Washington Park,2023,8,Medical,7.03
Uptown,2022,2,Medical,14.23
Lincoln Park,2022,9,Medical,6.63
Lincoln Park,2021,5,Police,2.78
West Ridge,2024,11,Fire,7.31
North Lawndale,2019,12,Police,12.83
Grand Boulevard,2023,8,Medical,6.07
West Ridge,2021,2,Medical,6.9
Irving Park,2022,2,Medical,7.98
Douglas,2024,4,Police,10.72
Auburn Gresham,2019,4,Fire,7.88
Loop,2019,3,Medical,6.86
Washington Heights,2020,5,Police,9.94
Kenwood,2024,2,Medical,9.17
Loop,2022,1,Medical,7.56
Rogers Park,2019,12,Police,8.44
Rogers Park,2020,4,Medical,10.2
West Garfield Park,2020,6,Police,10.42
Rogers Park,2022,6,Police,11.88
Roseland,2019,2,Medical,10.19
Morgan Park,2024,6,Police,7.79
Uptown,2019,4,Medical,4.82
Portage Park,2023,10,Medical,11.5
Kenwood,2019,1,Medical,10.27
Douglas,2020,1,Medical,9.15
Hyde Park,2021,2,Medical,9.36
Logan Square,2022,4,Police,17.16
Rogers Park,2021,8,Medical,8.45
Kenwood,2019,3,Medical,7.03
Albany Park,2024,11,Medical,5.62
West Englewood,2024,5,Medical,11.08
Kenwood,2020,3,Police,11.9
South Shore,2021,8,Police,11.0
Greater Grand Crossing,2022,4,Police,11.41
Austin,2023,11,Medical,10.62
Mount Greenwood,2021,8,Police,7.93
Austin,2024,8,Medical,8.85
West Garfield Park,2023,9,Medical,9.05
West Town,2024,2,Fire,13.37
Austin,2019,11,Police,14.13
West Town,2019,10,Medical,8.68
Englewood,2022,7,Police,13.48
Portage Park,2023,10,Police,12.57
Rogers Park,2023,1,Fire,10.64
West Town,2022,4,Medical,7.36
Hyde Park,2024,4,Medical,9.04
Lincoln Square,2021,4,Medical,14.41
Lake View,2022,7,Fire,6.97
West Englewood,2019,5,Police,11.91
Logan Square,2023,5,Medical,8.4
Albany Park,2020,3,Medical,9.35
Portage Park,2024,10,Police,14.45
North Lawndale,2020,5,Police,10.6
Englewood,2019,5,Police,11.91
Washington Heights,2023,8,Police,7.04
Morgan Park,2023,11,Medical,7.34
Grand Boulevard,2022,2,Fire,10.44
Near North Side,2021,8,Medical,4.54
Washington Heights,2022,4,Police,6.55
Uptown,2020,9,Police,7.65
Irving Park,2023,8,Medical,9.41
Near North Side,2021,5,Medical,8.02
Hyde Park,2022,5,Police,4.66
Riverdale,2021,9,Medical,13.52
Auburn Gresham,2024,5,Medical,7.55
West Town,2024,9,Medical,8.91
West Ridge,2020,6,Police,8.56
Morgan Park,2021,11,Police,8.47
Near North Side,2024,11,Police,8.53
West Pullman,2023,1,Police,8.46
Lincoln Square,2024,11,Police,10.02
Loop,2021,12,Police,12.02
Greater Grand Crossing,2021,12,Fire,10.59
West Pullman,2022,8,Police,18.83
South Shore,2021,1,Fire,9.27
Logan Square,2021,2,Medical,8.82
Rogers Park,2020,6,Police,8.33
West Englewood,2021,5,Police,10.9
Roseland,2022,2,Medical,9.78
Greater Grand Crossing,2022,6,Medical,14.3
Washington Park,2023,7,Medical,12.8
Austin,2024,3,Medical,15.71
Near West Side,2020,11,Medical,5.64
Rogers Park,2019,8,Police,7.4
Lake View,2023,4,Medical,4.27
Douglas,2021,10,Fire,4.5
Kenwood,2024,9,Medical,9.1
Auburn Gresham,2020,7,Fire,11.41
Greater Grand Crossing,2023,3,Fire,9.59
Greater Grand Crossing,2022,5,Police,10.69
Lincoln Square,2020,9,Police,11.54
Greater Grand Crossing,2020,12,Police,17.09
North Lawndale,2021,9,Fire,8.8
Austin,2020,8,Police,12.61
Morgan Park,2024,8,Police,7.47
North Lawndale,2024,9,Police,12.93
Douglas,2020,5,Police,6.59
West Ridge,2019,11,Police,8.55
Near South Side,2021,9,Medical,14.74
Greater Grand Crossing,2020,6,Medical,8.93
Washington Heights,2020,6,Medical,8.63
Washington Heights,2019,11,Medical,8.38
Chatham,2019,10,Police,12.8
Hyde Park,2022,12,Medical,7.01
Near South Side,2021,6,Police,11.05
West Garfield Park,2019,7,Medical,6.42
Austin,2020,9,Medical,8.89
Pullman,2019,3,Police,13.4
Jefferson Park,2023,12,Medical,12.01
Pullman,2022,6,Medical,7.3
Humboldt Park,2022,10,Police,11.16
Auburn Gresham,2024,5,Police,12.08
West Ridge,2021,4,Fire,10.82
Humboldt Park,2022,8,Medical,8.1
Riverdale,2021,3,Medical,11.27
West Englewood,2023,2,Fire,9.18
Washington Heights,2024,4,Fire,9.01
Loop,2020,3,Medical,9.56
West Ridge,2023,7,Medical,15.1
Morgan Park,2021,12,Police,7.74
Near West Side,2021,4,Police,8.74
Auburn Gresham,2021,10,Police,10.42
North Lawndale,2020,12,Fire,11.23
Austin,2024,9,Police,10.34
Lincoln Square,2024,12,Fire,10.11
Irving Park,2021,11,Fire,7.68
Chatham,2023,5,Medical,9.12
Near North Side,2024,3,Medical,2.67
Humboldt Park,2020,2,Police,14.83
Irving Park,2023,6,Police,9.99
West Englewood,2020,6,Fire,13.23
Lake View,2021,1,Medical,7.61
West Garfield Park,2024,7,Police,11.56
West Pullman,2020,12,Police,7.7
Albany Park,2019,5,Medical,8.39
West Garfield Park,2023,7,Medical,7.61
Lake View,2019,12,Medical,2.52
Jefferson Park,2019,4,Fire,10.63
Riverdale,2021,5,Fire,8.92
Greater Grand Crossing,2021,7,Medical,10.21
Greater Grand Crossing,2019,6,Medical,9.27
North Lawndale,2020,1,Police,14.12
Jefferson Park,2021,1,Police,11.19
Chatham,2023,2,Police,13.96
Humboldt Park,2019,11,Police,15.78
Washington Park,2023,11,Police,7.88
West Town,2024,3,Medical,6.5
Lincoln Park,2023,1,Medical,3.39
Chatham,2023,10,Medical,6.4
West Town,2019,2,Police,14.24
Chatham,2022,12,Police,11.59
Lincoln Square,2024,2,Medical,10.57
North Lawndale,2021,7,Medical,11.61
Washington Heights,2023,11,Medical,7.82
Austin,2019,12,Medical,11.71
Portage Park,2022,6,Police,15.06
Humboldt Park,2019,9,Police,9.8
Uptown,2021,10,Medical,6.71
Beverly,2019,5,Police,7.3
North Lawndale,2020,3,Medical,11.36
Loop,2024,1,Police,7.55
Washington Park,2020,1,Police,9.04
Beverly,2023,2,Medical,4.11
Logan Square,2019,11,Police,5.33
Lincoln Square,2019,11,Police,10.48
Humboldt Park,2023,3,Medical,8.8
Riverdale,2023,11,Medical,10.81
South Shore,2024,10,Fire,12.41
Auburn Gresham,2022,10,Fire,7.85
Edison Park,2019,5,Police,5.9
Englewood,2021,7,Fire,11.81
Lake View,2021,4,Medical,4.83
Lake View,2021,10,Police,7.74
Pullman,2023,11,Medical,8.0
Jefferson Park,2023,6,Medical,7.8
West Pullman,2023,6,Fire,11.15
Riverdale,2021,11,Medical,12.08
Uptown,2022,2,Police,6.73
Roseland,2024,6,Police,8.81
Irving Park,2020,5,Police,11.07
Chatham,2019,11,Medical,6.6
Uptown,2020,6,Fire,9.64
Hyde Park,2019,4,Medical,7.98
Roseland,2023,1,Medical,6.19
Jefferson Park,2021,9,Fire,11.9
Hyde Park,2020,3,Medical,9.77
West Ridge,2023,1,Police,10.24
Uptown,2019,4,Police,9.54
Lincoln Square,2024,7,Medical,7.65
Washington Park,2024,4,Police,12.83
Logan Square,2020,11,Medical,5.4
Washington Heights,2020,4,Fire,10.07
West Englewood,2020,9,Medical,10.39
Grand Boulevard,2020,11,Police,7.44
Jefferson Park,2020,6,Police,9.2
West Ridge,2023,9,Fire,11.15
Morgan Park,2019,12,Medical,8.65
Pullman,2019,12,Police,9.72
West Ridge,2022,2,Fire,9.02
West Pullman,2021,7,Police,12.63
North Lawndale,2024,7,Police,9.38
Logan Square,2020,8,Medical,10.43
Lake View,2024,10,Medical,5.69
Albany Park,2019,11,Medical,7.93
Washington Park,2021,9,Medical,8.06
Englewood,2021,8,Medical,10.29
Auburn Gresham,2023,2,Police,8.93
Roseland,2020,3,Medical,10.66
Near North Side,2022,12,Medical,6.14
Lincoln Park,2021,2,Medical,4.57
Uptown,2023,1,Police,7.05
Logan Square,2020,7,Medical,8.84
Uptown,2019,8,Medical,3.83
Hyde Park,2022,5,Fire,6.86
Kenwood,2020,10,Police,10.28
Lincoln Park,2023,11,Medical,6.02
Irving Park,2024,9,Medical,7.41
Greater Grand Crossing,2023,4,Medical,15.97
West Ridge,2023,1,Police,4.94
Portage Park,2023,4,Medical,7.68
Washington Heights,2023,5,Police,9.74
Englewood,2022,11,Medical,12.13
Hyde Park,2021,12,Medical,7.81
North Lawndale,2021,8,Fire,9.92
Near South Side,2019,5,Police,7.55
Greater Grand Crossing,2021,12,Medical,7.6
Mount Greenwood,2023,10,Medical,7.92
Douglas,2021,9,Medical,5.56
Roseland,2024,6,Police,12.14
Roseland,2024,8,Medical,10.75
Edison Park,2021,3,Medical,6.18
Englewood,2023,3,Medical,14.56
Jefferson Park,2022,9,Medical,4.44
Loop,2023,6,Fire,3.59
Mount Greenwood,2021,4,Medical,5.16
Washington Park,2021,8,Fire,9.93
Near West Side,2019,4,Medical,7.41
Lake View,2023,11,Police,3.57
Portage Park,2019,4,Medical,5.32
West Town,2019,12,Medical,10.21
Edison Park,2020,7,Police,3.19
Near West Side,2024,7,Police,7.88
Grand Boulevard,2019,12,Medical,10.22
Woodlawn,2024,8,Police,9.68
Mount Greenwood,2021,10,Police,7.24
West Pullman,2021,7,Medical,8.86
Hyde Park,2020,8,Medical,5.38
Woodlawn,2020,8,Police,14.19
Near West Side,2023,7,Medical,6.59
Chatham,2020,1,Police,9.35
Washington Heights,2022,4,Medical,7.06
Morgan Park,2021,3,Fire,10.81
Riverdale,2021,12,Police,10.85
Near West Side,2024,9,Police,11.32
Auburn Gresham,2020,12,Police,10.11
Near West Side,2024,10,Police,7.19
Riverdale,2020,8,Medical,9.0
Austin,2021,9,Medical,12.06
Grand Boulevard,2020,5,Medical,4.48
Near North Side,2023,5,Police,6.38
Hyde Park,2020,10,Medical,3.59
West Pullman,2020,5,Police,5.09
Irving Park,2023,2,Medical,11.22
Edison Park,2023,7,Medical,5.29
Lake View,2023,8,Medical,2.1
South Shore,2024,5,Police,16.41
Lake View,2021,8,Police,4.37
Hyde Park,2020,6,Medical,4.6
Lake View,2023,4,Medical,5.16
Douglas,2023,7,Medical,6.67
West Town,2021,8,Police,11.09
Logan Square,2022,9,Medical,8.22
South Shore,2020,5,Police,11.6
Riverdale,2022,9,Medical,12.66
Grand Boulevard,2022,8,Fire,7.74
Riverdale,2023,1,Police,16.82
North Lawndale,2024,8,Medical,8.59
Roseland,2021,8,Medical,10.86
Hyde Park,2020,7,Medical,7.79
Austin,2020,1,Fire,13.09
Logan Square,2020,6,Police,8.67
Washington Heights,2024,2,Medical,10.78
Riverdale,2022,6,Medical,9.5
Hyde Park,2019,11,Medical,4.3
Rogers Park,2021,2,Medical,11.04
Beverly,2019,2,Medical,5.7
West Ridge,2022,7,Medical,12.51
Lincoln Park,2023,11,Medical,9.55
Beverly,2019,10,Medical,8.65
Kenwood,2019,1,Medical,7.49
North Lawndale,2021,5,Police,13.3
Woodlawn,2022,1,Police,10.06
Morgan Park,2021,9,Medical,7.27
Edison Park,2023,5,Medical,3.31
South Shore,2024,5,Police,11.75
Albany Park,2024,4,Medical,7.17
West Garfield Park,2024,3,Medical,7.65
Chatham,2020,8,Medical,7.47
Lincoln Park,2024,7,Medical,2.93
Humboldt Park,2024,9,Medical,9.52
Douglas,2022,6,Police,7.83
Lincoln Park,2024,1,Medical,7.12
Hyde Park,2024,5,Medical,6.29
Washington Heights,2023,5,Police,13.71
Irving Park,2023,7,Medical,5.56
West Englewood,2019,10,Medical,8.2
Humboldt Park,2021,1,Fire,9.18
Douglas,2019,1,Police,8.45
Grand Boulevard,2019,6,Medical,10.81
Near North Side,2020,6,Medical,6.65
Mount Greenwood,2021,9,Medical,4.72
Washington Park,2020,3,Police,9.12
Logan Square,2024,12,Medical,8.36
Near South Side,2023,5,Police,7.48
Morgan Park,2024,5,Medical,10.96
Albany Park,2020,1,Medical,10.53
Jefferson Park,2023,6,Medical,7.68
West Town,2019,4,Police,7.61
West Ridge,2024,12,Police,9.67
Washington Park,2020,6,Police,10.24
Logan Square,2024,8,Police,6.43
Englewood,2021,8,Medical,7.38
Englewood,2020,3,Police,12.23
West Englewood,2023,9,Medical,9.59
Beverly,2022,11,Medical,6.13
Uptown,2024,4,Medical,10.76
Lincoln Park,2024,1,Police,5.24
Near West Side,2021,9,Medical,7.97
Uptown,2023,5,Police,7.34
North Lawndale,2024,8,Medical,9.61
Washington Heights,2022,7,Police,9.5
Jefferson Park,2024,5,Medical,8.26
Irving Park,2021,8,Police,11.53
Lake View,2022,1,Medical,10.03
Uptown,2019,11,Medical,7.11
Portage Park,2019,4,Fire,8.12
Roseland,2024,5,Medical,9.75
Lincoln Square,2020,4,Medical,6.49
Lake View,2020,6,Medical,6.11
Rogers Park,2020,9,Fire,12.04
Woodlawn,2020,12,Medical,15.45
South Shore,2024,1,Police,7.7
Chatham,2022,10,Police,10.85
North Lawndale,2021,11,Medical,11.19
Irving Park,2021,2,Medical,10.15
Logan Square,2020,1,Police,12.97
Morgan Park,2019,7,Medical,10.64
West Ridge,2023,2,Medical,14.59
Auburn Gresham,2020,9,Police,14.99
Austin,2020,8,Medical,9.21
Kenwood,2024,10,Police,10.11
West Englewood,2019,1,Fire,8.92
Douglas,2023,3,Fire,9.27
Greater Grand Crossing,2022,6,Fire,13.8
Portage Park,2022,11,Medical,10.78
Chatham,2023,3,Police,11.04
West Englewood,2023,9,Fire,14.04
West Town,2022,12,Medical,6.88
Pullman,2020,10,Police,8.28
Morgan Park,2020,10,Police,10.79
Austin,2024,2,Medical,13.28
Albany Park,2019,6,Medical,8.44
West Pullman,2023,2,Fire,9.99
West Ridge,2020,3,Medical,6.11
Kenwood,2020,12,Police,13.39
Grand Boulevard,2019,10,Police,7.71
West Ridge,2023,12,Medical,5.97
Beverly,2019,9,Fire,6.17
Pullman,2019,9,Police,6.49
Mount Greenwood,2022,2,Medical,9.48
Hyde Park,2019,8,Fire,11.18
Chatham,2023,3,Medical,9.85
Uptown,2020,2,Police,6.64
Humboldt Park,2020,11,Police,7.85
Washington Park,2022,10,Medical,10.34
Rogers Park,2023,8,Police,8.46
Uptown,2020,3,Medical,5.58
Hyde Park,2019,8,Police,8.73
North Lawndale,2021,6,Police,9.96
Jefferson Park,2021,1,Police,12.64
Beverly,2021,2,Police,7.13
Grand Boulevard,2021,2,Medical,8.07
Near South Side,2019,7,Medical,9.0
Rogers Park,2020,6,Medical,9.57
Near South Side,2022,2,Medical,9.0
Woodlawn,2019,1,Fire,11.69
Lincoln Park,2020,5,Police,6.37
Greater Grand Crossing,2023,11,Fire,9.16
South Shore,2020,2,Police,6.63
West Garfield Park,2020,10,Medical,14.58
Mount Greenwood,2020,10,Police,7.16
Uptown,2019,6,Fire,8.75
Irving Park,2020,2,Police,11.96
Washington Heights,2020,11,Police,13.83
Irving Park,2023,9,Police,8.57
West Ridge,2023,12,Fire,8.58
Douglas,2021,5,Police,11.22
Grand Boulevard,2024,7,Police,9.24
Roseland,2019,4,Police,10.49
Lake View,2020,12,Police,3.47
Jefferson Park,2021,2,Medical,6.23
Near South Side,2021,3,Medical,7.49
Portage Park,2019,5,Fire,9.15
Lake View,2024,1,Police,2.92
West Englewood,2021,12,Fire,7.96
Woodlawn,2021,4,Fire,10.06
West Ridge,2019,4,Medical,8.36
Kenwood,2022,2,Medical,5.9
Pullman,2021,9,Police,6.13
Riverdale,2023,6,Fire,13.49
Washington Heights,2021,9,Police,13.31
Roseland,2019,6,Fire,8.56
Auburn Gresham,2019,2,Fire,10.85
South Shore,2024,1,Medical,8.81
Pullman,2022,4,Medical,8.24
Portage Park,2022,1,Police,12.62
Grand Boulevard,2024,8,Police,11.29
West Ridge,2024,11,Police,10.31
Mount Greenwood,2023,1,Medical,5.81
Morgan Park,2023,5,Police,13.6
Woodlawn,2021,9,Medical,12.54
West Englewood,2022,1,Medical,9.57
West Ridge,2023,4,Police,8.06
Washington Heights,2021,8,Police,7.36
Auburn Gresham,2020,8,Medical,7.04
Near South Side,2021,1,Medical,10.27
Lake View,2023,8,Fire,8.51
Near South Side,2021,11,Medical,8.34
Chatham,2020,12,Police,9.48
Loop,2023,3,Medical,5.11
Beverly,2021,11,Police,8.58
Loop,2023,7,Police,7.79
Washington Park,2024,10,Police,10.02
West Ridge,2024,11,Police,10.71
West Pullman,2021,1,Medical,8.64
Hyde Park,2019,5,Medical,9.47
Lincoln Park,2023,4,Fire,3.17
Morgan Park,2023,4,Police,7.5
Uptown,2024,12,Police,9.09
Riverdale,2024,5,Police,12.92
Rogers Park,2023,3,Medical,15.17
Lake View,2023,7,Police,5.73
Logan Square,2024,2,Police,10.63
Near West Side,2021,1,Police,11.16
Irving Park,2022,6,Police,5.61
Washington Park,2021,12,Medical,10.83
West Englewood,2020,1,Medical,10.94
Irving Park,2019,11,Police,11.06
Roseland,2021,7,Police,9.21
Lake View,2021,8,Medical,6.39
Englewood,2023,2,Medical,9.57
Douglas,2020,4,Police,8.53
Washington Heights,2023,7,Fire,11.6
Logan Square,2024,11,Medical,6.4
Uptown,2023,6,Medical,6.41
Loop,2022,2,Medical,5.01
Pullman,2019,4,Fire,8.35
Lake View,2022,3,Medical,6.13
Kenwood,2023,9,Police,8.96
Mount Greenwood,2019,6,Police,4.61
Riverdale,2021,12,Fire,8.33
Edison Park,2020,2,Medical,14.09
Kenwood,2022,2,Fire,11.26
Loop,2020,3,Fire,6.8
Austin,2023,5,Medical,9.81
Irving Park,2019,12,Police,7.45
Logan Square,2024,6,Medical,7.02
Washington Heights,2021,5,Police,9.8
Washington Park,2019,12,Fire,8.3
West Pullman,2024,1,Medical,6.94
Kenwood,2020,1,Police,12.62
Jefferson Park,2020,7,Fire,7.93
Mount Greenwood,2021,10,Police,8.94
Grand Boulevard,2024,7,Medical,7.65
Logan Square,2024,10,Medical,7.57
West Pullman,2021,6,Medical,8.31
West Town,2019,9,Medical,8.84
Greater Grand Crossing,2022,2,Police,13.13
Lake View,2019,1,Police,5.63
Douglas,2020,11,Police,11.86
Austin,2019,6,Police,11.18
Morgan Park,2023,6,Medical,8.5
Albany Park,2019,9,Medical,7.7
Kenwood,2019,11,Medical,9.08
North Lawndale,2024,10,Police,11.01
North Lawndale,2023,1,Medical,11.17
Near North Side,2020,11,Medical,4.52
Lincoln Square,2021,1,Police,8.15
Hyde Park,2019,12,Police,4.12
Lake View,2022,12,Medical,2.85
Austin,2024,10,Medical,9.49
West Englewood,2024,12,Police,14.82
Hyde Park,2021,6,Police,2.33
North Lawndale,2022,5,Medical,10.04
Chatham,2019,11,Police,9.55
Grand Boulevard,2022,6,Medical,11.35
Humboldt Park,2024,6,Police,12.08
West Town,2021,4,Police,7.97
Riverdale,2022,10,Police,13.4
Washington Park,2022,8,Police,7.17
Near South Side,2021,5,Medical,7.29
West Garfield Park,2021,6,Medical,8.8
Grand Boulevard,2021,2,Police,11.88
West Garfield Park,2024,1,Medical,9.22
Humboldt Park,2021,8,Medical,12.57
Chatham,2023,6,Medical,7.59
Loop,2019,9,Medical,7.99
Roseland,2024,5,Fire,11.89
Near West Side,2021,8,Police,9.36
Washington Heights,2020,7,Police,15.46
Logan Square,2022,11,Police,8.61
North Lawndale,2021,10,Police,12.95
Grand Boulevard,2021,1,Police,12.94
Riverdale,2019,7,Police,9.77
Washington Heights,2021,4,Police,6.27
Mount Greenwood,2024,6,Medical,6.65
North Lawndale,2023,9,Police,11.1
Jefferson Park,2020,9,Medical,9.42
Riverdale,2020,9,Fire,10.43
West Pullman,2021,5,Fire,8.71
West Garfield Park,2019,4,Fire,13.95
Near West Side,2024,6,Police,7.79
Woodlawn,2024,10,Fire,10.95
Lincoln Park,2021,5,Police,5.11
West Englewood,2022,12,Fire,10.13
Auburn Gresham,2024,10,Medical,10.99
Englewood,2024,5,Police,13.59
Loop,2024,8,Fire,3.8
Washington Park,2020,10,Fire,10.2
Lincoln Square,2024,5,Medical,6.84
Albany Park,2022,1,Fire,12.23
Albany Park,2023,5,Police,10.97
Kenwood,2020,5,Medical,8.0
Near South Side,2020,5,Medical,10.55
Portage Park,2023,12,Medical,9.26
Woodlawn,2022,3,Fire,7.67
Austin,2021,12,Medical,7.81
Hyde Park,2019,12,Police,9.93
Roseland,2022,9,Medical,11.46
Austin,2023,5,Police,11.83
Near North Side,2024,12,Fire,2.15
Austin,2024,2,Fire,7.57
West Englewood,2023,5,Police,11.69
Austin,2024,9,Medical,8.11
Mount Greenwood,2023,8,Medical,8.75
Irving Park,2020,6,Police,8.98
West Englewood,2021,9,Police,12.37
Near South Side,2020,7,Police,8.42
Greater Grand Crossing,2020,2,Medical,8.31
West Garfield Park,2020,1,Police,11.23
West Pullman,2023,3,Fire,8.67
Morgan Park,2022,11,Police,16.3
Lincoln Park,2019,4,Medical,3.51
Kenwood,2019,9,Police,8.77
Woodlawn,2021,5,Medical,7.98
Loop,2021,2,Medical,2.48
Washington Park,2023,10,Medical,9.3
West Ridge,2019,5,Medical,10.2
Jefferson Park,2022,2,Medical,10.79
South Shore,2023,9,Medical,10.42
Beverly,2021,6,Police,8.61
Uptown,2023,12,Police,5.07
Loop,2021,12,Police,10.9
Lincoln Park,2019,12,Medical,8.17
Washington Heights,2023,5,Medical,8.59
Riverdale,2020,2,Medical,10.75
Rogers Park,2024,7,Fire,4.4
Auburn Gresham,2021,7,Police,12.29
Lincoln Park,2020,2,Medical,5.29
Englewood,2021,10,Police,7.82
West Town,2020,6,Police,10.35
Hyde Park,2019,10,Medical,9.63
Humboldt Park,2019,10,Medical,9.14
Near North Side,2022,3,Police,5.04
Pullman,2022,8,Fire,8.85
Kenwood,2022,5,Medical,10.23
Pullman,2023,8,Medical,8.41
Chatham,2021,7,Medical,10.91
West Pullman,2023,11,Police,10.8
West Garfield Park,2022,8,Medical,8.02
Humboldt Park,2021,12,Medical,6.02
Mount Greenwood,2023,1,Police,8.95
Greater Grand Crossing,2019,6,Fire,14.5
Kenwood,2021,11,Police,10.28
Woodlawn,2022,12,Police,11.88
Washington Park,2019,3,Medical,7.51
West Pullman,2021,5,Medical,7.72
North Lawndale,2023,2,Medical,7.58
North Lawndale,2024,11,Medical,8.65
Auburn Gresham,2024,4,Medical,7.5
Hyde Park,2022,6,Police,8.04
Jefferson Park,2023,1,Police,9.03
West Englewood,2019,2,Police,10.45
Edison Park,2019,2,Police,6.69
Loop,2019,9,Police,9.96
Douglas,2021,11,Medical,12.96
Near West Side,2022,12,Medical,8.03
Roseland,2024,5,Police,10.37
South Shore,2019,5,Medical,9.35
West Englewood,2023,6,Police,11.76
Portage Park,2022,10,Fire,10.53
Pullman,2024,3,Medical,10.02
Washington Heights,2023,9,Police,7.65
Greater Grand Crossing,2023,3,Police,11.3
Roseland,2019,4,Medical,9.62
Grand Boulevard,2022,12,Police,8.76
Near West Side,2020,9,Medical,9.55
Irving Park,2021,10,Medical,6.53
West Town,2020,8,Police,11.05
Pullman,2021,6,Police,7.88
Auburn Gresham,2022,8,Medical,8.93
Auburn Gresham,2024,1,Medical,10.97
West Town,2019,4,Medical,9.06
Chatham,2022,10,Medical,12.0
Hyde Park,2020,11,Police,10.55
West Ridge,2023,4,Police,10.29
Loop,2021,2,Police,5.82
West Town,2021,2,Police,3.8
Lincoln Square,2020,11,Police,11.25
Douglas,2019,10,Police,13.6
Beverly,2022,9,Medical,8.1
Grand Boulevard,2020,6,Fire,5.8
Hyde Park,2022,7,Police,14.44
Portage Park,2019,11,Fire,10.17
South Shore,2023,11,Police,9.33
West Ridge,2022,4,Police,9.69
Edison Park,2019,3,Police,7.96
Chatham,2020,3,Medical,5.21
Portage Park,2024,5,Police,9.33
Auburn Gresham,2023,11,Police,11.62
North Lawndale,2023,6,Medical,15.23
Humboldt Park,2023,2,Medical,7.42
Albany Park,2021,7,Fire,6.49
West Englewood,2024,7,Police,9.12
Jefferson Park,2019,1,Police,11.41
West Englewood,2022,12,Police,12.39
Portage Park,2020,7,Medical,9.03
Irving Park,2023,4,Medical,8.96
Uptown,2023,4,Medical,7.72
Washington Heights,2023,3,Police,9.4
Humboldt Park,2019,9,Medical,13.45
South Shore,2020,3,Medical,10.95
Portage Park,2019,4,Medical,10.31
Washington Heights,2020,3,Medical,10.99
Washington Park,2022,8,Medical,6.08
Near South Side,2021,8,Police,11.96
Albany Park,2020,10,Medical,10.82
West Town,2024,8,Medical,5.26
Near West Side,2019,5,Police,9.41
Douglas,2019,7,Medical,8.65
Near South Side,2019,12,Fire,8.72
West Pullman,2021,3,Medical,9.76
Grand Boulevard,2020,8,Medical,8.29
Logan Square,2020,10,Police,7.41
Lake View,2020,2,Medical,4.86
Lincoln Square,2020,8,Medical,10.1
South Shore,2023,6,Medical,12.77
Humboldt Park,2023,2,Medical,7.82
Edison Park,2024,12,Police,2.66
Jefferson Park,2019,6,Medical,9.62
West Englewood,2023,11,Medical,17.63
Auburn Gresham,2020,10,Medical,9.9
Near South Side,2020,2,Fire,7.2
North Lawndale,2023,3,Police,10.58
Riverdale,2022,11,Medical,12.66
Edison Park,2024,5,Medical,7.24
West Garfield Park,2019,1,Medical,10.38
Pullman,2021,9,Police,12.44
Englewood,2024,10,Medical,8.66
Lincoln Park,2019,3,Police,5.71
Douglas,2019,12,Fire,3.93
Humboldt Park,2019,1,Fire,10.9
Uptown,2024,6,Medical,8.17
Irving Park,2024,1,Medical,10.24
Greater Grand Crossing,2023,3,Medical,9.04
Irving Park,2019,7,Medical,8.69
West Ridge,2020,4,Medical,6.3
West Ridge,2019,9,Police,10.41
West Town,2020,7,Police,9.42
Grand Boulevard,2023,5,Medical,8.87
Chatham,2023,9,Medical,10.55
West Garfield Park,2019,3,Medical,9.45
West Pullman,2024,11,Police,12.24
Near North Side,2020,8,Police,4.17
Roseland,2020,8,Fire,11.13
South Shore,2020,4,Fire,9.3
Humboldt Park,2020,1,Fire,15.42
Roseland,2021,4,Medical,9.78
West Garfield Park,2023,9,Medical,7.51
West Pullman,2020,10,Police,10.01
Lincoln Park,2021,1,Police,3.34
Kenwood,2021,3,Police,9.36
Lincoln Park,2023,8,Police,3.15
Woodlawn,2022,3,Police,10.32
North Lawndale,2019,2,Medical,10.37
Kenwood,2023,1,Medical,5.62
Auburn Gresham,2022,9,Medical,8.28
Kenwood,2024,11,Medical,6.31
Beverly,2019,10,Police,12.89
Englewood,2019,3,Medical,8.34
Mount Greenwood,2019,7,Police,4.65
West Town,2021,10,Police,11.67
Portage Park,2020,3,Medical,8.24
Douglas,2019,8,Medical,6.5
Kenwood,2020,9,Police,15.19
Rogers Park,2019,12,Medical,8.28
North Lawndale,2021,8,Police,8.32
Irving Park,2024,5,Police,7.88
South Shore,2019,11,Medical,10.81
Mount Greenwood,2023,10,Medical,6.9
Near North Side,2022,12,Police,4.17
Grand Boulevard,2019,2,Police,8.31
Near South Side,2022,6,Police,11.84
Englewood,2022,8,Medical,12.01
Portage Park,2021,2,Police,11.43
Douglas,2024,6,Fire,10.98
West Englewood,2022,7,Fire,9.59
Chatham,2021,9,Police,11.58
South Shore,2024,11,Medical,9.93
North Lawndale,2019,9,Medical,11.18
Humboldt Park,2020,2,Fire,7.72
North Lawndale,2021,1,Police,11.55
South Shore,2022,7,Medical,8.84
Kenwood,2022,6,Medical,9.16
Edison Park,2019,10,Medical,3.61
Edison Park,2021,10,Police,8.02
Lincoln Square,2019,10,Medical,11.85
Woodlawn,2021,12,Police,17.58
Greater Grand Crossing,2020,4,Medical,8.55
Lake View,2023,11,Medical,4.3
Riverdale,2019,11,Medical,9.37
Englewood,2022,9,Police,12.45
Roseland,2019,1,Medical,7.87
Edison Park,2021,7,Medical,7.12
Washington Heights,2019,5,Fire,10.13
Hyde Park,2020,5,Medical,5.8
Auburn Gresham,2021,6,Medical,8.85
Englewood,2024,2,Police,9.21
Near North Side,2022,11,Police,11.51
Mount Greenwood,2022,11,Medical,6.79
South Shore,2021,3,Medical,8.24
Washington Heights,2024,11,Medical,5.37
Washington Heights,2020,9,Police,12.52
South Shore,2019,4,Police,8.56
Humboldt Park,2023,6,Police,12.89
Beverly,2022,3,Police,5.13
Lincoln Square,2020,3,Police,7.24
North Lawndale,2020,9,Police,14.54
Washington Park,2020,9,Medical,7.3
Near North Side,2019,3,Medical,4.03
Beverly,2020,3,Fire,10.52
South Shore,2020,6,Medical,12.44
Lake View,2021,1,Fire,5.94
Uptown,2021,5,Medical,5.08
Pullman,2020,9,Police,13.9
Loop,2020,9,Police,4.08
Near West Side,2021,8,Fire,8.62
Portage Park,2019,6,Fire,7.03
Mount Greenwood,2021,9,Fire,11.96
Uptown,2021,3,Police,11.58
Grand Boulevard,2021,9,Fire,6.48
Near North Side,2021,8,Fire,2.92
Grand Boulevard,2023,12,Police,10.19
Near North Side,2022,1,Police,8.71
Englewood,2019,9,Police,18.17
Near West Side,2024,8,Medical,4.9
Jefferson Park,2019,8,Medical,6.99
North Lawndale,2020,6,Medical,9.18
Morgan Park,2023,9,Medical,10.09
Washington Park,2020,8,Police,8.42
Humboldt Park,2019,2,Medical,10.21
Washington Park,2019,6,Medical,6.55
Near West Side,2024,12,Police,9.71
Washington Heights,2024,11,Fire,11.51
West Town,2020,8,Police,9.99
Austin,2022,6,Medical,8.41
Woodlawn,2020,11,Fire,14.24
Mount Greenwood,2022,9,Police,5.27
Albany Park,2022,12,Police,9.32
Lincoln Square,2021,5,Police,12.15
Near West Side,2019,8,Police,12.25
South Shore,2021,10,Medical,8.32
Near South Side,2019,2,Medical,8.86
Humboldt Park,2021,12,Police,11.61
Riverdale,2022,5,Medical,10.56
Albany Park,2021,1,Medical,10.3
Near West Side,2023,5,Police,10.82
Roseland,2021,7,Police,12.2
Douglas,2024,1,Police,6.45
Uptown,2024,10,Medical,9.34
Auburn Gresham,2021,3,Medical,7.83
Morgan Park,2021,6,Medical,5.12
North Lawndale,2023,12,Police,13.87
Portage Park,2019,1,Medical,16.02
West Ridge,2021,3,Medical,9.24
Irving Park,2019,8,Police,7.96
Lincoln Park,2024,9,Medical,3.41
Mount Greenwood,2020,7,Police,8.2
Chatham,2022,4,Police,10.13
Roseland,2020,7,Police,10.45
West Ridge,2023,7,Police,5.41
Jefferson Park,2023,11,Medical,6.9
West Ridge,2019,7,Medical,5.38
Chatham,2019,8,Police,11.01
Riverdale,2021,11,Medical,10.1
Albany Park,2020,4,Medical,6.93
Englewood,2019,4,Fire,10.34
Edison Park,2024,9,Medical,9.4
Auburn Gresham,2019,8,Police,13.46
Riverdale,2024,11,Medical,12.84
Lincoln Park,2019,4,Medical,9.6
Mount Greenwood,2022,6,Medical,8.06
Near West Side,2019,9,Medical,7.48
West Pullman,2022,12,Police,10.6
Woodlawn,2023,6,Police,9.41
Rogers Park,2021,11,Fire,11.66
Riverdale,2020,5,Fire,11.58
Mount Greenwood,2019,12,Fire,7.47
West Pullman,2022,7,Police,9.58
Lake View,2019,2,Police,10.93
West Garfield Park,2019,8,Medical,7.75
Edison Park,2022,11,Police,6.5
Englewood,2019,7,Fire,10.39
Jefferson Park,2020,6,Medical,8.16
Grand Boulevard,2024,3,Medical,9.33
West Englewood,2024,9,Medical,10.22
Near North Side,2024,2,Police,6.53
West Town,2024,4,Medical,9.82
Loop,2023,2,Police,3.43
Washington Park,2021,6,Medical,6.07
Uptown,2019,12,Medical,7.64
Kenwood,2022,7,Medical,8.47
Englewood,2020,9,Medical,12.05
Douglas,2019,6,Police,11.36
Portage Park,2023,6,Fire,4.46
Edison Park,2023,5,Fire,6.68
Washington Heights,2022,10,Police,8.29
West Englewood,2019,11,Fire,12.16
Beverly,2024,12,Fire,4.69
Edison Park,2019,10,Police,9.52
Auburn Gresham,2019,4,Police,11.48
Woodlawn,2023,10,Police,14.25
South Shore,2019,11,Police,8.24
Mount Greenwood,2024,4,Medical,6.67
Englewood,2019,4,Medical,9.76
West Pullman,2019,5,Police,8.84
West Town,2019,1,Medical,7.37
West Garfield Park,2024,2,Medical,12.25
Riverdale,2024,3,Medical,10.65
Austin,2022,7,Police,9.85
Chatham,2023,1,Police,8.57
Jefferson Park,2021,3,Police,7.36
Riverdale,2022,7,Police,11.14
Chatham,2024,6,Medical,10.32
Logan Square,2019,2,Medical,7.73
Near South Side,2021,4,Police,6.52
Near South Side,2020,1,Medical,7.61
Lake View,2021,12,Police,3.74
Albany Park,2022,5,Police,14.81
Lincoln Park,2023,12,Medical,10.19
Logan Square,2022,2,Medical,8.26
Rogers Park,2023,8,Police,11.54
Loop,2023,10,Medical,4.8
Edison Park,2024,6,Police,7.31
Albany Park,2023,12,Medical,9.66
Jefferson Park,2020,12,Police,5.71
Morgan Park,2021,1,Medical,7.73
Uptown,2022,2,Police,12.66
Portage Park,2022,4,Police,8.28
Irving Park,2023,3,Police,8.18
Albany Park,2024,9,Medical,7.0
Washington Park,2020,1,Fire,8.93
Washington Park,2020,7,Police,8.72
Portage Park,2019,9,Medical,8.4
Greater Grand Crossing,2020,9,Medical,11.17
Washington Heights,2023,6,Police,11.18
Hyde Park,2023,12,Police,4.02
Humboldt Park,2021,7,Medical,8.08
Washington Heights,2023,8,Medical,7.19
Mount Greenwood,2021,3,Police,5.88
Rogers Park,2020,5,Medical,8.08
Lincoln Square,2019,4,Police,9.0
Roseland,2024,9,Medical,16.56
Irving Park,2022,9,Police,9.71
West Englewood,2023,4,Fire,11.84
Logan Square,2020,12,Medical,11.28
Pullman,2023,2,Medical,11.51
Beverly,2021,1,Medical,7.03
Grand Boulevard,2020,3,Police,8.88
Lincoln Square,2022,2,Medical,12.27
Austin,2021,5,Medical,8.18
Near North Side,2020,6,Medical,5.42
Douglas,2024,9,Medical,8.76
Chatham,2024,4,Police,14.78
Portage Park,2022,4,Police,9.14
Riverdale,2024,4,Medical,6.44
Chatham,2021,1,Police,7.94
Washington Heights,2022,3,Medical,6.0
Irving Park,2020,4,Police,6.92
Near North Side,2021,1,Fire,4.24
Washington Heights,2024,5,Police,12.23
Hyde Park,2019,10,Medical,8.83
Mount Greenwood,2023,9,Police,10.08
Jefferson Park,2024,1,Medical,6.3
Morgan Park,2019,12,Medical,7.19
Englewood,2022,7,Police,15.24
Logan Square,2020,2,Medical,10.02
Greater Grand Crossing,2023,10,Police,8.71
Washington Park,2020,12,Police,11.11
Kenwood,2022,11,Medical,10.43
West Garfield Park,2020,9,Medical,11.99
West Ridge,2021,4,Medical,7.19
Logan Square,2021,3,Police,14.06
Pullman,2024,12,Police,15.19
Chatham,2024,11,Police,12.34
South Shore,2024,7,Police,11.26
Woodlawn,2024,6,Medical,10.46
West Town,2022,11,Police,7.98
Pullman,2020,10,Police,9.7
Mount Greenwood,2024,8,Medical,6.06
West Town,2022,9,Medical,8.57
Riverdale,2023,12,Medical,8.17
Loop,2024,7,Police,6.22
Irving Park,2020,6,Medical,5.79
Auburn Gresham,2021,12,Fire,12.11
Jefferson Park,2019,8,Fire,7.32
Grand Boulevard,2021,9,Medical,4.91
Edison Park,2020,8,Medical,12.13
West Pullman,2020,6,Police,8.94
Humboldt Park,2020,8,Medical,10.98
Woodlawn,2020,9,Police,7.12
Washington Park,2024,6,Police,10.77
Logan Square,2023,6,Medical,14.34
Near South Side,2019,2,Medical,8.7
Pullman,2024,9,Medical,6.02
Auburn Gresham,2021,8,Fire,7.09
Lake View,2023,5,Medical,6.62
Logan Square,2022,10,Police,9.78
South Shore,2020,3,Medical,9.95
Washington Park,2021,9,Police,9.85
West Englewood,2022,11,Medical,7.96
Washington Heights,2019,10,Police,6.95
Near North Side,2021,7,Police,2.17
Beverly,2023,9,Police,8.16
West Pullman,2024,7,Medical,8.1
Uptown,2022,12,Police,8.83
Washington Heights,2021,8,Fire,2.08
Auburn Gresham,2024,10,Police,9.76
Douglas,2024,5,Medical,8.27
Edison Park,2024,10,Medical,1.76
West Garfield Park,2023,10,Fire,9.98
Woodlawn,2020,6,Medical,9.95
Riverdale,2021,12,Police,9.97
West Garfield Park,2024,8,Police,14.13
Irving Park,2020,7,Medical,9.07
Woodlawn,2024,1,Fire,14.92
Edison Park,2022,10,Fire,3.29
Grand Boulevard,2022,4,Police,9.46
Chatham,2022,8,Police,12.94
Loop,2020,11,Medical,4.23
Austin,2020,9,Fire,12.72
West Garfield Park,2024,6,Police,11.64
Austin,2023,11,Police,9.36
Near West Side,2021,4,Fire,8.35
Edison Park,2023,2,Medical,5.66
Beverly,2020,12,Fire,5.96
Beverly,2021,9,Medical,7.64
Chatham,2022,1,Medical,9.29
Morgan Park,2023,5,Medical,17.55
Greater Grand Crossing,2023,8,Medical,10.91
Hyde Park,2023,4,Police,7.22
Pullman,2020,1,Police,7.99
Irving Park,2021,4,Fire,11.75
West Garfield Park,2022,5,Medical,9.66
West Town,2020,5,Police,8.1
Jefferson Park,2022,12,Medical,7.64
Washington Heights,2019,1,Medical,8.7
Irving Park,2019,2,Police,7.56
West Pullman,2022,6,Police,12.78
Washington Park,2019,10,Police,9.55
Washington Heights,2021,5,Medical,11.44
North Lawndale,2021,9,Medical,10.94
West Town,2020,7,Medical,6.87
West Pullman,2022,5,Fire,6.31
Lincoln Park,2020,12,Medical,1.91
West Englewood,2021,12,Medical,12.13
Englewood,2021,9,Medical,9.1
Beverly,2021,1,Police,3.46
Lake View,2023,3,Police,2.49
North Lawndale,2019,2,Police,8.61
Austin,2020,12,Fire,9.55
Edison Park,2020,7,Medical,7.0
Washington Park,2021,9,Fire,9.14
West Pullman,2023,12,Police,6.44
Hyde Park,2020,2,Police,7.06
Douglas,2024,12,Police,12.38
Pullman,2020,6,Police,7.8
Albany Park,2023,2,Police,10.62
Irving Park,2021,3,Police,10.97
South Shore,2023,1,Police,9.57
Lincoln Park,2019,6,Fire,5.48
Loop,2020,2,Medical,7.69
Lake View,2019,3,Police,6.32
Grand Boulevard,2020,6,Fire,7.68
Jefferson Park,2019,6,Police,9.73
Chatham,2020,4,Medical,8.33
Austin,2024,1,Medical,12.16
Douglas,2021,7,Police,11.13
Edison Park,2024,2,Police,8.47
Loop,2022,6,Medical,4.65
Humboldt Park,2023,7,Medical,11.71
Washington Heights,2020,2,Medical,6.4
Auburn Gresham,2023,6,Medical,7.3
Englewood,2020,1,Police,13.89
Portage Park,2022,6,Medical,7.49
Mount Greenwood,2021,8,Police,6.47
Riverdale,2021,8,Medical,7.42
Pullman,2023,7,Police,8.8
Englewood,2024,4,Police,12.71
Near North Side,2022,4,Medical,4.27
Grand Boulevard,2023,5,Police,10.41
Near North Side,2021,8,Medical,5.04
Washington Park,2019,4,Medical,8.32
Uptown,2023,9,Medical,11.27
Beverly,2020,3,Medical,6.79
Loop,2021,9,Fire,3.64
Englewood,2020,2,Police,7.7
Roseland,2022,6,Fire,9.9
West Garfield Park,2024,5,Police,12.31
Albany Park,2024,5,Medical,7.06
West Englewood,2021,11,Police,19.07
Loop,2021,6,Fire,6.62
North Lawndale,2024,10,Police,16.04
Woodlawn,2023,7,Medical,12.39
Greater Grand Crossing,2024,4,Fire,10.83
Grand Boulevard,2024,4,Medical,7.52
West Pullman,2023,12,Medical,10.62
Albany Park,2020,9,Medical,7.89
Portage Park,2023,4,Fire,7.46
Beverly,2019,8,Fire,10.65
Lincoln Park,2021,10,Fire,5.36
Morgan Park,2024,1,Medical,5.13
Englewood,2022,4,Fire,10.79
Greater Grand Crossing,2021,2,Medical,11.17
Auburn Gresham,2024,11,Fire,8.87
West Garfield Park,2020,10,Medical,8.39
Mount Greenwood,2024,5,Police,6.92
Mount Greenwood,2023,2,Medical,3.77
Irving Park,2021,7,Police,5.82
Near South Side,2023,10,Medical,8.18
Mount Greenwood,2024,7,Medical,10.73
Near West Side,2020,9,Medical,4.91
Uptown,2023,4,Medical,5.59
North Lawndale,2022,5,Police,12.07
Near West Side,2024,3,Police,11.44
Lincoln Park,2020,7,Medical,6.75
Austin,2021,5,Medical,10.73
Edison Park,2021,9,Medical,6.06
North Lawndale,2022,12,Police,10.43
Washington Heights,2019,7,Police,15.12
Irving Park,2023,4,Police,5.46
Albany Park,2024,7,Fire,7.09
Near North Side,2021,1,Police,4.73
Rogers Park,2024,2,Medical,7.52
Greater Grand Crossing,2022,3,Police,14.93
Near South Side,2023,5,Medical,13.01
Auburn Gresham,2020,12,Medical,12.13
Kenwood,2024,5,Police,8.74
Washington Park,2022,7,Medical,8.95
Near North Side,2020,9,Police,2.5
West Garfield Park,2020,10,Medical,11.28
Chatham,2020,9,Police,9.03
Roseland,2023,6,Medical,10.08
Near North Side,2019,7,Police,10.38
Riverdale,2024,12,Police,11.81
Near North Side,2020,8,Medical,1.88
Kenwood,2021,4,Medical,5.54
Portage Park,2023,7,Medical,6.67
Jefferson Park,2023,6,Fire,5.98
Irving Park,2020,8,Police,9.87
West Englewood,2021,1,Medical,11.27
Lincoln Square,2022,5,Medical,10.69
Greater Grand Crossing,2023,12,Police,9.9
South Shore,2020,3,Fire,12.48
Logan Square,2024,9,Medical,7.42
Grand Boulevard,2020,9,Police,6.71
Near West Side,2024,3,Medical,10.09
Auburn Gresham,2024,10,Medical,12.93
Washington Heights,2019,12,Police,10.7
Kenwood,2019,2,Medical,7.9
Austin,2022,5,Police,10.79
Riverdale,2022,4,Medical,11.35
Irving Park,2024,7,Medical,6.62
Englewood,2022,12,Fire,16.04
Near North Side,2022,8,Medical,4.2
Portage Park,2020,4,Medical,8.46
Pullman,2020,3,Police,10.52
Chatham,2020,9,Medical,9.7
Logan Square,2021,8,Fire,7.3
Pullman,2024,11,Medical,7.01
West Ridge,2022,11,Medical,6.82
Washington Heights,2021,7,Medical,5.43
West Town,2023,11,Police,7.57
Portage Park,2024,8,Police,7.45
Englewood,2023,8,Fire,7.58
Washington Heights,2020,10,Medical,5.23
Lincoln Square,2023,8,Police,4.35
Portage Park,2020,11,Medical,8.2
Chatham,2024,1,Fire,9.99
West Ridge,2024,4,Fire,11.19
Austin,2022,10,Medical,8.91
Washington Heights,2021,7,Police,6.45
Logan Square,2020,6,Police,4.05
Auburn Gresham,2019,3,Fire,10.56
West Garfield Park,2019,3,Medical,9.83
Near South Side,2022,12,Medical,11.91
Near West Side,2021,4,Police,13.14
Near North Side,2020,10,Medical,3.29
Beverly,2022,6,Medical,8.74
Edison Park,2021,1,Medical,3.85
Logan Square,2019,10,Medical,3.49
Auburn Gresham,2020,4,Police,13.12
West Ridge,2021,9,Police,6.53
Morgan Park,2023,7,Police,5.53
Portage Park,2020,11,Police,11.47
Kenwood,2023,6,Police,7.39
Lincoln Park,2024,11,Police,3.64
Hyde Park,2024,5,Police,11.78
Near North Side,2024,12,Medical,3.39
Washington Heights,2022,2,Medical,5.52
Near West Side,2021,2,Medical,7.47
Lincoln Park,2024,6,Medical,8.12
Chatham,2021,9,Police,12.05
Washington Heights,2021,12,Police,7.94
West Ridge,2021,9,Police,9.83
Near West Side,2020,1,Medical,8.67
Lincoln Square,2023,7,Police,10.64
Lincoln Park,2023,7,Medical,2.61
Auburn Gresham,2022,10,Fire,11.85
South Shore,2024,2,Police,10.27
Roseland,2022,12,Medical,10.59
Near North Side,2021,10,Police,5.45
Jefferson Park,2019,4,Police,12.09
Washington Park,2019,8,Fire,8.78
Riverdale,2021,6,Medical,8.84
Rogers Park,2024,11,Police,10.49
Lincoln Park,2023,7,Medical,8.07
North Lawndale,2022,10,Police,12.77
Albany Park,2020,11,Medical,10.7
South Shore,2019,11,Fire,7.99
Portage Park,2022,6,Medical,4.86
Riverdale,2019,9,Medical,13.49
Rogers Park,2023,11,Fire,9.25
Logan Square,2023,12,Medical,7.1
Auburn Gresham,2021,10,Police,9.91
Loop,2021,10,Police,4.86
Rogers Park,2019,9,Medical,7.15
Uptown,2019,6,Medical,11.69
North Lawndale,2022,6,Medical,9.18
Morgan Park,2021,9,Medical,12.1
Humboldt Park,2023,10,Fire,9.88
Pullman,2024,9,Fire,9.95
Woodlawn,2022,3,Medical,7.25
West Garfield Park,2022,7,Police,12.21
Chatham,2020,3,Police,15.19
Greater Grand Crossing,2024,4,Police,10.79
Auburn Gresham,2023,9,Medical,7.97
Hyde Park,2022,10,Police,9.08
West Garfield Park,2024,8,Medical,10.2
Douglas,2020,6,Medical,9.74
Washington Park,2024,6,Medical,6.57
West Ridge,2021,8,Medical,10.25
Douglas,2023,2,Medical,6.6
Lake View,2021,5,Fire,4.66
Lincoln Square,2020,7,Police,8.45
Greater Grand Crossing,2023,12,Police,11.41
Lincoln Park,2019,3,Police,6.03
Near South Side,2019,8,Medical,4.32
Logan Square,2019,3,Medical,7.39
Auburn Gresham,2024,4,Medical,11.35
Washington Park,2022,10,Fire,11.76
Hyde Park,2024,10,Fire,7.14
Washington Heights,2024,6,Fire,11.82
Loop,2024,6,Medical,7.09
Riverdale,2024,2,Fire,10.44
Humboldt Park,2019,2,Police,11.04
Greater Grand Crossing,2022,3,Police,12.64
West Garfield Park,2022,3,Police,13.52
Near South Side,2020,4,Medical,7.63
Austin,2019,4,Medical,10.71
Austin,2023,4,Medical,10.43
Loop,2024,10,Medical,7.81
Chatham,2022,10,Medical,6.67
South Shore,2020,11,Medical,6.92
Edison Park,2022,3,Medical,6.06
Kenwood,2023,1,Police,8.26
Uptown,2023,9,Fire,7.94
Washington Park,2019,2,Police,13.66
Near West Side,2022,3,Medical,5.21
Riverdale,2023,2,Medical,9.62
West Ridge,2021,6,Medical,6.98
West Town,2023,6,Medical,9.91
Douglas,2023,1,Police,8.73
Albany Park,2022,4,Fire,11.06
North Lawndale,2024,10,Medical,5.05
Douglas,2023,5,Police,14.12
Woodlawn,2020,12,Medical,13.09
Logan Square,2024,6,Police,6.18
Riverdale,2023,5,Medical,10.3
Lake View,2021,3,Fire,3.45
Hyde Park,2023,3,Police,9.12
Logan Square,2019,3,Police,9.33
Woodlawn,2022,6,Medical,12.35
Humboldt Park,2021,4,Police,11.85
Kenwood,2020,4,Police,7.95
Uptown,2023,3,Police,11.19
Roseland,2023,4,Police,10.05
West Englewood,2020,8,Fire,8.91
Humboldt Park,2023,3,Police,9.69
Irving Park,2019,10,Police,11.16
South Shore,2024,3,Police,11.09
Chatham,2024,6,Medical,13.2
West Garfield Park,2021,1,Medical,9.14
Mount Greenwood,2023,10,Police,3.55
Near South Side,2020,6,Medical,9.79
Grand Boulevard,2020,11,Police,7.14
Loop,2021,9,Medical,2.58
Portage Park,2019,3,Police,8.88
Englewood,2021,2,Police,12.45
Albany Park,2023,3,Police,11.58
Albany Park,2024,12,Medical,5.57
Lincoln Park,2019,3,Police,7.91
Greater Grand Crossing,2019,2,Fire,7.74
Kenwood,2020,11,Medical,9.29
Irving Park,2019,4,Police,7.77
Grand Boulevard,2023,8,Medical,7.0
Woodlawn,2023,7,Medical,10.17
Auburn Gresham,2023,10,Police,11.05
Lincoln Park,2024,9,Fire,2.03
Rogers Park,2022,8,Police,10.6
Lincoln Park,2019,7,Medical,8.5
Douglas,2019,6,Medical,11.49
Morgan Park,2023,3,Police,9.07
Kenwood,2020,10,Medical,3.38
Washington Park,2024,4,Medical,11.5
West Town,2019,8,Police,10.23
Hyde Park,2022,12,Fire,6.56
Edison Park,2019,2,Medical,5.07
Kenwood,2021,12,Police,7.84
Beverly,2022,6,Police,11.86
Lincoln Park,2020,1,Police,5.36
West Englewood,2022,7,Medical,8.71
Rogers Park,2022,4,Medical,8.71
Greater Grand Crossing,2019,12,Medical,8.26
Irving Park,2022,1,Medical,5.94
Beverly,2023,5,Medical,4.6
Portage Park,2024,5,Police,8.51
Irving Park,2022,6,Medical,10.32
Washington Heights,2019,12,Police,11.62
Near North Side,2023,8,Police,3.13
Portage Park,2020,4,Medical,8.64
Greater Grand Crossing,2021,12,Fire,7.55
Pullman,2022,7,Police,9.12
Riverdale,2023,11,Medical,14.4
Logan Square,2023,4,Police,10.05
North Lawndale,2020,2,Medical,12.6
Morgan Park,2020,8,Medical,8.08
Kenwood,2021,5,Police,8.93
Jefferson Park,2021,10,Medical,6.14
Pullman,2019,4,Police,9.23
Morgan Park,2021,12,Police,9.36
Albany Park,2021,2,Medical,6.98
West Ridge,2023,7,Police,8.39
Beverly,2022,5,Police,9.49
West Town,2022,9,Police,9.37
Uptown,2024,7,Medical,5.6
Pullman,2021,9,Medical,8.2
Lincoln Park,2024,12,Medical,8.03
Uptown,2024,10,Medical,9.27
Portage Park,2019,10,Medical,8.33
West Town,2019,5,Police,10.21
South Shore,2022,11,Police,12.14
Albany Park,2020,6,Medical,7.15
Beverly,2023,8,Police,4.3
Near North Side,2021,10,Police,8.95
West Town,2023,6,Fire,9.96
North Lawndale,2021,11,Fire,10.2
North Lawndale,2021,4,Police,10.89
Morgan Park,2024,2,Fire,11.29
Kenwood,2022,6,Fire,6.67
West Ridge,2023,12,Police,8.6
Mount Greenwood,2023,9,Fire,6.94
Loop,2020,8,Medical,5.68
Englewood,2020,3,Police,15.44
Hyde Park,2023,5,Medical,6.95
Near North Side,2020,6,Police,8.42
Beverly,2020,7,Fire,6.52
Roseland,2021,2,Medical,11.11
Lake View,2022,6,Police,6.61
Portage Park,2021,2,Medical,4.49
Rogers Park,2024,8,Police,8.6
Englewood,2020,7,Police,8.87
Rogers Park,2021,2,Medical,5.72
Near West Side,2021,4,Medical,12.06
West Ridge,2019,7,Medical,5.72
Near South Side,2021,9,Police,5.89
Loop,2021,3,Fire,5.93
Grand Boulevard,2022,10,Police,9.26
Near South Side,2023,10,Fire,9.46
Kenwood,2019,8,Medical,10.62
Lincoln Square,2019,9,Police,11.72
Irving Park,2019,8,Police,5.86
Douglas,2024,4,Police,10.98
Loop,2019,4,Police,5.09
North Lawndale,2022,11,Fire,9.57
Rogers Park,2023,7,Medical,4.94
Roseland,2024,4,Medical,9.13
Riverdale,2022,11,Police,11.58
Kenwood,2019,10,Police,11.05
Humboldt Park,2023,10,Medical,8.73
Greater Grand Crossing,2022,7,Police,11.28
Lake View,2023,9,Police,3.16
Portage Park,2024,12,Police,6.13
Kenwood,2022,9,Police,7.68
Pullman,2023,9,Police,9.25
Logan Square,2022,10,Fire,7.52
Austin,2019,12,Medical,9.1
Kenwood,2019,10,Medical,9.85
Logan Square,2019,6,Medical,8.54
Kenwood,2024,1,Medical,8.44
Hyde Park,2022,12,Medical,7.92
West Ridge,2023,8,Fire,10.2
Austin,2023,6,Medical,10.0
Beverly,2020,7,Medical,2.85
Rogers Park,2021,2,Medical,8.56
Portage Park,2019,3,Fire,8.01
West Englewood,2019,6,Fire,10.23
Chatham,2019,3,Medical,11.64
Auburn Gresham,2020,5,Police,9.81
West Garfield Park,2020,4,Medical,11.52
Washington Heights,2020,5,Fire,15.16
South Shore,2019,8,Medical,9.5
Chatham,2023,4,Medical,9.49
Uptown,2019,9,Medical,8.32
Albany Park,2020,3,Fire,6.41
Humboldt Park,2020,12,Police,14.83
Irving Park,2021,7,Medical,10.1
Roseland,2022,7,Police,8.13
West Pullman,2021,1,Police,6.92
West Pullman,2021,3,Medical,14.91
West Pullman,2019,10,Fire,13.24
Hyde Park,2022,1,Medical,4.4
Rogers Park,2022,8,Medical,9.42
West Ridge,2019,10,Medical,8.66
West Garfield Park,2023,5,Medical,12.41
Roseland,2024,4,Police,12.62
Washington Heights,2019,3,Police,7.64
Near North Side,2023,7,Police,2.73
Woodlawn,2023,8,Medical,8.69
Jefferson Park,2022,8,Medical,7.16
Douglas,2019,1,Police,10.36
Englewood,2019,7,Police,12.04
Rogers Park,2022,5,Medical,7.39
Jefferson Park,2021,2,Police,7.93
Loop,2019,8,Police,9.36
Near West Side,2024,2,Fire,5.86
Greater Grand Crossing,2024,6,Police,11.64
Mount Greenwood,2020,12,Police,4.58
Lincoln Square,2020,5,Fire,7.4
Jefferson Park,2019,6,Police,5.37
Morgan Park,2023,11,Police,13.36
Douglas,2024,10,Police,11.21
North Lawndale,2024,8,Medical,8.62
Irving Park,2022,9,Medical,8.84
Washington Heights,2024,3,Police,6.31
Jefferson Park,2023,3,Police,9.8
Lincoln Park,2020,7,Medical,6.01
Near West Side,2020,3,Fire,11.57
Near North Side,2022,11,Police,6.4
Austin,2020,10,Fire,8.4
Lake View,2021,12,Fire,4.22
Austin,2020,5,Medical,9.1
Rogers Park,2024,10,Police,9.19
Auburn Gresham,2023,4,Medical,10.14
Washington Heights,2023,11,Medical,9.18
Near West Side,2021,9,Fire,12.65
Auburn Gresham,2023,11,Medical,6.47
West Garfield Park,2023,12,Medical,9.32
Hyde Park,2023,8,Fire,6.63
Douglas,2019,12,Medical,7.68
Edison Park,2021,9,Police,6.72
Riverdale,2021,6,Medical,9.73
West Ridge,2020,2,Medical,10.92
Roseland,2024,8,Police,11.01
Loop,2021,1,Fire,6.41
North Lawndale,2022,11,Police,16.19
Albany Park,2021,5,Medical,8.0
Kenwood,2022,2,Fire,5.15
Lincoln Square,2023,7,Police,10.35
Auburn Gresham,2024,5,Fire,8.74
Lincoln Square,2022,10,Police,16.56
Logan Square,2024,3,Medical,10.6
Washington Park,2024,7,Medical,5.85
Logan Square,2019,12,Fire,7.72
North Lawndale,2024,3,Police,13.07
Kenwood,2023,6,Police,4.77
West Ridge,2022,4,Police,9.41
Riverdale,2024,12,Police,14.54
Near West Side,2023,10,Medical,8.38
Jefferson Park,2019,2,Police,8.65
South Shore,2023,9,Medical,12.9
West Englewood,2023,6,Medical,8.06
Washington Heights,2021,5,Fire,9.97
Albany Park,2020,5,Police,9.24
Rogers Park,2022,8,Medical,13.35
Near South Side,2020,5,Police,8.01
Jefferson Park,2019,8,Medical,12.04
West Town,2019,8,Police,9.59
West Englewood,2023,1,Police,9.69
Lake View,2020,4,Fire,4.19
Morgan Park,2022,9,Medical,8.5
Douglas,2022,2,Medical,6.8
Morgan Park,2023,11,Medical,10.89
Grand Boulevard,2022,4,Medical,5.24
Near North Side,2021,4,Police,4.19
Grand Boulevard,2020,1,Medical,10.55
Washington Park,2019,10,Medical,7.91
Woodlawn,2022,10,Medical,10.29
Morgan Park,2022,7,Medical,8.59
Lincoln Park,2022,12,Medical,1.77
Englewood,2023,1,Police,11.07
Jefferson Park,2019,5,Police,12.09
Riverdale,2020,8,Police,9.95
Lincoln Park,2022,4,Medical,2.27
Auburn Gresham,2021,5,Police,10.02
Pullman,2024,11,Police,10.95
Englewood,2023,10,Police,10.67
Morgan Park,2020,12,Police,9.6
Chatham,2022,3,Fire,8.58
Humboldt Park,2020,5,Medical,10.44
Greater Grand Crossing,2023,12,Medical,4.57
Greater Grand Crossing,2024,3,Medical,10.81
West Town,2021,4,Medical,4.84
Edison Park,2022,11,Police,8.3
Hyde Park,2021,3,Police,14.62
Greater Grand Crossing,2023,5,Fire,7.87
Near South Side,2021,2,Medical,10.03
South Shore,2023,9,Police,12.82
Lincoln Square,2024,3,Medical,9.0
Austin,2021,10,Police,15.04
Douglas,2020,1,Medical,7.86
Irving Park,2020,5,Police,8.1
Austin,2023,4,Police,13.49
Mount Greenwood,2020,2,Medical,5.96
Beverly,2024,12,Police,7.35
Auburn Gresham,2021,12,Fire,7.24
Chatham,2021,8,Medical,7.31
North Lawndale,2022,9,Police,10.22
Albany Park,2023,6,Police,13.3
Washington Heights,2020,8,Police,11.09
North Lawndale,2024,2,Medical,7.1
Rogers Park,2023,11,Fire,9.19
Washington Heights,2020,6,Fire,4.63
Near South Side,2022,1,Medical,3.43
Rogers Park,2021,10,Police,10.77
West Town,2021,3,Medical,9.6
Lincoln Square,2024,7,Medical,10.89
Loop,2019,12,Police,10.09
Albany Park,2023,1,Fire,11.35
Grand Boulevard,2020,6,Medical,7.71
Morgan Park,2019,7,Police,11.32
Englewood,2023,3,Police,10.37
Riverdale,2020,11,Fire,8.61
Englewood,2022,8,Police,10.78
Washington Heights,2023,8,Police,7.21
Albany Park,2020,5,Fire,6.12
Loop,2021,11,Police,4.3
Rogers Park,2023,2,Police,10.01
Logan Square,2020,2,Medical,11.19
Rogers Park,2024,5,Medical,10.51
Lake View,2021,4,Medical,5.94
Austin,2021,12,Medical,8.21
West Town,2019,4,Medical,8.25
South Shore,2020,5,Medical,11.32
Pullman,2019,1,Fire,9.06
Grand Boulevard,2024,7,Police,9.96
West Garfield Park,2019,3,Police,15.09
Englewood,2022,10,Police,10.68
Logan Square,2019,10,Medical,8.71
Humboldt Park,2019,8,Fire,7.43
Portage Park,2022,9,Police,11.81
South Shore,2022,8,Medical,6.31
West Pullman,2023,11,Medical,10.51
West Englewood,2019,12,Police,6.5
Pullman,2021,2,Medical,14.33
West Garfield Park,2022,7,Fire,11.46
Jefferson Park,2020,12,Police,9.74
Albany Park,2023,4,Police,9.14
Edison Park,2023,5,Medical,7.32
Near South Side,2019,11,Police,13.1
Logan Square,2024,10,Medical,16.54
Lake View,2021,5,Police,6.53
Lincoln Park,2024,11,Medical,4.88
Roseland,2024,9,Medical,11.23
Pullman,2022,12,Medical,8.46
West Garfield Park,2020,2,Medical,9.89
Portage Park,2019,2,Medical,8.62
Loop,2021,3,Fire,2.27
Jefferson Park,2019,5,Police,11.88
West Ridge,2019,12,Fire,5.67
Auburn Gresham,2023,4,Police,8.03
Rogers Park,2024,10,Medical,9.9
Lincoln Square,2020,10,Medical,6.11
Greater Grand Crossing,2020,12,Police,9.23
Washington Park,2020,9,Medical,13.73
Uptown,2020,3,Medical,10.87
Jefferson Park,2022,1,Police,12.28
Douglas,2022,5,Medical,8.74
Grand Boulevard,2020,8,Police,13.89
Irving Park,2021,1,Medical,7.69
Albany Park,2022,1,Police,7.92
Englewood,2022,6,Medical,8.86
Albany Park,2021,7,Police,11.56
Roseland,2020,8,Police,12.34
Douglas,2019,8,Medical,12.88
Lincoln Park,2022,3,Medical,3.38
West Ridge,2019,4,Fire,6.4
Roseland,2019,9,Police,8.73
West Ridge,2021,11,Police,10.84
West Pullman,2020,5,Fire,7.38
Austin,2024,11,Police,12.93
Irving Park,2019,9,Police,10.05
Rogers Park,2020,12,Medical,12.2
Edison Park,2023,5,Police,7.87
Logan Square,2024,5,Medical,8.37
West Town,2024,9,Police,9.61
Edison Park,2024,6,Medical,5.52
Albany Park,2020,3,Police,9.06
Lake View,2021,12,Fire,9.29
Near West Side,2021,5,Police,13.0
Beverly,2023,1,Fire,5.62
Portage Park,2021,9,Police,8.4
Loop,2020,10,Police,9.48
Loop,2024,10,Police,6.03
Near South Side,2020,11,Police,8.39
North Lawndale,2024,7,Medical,7.21
Albany Park,2020,1,Medical,6.8
Englewood,2021,11,Medical,14.06
Hyde Park,2020,11,Fire,5.48
Roseland,2022,4,Medical,9.0
Jefferson Park,2024,2,Medical,6.78
Pullman,2024,3,Medical,7.93
Lincoln Square,2023,4,Police,13.99
Lincoln Park,2022,12,Police,3.96
Humboldt Park,2020,2,Medical,9.03
Lincoln Square,2021,10,Medical,9.68
Hyde Park,2023,1,Medical,6.01
Washington Heights,2022,11,Police,11.3
West Garfield Park,2020,4,Medical,10.92
Near West Side,2021,9,Police,10.47
Lincoln Park,2020,11,Medical,5.16
Chatham,2024,11,Police,9.83
Portage Park,2022,9,Police,12.58
Austin,2022,12,Police,12.27
Roseland,2023,9,Police,7.5
Washington Park,2021,3,Police,14.05
Mount Greenwood,2019,1,Medical,7.26
Portage Park,2020,1,Police,12.32
Near North Side,2021,3,Medical,3.06
Hyde Park,2019,10,Fire,5.88
Douglas,2021,8,Medical,10.35
Washington Park,2020,4,Medical,8.09
Near West Side,2020,11,Police,10.66
Pullman,2023,8,Medical,3.26
Hyde Park,2022,7,Fire,6.27
Morgan Park,2022,8,Medical,6.74
Greater Grand Crossing,2022,2,Police,6.06
Grand Boulevard,2023,8,Medical,6.03
Logan Square,2022,9,Medical,23.8
Washington Park,2021,10,Medical,9.59
West Ridge,2022,11,Police,7.36
West Ridge,2022,6,Medical,8.91
Austin,2024,3,Fire,9.15
Jefferson Park,2020,7,Police,11.47
South Shore,2023,9,Medical,10.3
Logan Square,2023,8,Police,7.41
West Englewood,2022,8,Medical,10.24
Morgan Park,2024,11,Police,10.46
Logan Square,2019,7,Police,11.99
Pullman,2020,5,Medical,10.12
Near South Side,2022,2,Fire,7.93
West Pullman,2019,5,Police,8.53
Englewood,2021,5,Medical,8.8
Edison Park,2024,2,Medical,11.29
Morgan Park,2024,11,Police,10.78
West Ridge,2020,10,Medical,10.58
Beverly,2024,1,Police,14.24
West Pullman,2023,5,Medical,6.11
Mount Greenwood,2019,6,Police,13.89
South Shore,2022,7,Medical,9.23
Auburn Gresham,2019,11,Police,12.17
Morgan Park,2023,2,Police,10.22
Rogers Park,2021,6,Fire,9.01
Morgan Park,2019,12,Medical,12.42
Albany Park,2022,8,Fire,6.28
Lincoln Square,2019,6,Medical,7.47
West Englewood,2024,3,Medical,9.53
Albany Park,2021,3,Medical,8.74
Portage Park,2019,11,Police,8.84
Humboldt Park,2021,7,Fire,7.69
Beverly,2021,2,Medical,8.14
Irving Park,2020,3,Police,12.51
West Garfield Park,2020,7,Police,8.68
Austin,2022,9,Police,12.53
West Englewood,2022,1,Police,16.68
West Ridge,2022,5,Medical,7.41
Portage Park,2021,2,Medical,6.15
Morgan Park,2021,12,Police,7.8
Uptown,2020,5,Police,8.02
Chatham,2024,6,Medical,8.65
North Lawndale,2021,8,Medical,10.18
Loop,2020,7,Fire,5.05
Humboldt Park,2019,5,Medical,7.34
Englewood,2022,11,Medical,11.6
Pullman,2022,5,Medical,8.62
Mount Greenwood,2023,2,Medical,6.54
North Lawndale,2024,6,Medical,6.22
Roseland,2020,3,Medical,11.83
Washington Park,2023,6,Medical,8.5
Near West Side,2022,3,Medical,7.38
Edison Park,2023,2,Medical,11.87
South Shore,2019,8,Fire,8.5
Edison Park,2023,4,Police,4.88
Pullman,2019,5,Police,9.27
Uptown,2022,9,Police,12.77
Uptown,2021,4,Police,10.63
Douglas,2020,1,Medical,7.88
West Garfield Park,2023,11,Police,10.97
Greater Grand Crossing,2024,6,Medical,8.94
West Garfield Park,2019,11,Medical,10.42
Humboldt Park,2024,11,Police,12.03
Jefferson Park,2022,5,Medical,7.52
Roseland,2024,10,Fire,7.28
Near South Side,2024,3,Medical,7.19
Irving Park,2022,11,Medical,8.97
Auburn Gresham,2021,11,Medical,6.92
West Pullman,2024,5,Police,9.74
Portage Park,2024,8,Medical,6.81
Loop,2024,1,Police,5.18
West Englewood,2022,4,Police,10.68
Portage Park,2024,3,Medical,7.14
Edison Park,2022,4,Medical,8.61
Lincoln Square,2021,2,Fire,5.39
Woodlawn,2022,2,Police,12.19
Mount Greenwood,2024,2,Fire,6.7
Beverly,2019,3,Police,11.77
Roseland,2024,12,Police,12.53
Woodlawn,2023,9,Police,12.23
Near South Side,2023,5,Medical,6.51
Loop,2019,4,Fire,6.28
Lincoln Square,2023,4,Medical,5.33
Portage Park,2024,3,Medical,13.75
Logan Square,2022,9,Police,10.06
Jefferson Park,2024,11,Medical,7.57
Lincoln Square,2023,10,Medical,7.15
Irving Park,2023,1,Fire,8.67
Jefferson Park,2022,6,Police,8.27
Logan Square,2023,4,Police,6.9
Hyde Park,2022,8,Police,7.03
Beverly,2021,7,Police,7.62
Logan Square,2024,3,Police,10.53
Washington Heights,2021,5,Fire,12.92
South Shore,2023,11,Fire,11.91
Near West Side,2021,11,Police,10.56
Kenwood,2023,4,Police,8.55
Near West Side,2021,4,Medical,8.44
Logan Square,2023,10,Medical,5.37
Logan Square,2020,8,Medical,5.56
South Shore,2024,9,Fire,9.58
West Ridge,2019,11,Fire,9.87
Albany Park,2024,4,Medical,5.98
Douglas,2021,12,Police,12.93
Logan Square,2022,2,Fire,14.04
Jefferson Park,2019,1,Medical,10.04
Riverdale,2023,10,Medical,8.79
Humboldt Park,2019,4,Medical,11.35
Loop,2022,8,Medical,7.3
West Town,2022,5,Medical,13.01
West Pullman,2024,2,Medical,6.04
Riverdale,2023,11,Police,10.56
West Garfield Park,2024,4,Police,12.22
Kenwood,2021,4,Fire,9.78
Roseland,2021,10,Medical,6.95
Logan Square,2020,5,Medical,9.34
Austin,2024,2,Medical,8.68
West Ridge,2022,7,Police,5.22
West Garfield Park,2020,5,Medical,10.61
West Pullman,2022,4,Police,7.2
Edison Park,2020,8,Police,7.61
Uptown,2024,2,Medical,7.42
Irving Park,2021,1,Medical,9.54
Loop,2022,6,Fire,2.16
Austin,2024,10,Medical,9.88
Humboldt Park,2024,10,Medical,10.22
Austin,2021,8,Medical,10.36
Riverdale,2019,7,Police,13.95
Roseland,2021,9,Medical,5.36
Irving Park,2022,1,Medical,6.78
West Town,2019,3,Medical,8.99
North Lawndale,2020,9,Police,14.74
South Shore,2023,5,Police,8.25
Grand Boulevard,2022,6,Police,13.32
Humboldt Park,2023,11,Medical,7.25
Roseland,2023,7,Police,16.07
Riverdale,2019,3,Medical,9.72
West Town,2020,7,Medical,8.53
Near North Side,2021,3,Fire,3.17
West Town,2019,6,Medical,5.75
Beverly,2020,8,Medical,6.27
Portage Park,2021,7,Police,9.36
Chatham,2021,5,Police,8.19
Pullman,2020,12,Medical,6.48
Washington Park,2021,6,Police,12.6
Kenwood,2022,4,Fire,7.97
Near West Side,2022,2,Medical,5.87
West Ridge,2019,7,Medical,8.13
Douglas,2021,4,Police,9.99
Loop,2021,6,Medical,6.51
Riverdale,2020,10,Medical,9.73
Edison Park,2022,12,Medical,6.01
Washington Park,2023,2,Police,11.7
Jefferson Park,2019,2,Police,7.99
Englewood,2024,6,Medical,10.89
Grand Boulevard,2022,8,Police,9.77
Lake View,2020,1,Police,4.19
Washington Park,2019,10,Police,8.28
Edison Park,2023,7,Fire,7.18
Austin,2024,6,Fire,14.57
West Town,2019,5,Medical,9.59
Rogers Park,2022,10,Medical,7.56
Douglas,2023,12,Police,9.83
Uptown,2024,8,Medical,7.4
Beverly,2020,1,Police,7.14
Humboldt Park,2019,5,Police,21.56
Greater Grand Crossing,2022,12,Police,9.38
North Lawndale,2020,6,Medical,6.09
Morgan Park,2023,4,Medical,6.74
North Lawndale,2019,10,Medical,11.88
Uptown,2021,11,Medical,7.91
Albany Park,2022,12,Police,6.39
Washington Heights,2022,10,Police,8.81
Rogers Park,2021,2,Fire,10.58
Woodlawn,2020,8,Medical,9.78
Woodlawn,2022,5,Police,9.54
Portage Park,2020,10,Police,8.93
Lake View,2023,6,Medical,3.29
Near North Side,2021,9,Police,8.4
Near West Side,2020,2,Medical,8.07
Chatham,2023,5,Medical,8.12
West Town,2019,12,Medical,6.73
West Englewood,2022,1,Police,12.65
Auburn Gresham,2021,3,Medical,7.75
Irving Park,2019,6,Police,11.04
Roseland,2019,8,Medical,9.66
Loop,2019,12,Medical,3.02
Auburn Gresham,2020,5,Medical,13.47
Uptown,2022,12,Police,3.63
Jefferson Park,2021,4,Fire,7.45
Morgan Park,2024,5,Police,9.88
Washington Heights,2024,4,Fire,9.96
Hyde Park,2022,2,Medical,7.43
West Ridge,2022,1,Medical,9.32
Grand Boulevard,2022,8,Medical,9.79
Grand Boulevard,2023,1,Police,5.87
Near South Side,2023,2,Medical,7.53
Austin,2023,5,Medical,10.93
Jefferson Park,2023,8,Police,5.6
Logan Square,2022,10,Medical,7.77
South Shore,2022,3,Medical,9.54
Woodlawn,2024,11,Medical,9.03
West Garfield Park,2021,11,Medical,11.13
Beverly,2024,9,Medical,6.75
Greater Grand Crossing,2024,6,Police,10.48
Rogers Park,2021,11,Medical,6.04
North Lawndale,2021,3,Police,13.57
Jefferson Park,2024,10,Fire,9.18
Logan Square,2024,7,Police,7.42
Mount Greenwood,2024,12,Police,7.86
West Town,2021,7,Medical,7.81
Lincoln Square,2021,7,Police,18.05
Riverdale,2023,4,Police,12.18
Kenwood,2022,6,Fire,9.8
Greater Grand Crossing,2021,3,Fire,10.5
Morgan Park,2020,4,Police,8.56
Albany Park,2021,3,Fire,7.18
Greater Grand Crossing,2021,3,Fire,7.72
Loop,2022,1,Police,2.47
Morgan Park,2024,5,Medical,11.43
Portage Park,2023,12,Fire,8.16
Irving Park,2019,3,Medical,21.66
North Lawndale,2024,12,Medical,6.48
Roseland,2024,1,Police,12.12
Auburn Gresham,2022,9,Medical,11.47
Loop,2023,11,Fire,5.67
Washington Park,2020,12,Medical,8.04
Irving Park,2019,4,Medical,6.05
Near South Side,2023,12,Medical,6.11
Washington Park,2024,9,Police,11.61
Portage Park,2023,2,Police,6.12
Jefferson Park,2022,2,Police,11.98
Washington Park,2023,4,Police,10.93
West Englewood,2021,4,Police,9.62
West Pullman,2023,5,Fire,10.19
Humboldt Park,2019,11,Medical,11.65
Rogers Park,2023,1,Police,9.6
West Garfield Park,2020,5,Police,11.2
Washington Park,2021,12,Fire,10.51
Edison Park,2019,10,Medical,6.22
Lake View,2019,2,Medical,6.77
Lake View,2024,5,Police,6.91
Morgan Park,2022,10,Police,9.42
West Englewood,2022,10,Medical,9.64
Near West Side,2021,6,Police,14.57
Grand Boulevard,2019,3,Fire,7.33
Jefferson Park,2024,4,Police,18.05
Roseland,2020,5,Fire,9.1
Austin,2023,6,Medical,8.12
Riverdale,2023,9,Police,13.31
West Ridge,2023,9,Medical,4.82
Humboldt Park,2022,6,Police,13.42
Rogers Park,2019,12,Medical,5.87
Hyde Park,2019,1,Medical,8.23
Washington Park,2020,6,Medical,10.67
Austin,2022,10,Medical,8.5
West Town,2020,3,Police,9.67
Hyde Park,2019,5,Police,8.69
Austin,2023,5,Police,8.47
Humboldt Park,2022,10,Police,5.96
Chatham,2022,4,Police,8.98
Kenwood,2022,3,Fire,11.61
West Town,2024,1,Police,7.76
Near West Side,2024,7,Medical,8.18
Edison Park,2023,8,Medical,7.88
Englewood,2024,5,Medical,9.08
West Ridge,2022,8,Medical,7.91
Woodlawn,2024,4,Medical,10.28
Albany Park,2024,8,Medical,6.81
West Englewood,2021,3,Police,9.61
Grand Boulevard,2022,8,Police,14.59
Edison Park,2024,6,Police,7.2
South Shore,2023,9,Police,9.14
Grand Boulevard,2024,5,Police,12.69
Lincoln Square,2024,1,Police,10.8
Humboldt Park,2022,8,Medical,9.48
Chatham,2024,11,Police,8.28
Rogers Park,2021,3,Fire,13.48
Lincoln Square,2021,11,Medical,7.39
West Pullman,2024,5,Medical,4.54
Riverdale,2022,2,Medical,12.04
Hyde Park,2019,7,Police,7.18
West Garfield Park,2019,5,Medical,4.61
Washington Heights,2020,12,Fire,7.43
Grand Boulevard,2021,7,Police,8.53
West Pullman,2019,12,Police,8.68
West Town,2020,7,Fire,13.22
Logan Square,2019,5,Fire,6.88
West Ridge,2022,5,Medical,7.4
Near West Side,2024,9,Fire,12.35
Kenwood,2021,3,Police,13.3
Kenwood,2019,8,Medical,8.65
Portage Park,2022,1,Medical,8.89
Douglas,2020,4,Police,11.57
West Town,2022,12,Medical,6.32
Albany Park,2020,2,Police,11.74
Morgan Park,2019,3,Medical,8.07
Woodlawn,2024,11,Medical,12.02
Jefferson Park,2023,6,Fire,7.05
South Shore,2024,4,Medical,9.14
Rogers Park,2022,1,Police,9.02
West Garfield Park,2023,5,Fire,10.3
Pullman,2021,3,Police,7.35
Albany Park,2023,12,Police,9.61
Auburn Gresham,2024,2,Police,10.27
Chatham,2021,4,Medical,7.64
North Lawndale,2019,4,Medical,7.43
Beverly,2019,3,Medical,10.05
Washington Heights,2022,5,Police,7.84
Lincoln Park,2023,5,Police,5.49
Mount Greenwood,2021,8,Medical,11.06
Irving Park,2021,10,Fire,7.52
Humboldt Park,2023,7,Police,14.79
Albany Park,2024,11,Police,9.77
Loop,2019,9,Police,7.4
West Town,2024,7,Police,8.02
Pullman,2019,2,Police,8.66
Near North Side,2021,3,Police,5.23
Morgan Park,2022,6,Police,9.96
Albany Park,2019,1,Fire,6.59
Albany Park,2020,8,Police,8.6
Washington Heights,2021,7,Medical,7.34
South Shore,2023,6,Fire,11.72
Roseland,2023,5,Police,6.96
Auburn Gresham,2024,10,Police,8.57
Uptown,2024,5,Police,10.72
West Town,2021,8,Police,10.67
Near South Side,2024,8,Fire,10.56
Auburn Gresham,2024,3,Medical,7.88
Irving Park,2021,9,Police,5.77
Lincoln Square,2019,3,Medical,8.23
Jefferson Park,2021,10,Medical,6.92
Washington Heights,2021,8,Medical,8.23
South Shore,2024,7,Medical,11.52
Grand Boulevard,2020,9,Police,14.15
Mount Greenwood,2023,11,Police,10.58
Douglas,2024,9,Police,14.79
Kenwood,2019,11,Medical,2.8
Hyde Park,2022,1,Police,9.81
Roseland,2019,1,Police,10.11
Riverdale,2023,3,Medical,8.71
Austin,2022,7,Fire,10.77
Douglas,2021,3,Police,10.32
North Lawndale,2020,3,Medical,10.33
Near North Side,2020,4,Police,5.12
Hyde Park,2023,8,Fire,6.58
Edison Park,2024,1,Medical,4.75
Lincoln Park,2023,4,Fire,3.4
Roseland,2020,4,Fire,8.54
Washington Heights,2022,8,Police,9.51
Grand Boulevard,2022,7,Medical,6.7
West Pullman,2024,4,Police,7.5
Douglas,2019,12,Medical,8.52
Jefferson Park,2021,8,Fire,8.21
Pullman,2024,11,Police,8.02
Near North Side,2022,3,Police,5.28
Jefferson Park,2021,10,Police,7.42
Logan Square,2023,7,Medical,9.72
Uptown,2022,9,Medical,7.69
West Englewood,2022,6,Medical,8.78
Riverdale,2022,4,Police,12.31
Near South Side,2019,4,Medical,9.28
Pullman,2024,1,Police,7.59
Englewood,2023,6,Police,16.38
West Pullman,2020,3,Police,7.62
West Englewood,2019,3,Medical,12.33
West Town,2019,1,Police,8.77
West Pullman,2022,7,Medical,12.4
Lincoln Park,2019,9,Medical,4.1
Near South Side,2024,3,Medical,7.9
Riverdale,2024,7,Medical,10.28
West Pullman,2024,9,Medical,8.47
Near West Side,2020,3,Medical,10.01
Riverdale,2019,9,Medical,12.58
South Shore,2024,11,Medical,7.77
Pullman,2019,2,Police,13.71
Near South Side,2022,3,Police,8.04
Englewood,2023,11,Medical,6.07
West Town,2024,4,Medical,7.11
Humboldt Park,2020,7,Police,9.02
Near West Side,2022,11,Medical,7.31
West Town,2019,9,Police,9.27
Lincoln Park,2024,1,Police,4.86
Jefferson Park,2020,12,Medical,12.81
Auburn Gresham,2021,9,Fire,7.23
Loop,2024,10,Fire,6.88
Englewood,2024,5,Medical,9.34
Beverly,2019,4,Police,9.07
Hyde Park,2023,11,Police,4.37
North Lawndale,2019,12,Police,11.37
South Shore,2023,6,Medical,11.0
Jefferson Park,2021,10,Police,10.26
West Pullman,2022,5,Police,11.09
Lincoln Park,2022,5,Police,4.53
Humboldt Park,2024,12,Medical,9.45
South Shore,2022,5,Medical,11.09
Kenwood,2020,8,Medical,11.22
Logan Square,2023,10,Medical,10.02
Irving Park,2019,8,Fire,6.6
Near West Side,2020,10,Medical,8.72
Near South Side,2020,4,Medical,5.13
Woodlawn,2019,9,Police,9.32
Near West Side,2021,8,Police,8.04
Kenwood,2022,12,Medical,13.74
Hyde Park,2021,6,Medical,12.26
South Shore,2021,2,Medical,12.92
North Lawndale,2022,9,Police,12.43
Greater Grand Crossing,2021,6,Medical,7.84
Chatham,2020,8,Medical,10.81
West Garfield Park,2024,6,Police,13.95
Lincoln Square,2019,5,Medical,8.91
Chatham,2024,7,Medical,10.16
Lincoln Square,2020,12,Fire,5.25
Albany Park,2024,4,Medical,8.89
Washington Park,2020,10,Medical,6.75
Pullman,2023,11,Fire,7.84
Uptown,2022,3,Police,11.68
West Ridge,2022,11,Police,10.2
Washington Park,2024,12,Medical,9.1
Lincoln Park,2020,7,Medical,2.8
Hyde Park,2022,2,Medical,3.15
Edison Park,2023,10,Police,4.38
West Englewood,2024,3,Fire,10.49
Woodlawn,2019,1,Medical,12.01
Washington Park,2021,11,Fire,12.18
North Lawndale,2022,12,Police,11.02
Rogers Park,2020,1,Medical,12.4
Washington Heights,2022,2,Police,8.88
Uptown,2020,1,Fire,9.64
Lincoln Square,2024,2,Police,5.7
Morgan Park,2024,1,Police,13.31
Auburn Gresham,2021,3,Police,8.41
West Town,2022,9,Police,10.54
Edison Park,2021,9,Police,7.65
Beverly,2020,8,Police,7.32
Near West Side,2023,9,Medical,10.45
Hyde Park,2023,12,Police,7.7
Washington Heights,2019,4,Police,9.34
Albany Park,2020,8,Medical,11.34
Beverly,2020,11,Medical,3.62
Humboldt Park,2020,5,Medical,8.09
Morgan Park,2024,4,Medical,3.37
Near West Side,2024,4,Police,10.04
Roseland,2023,2,Police,4.85
Lake View,2023,10,Police,7.02
Pullman,2023,9,Police,14.55
Near North Side,2022,9,Fire,5.14
Near West Side,2022,1,Police,11.14
Pullman,2023,12,Police,11.42
Washington Heights,2021,4,Fire,7.38
Kenwood,2022,9,Medical,8.9
Englewood,2024,4,Medical,10.44
Grand Boulevard,2022,2,Medical,6.87
Mount Greenwood,2022,2,Medical,5.9
Lincoln Park,2022,10,Medical,3.72
Beverly,2019,9,Police,5.52
Morgan Park,2022,11,Fire,7.62
Greater Grand Crossing,2021,4,Police,5.38
Woodlawn,2019,1,Police,10.42
Portage Park,2024,12,Police,8.3
Lake View,2024,1,Medical,7.08
West Garfield Park,2022,1,Police,12.36
Near North Side,2020,8,Fire,10.65
Woodlawn,2019,1,Police,10.54
West Town,2024,5,Medical,8.41
Logan Square,2022,9,Fire,9.0
Portage Park,2021,4,Medical,9.09
Hyde Park,2023,11,Police,8.08
Douglas,2024,9,Fire,7.23
South Shore,2022,5,Fire,7.95
Kenwood,2020,9,Police,5.96
Chatham,2021,2,Medical,8.35
Jefferson Park,2024,8,Medical,6.15
Lincoln Square,2019,7,Police,9.57
North Lawndale,2021,7,Medical,12.98
Austin,2022,3,Police,11.77
Riverdale,2024,10,Fire,13.15
Chatham,2024,12,Fire,7.84
Washington Heights,2020,2,Police,11.26
Albany Park,2024,11,Police,6.98
Jefferson Park,2021,10,Medical,7.54
Pullman,2024,1,Medical,6.26
South Shore,2021,1,Medical,14.88
Uptown,2023,7,Medical,7.69
Humboldt Park,2023,9,Medical,9.65
Washington Park,2022,1,Police,10.37
West Town,2019,10,Fire,11.85
West Ridge,2019,4,Police,9.58
Kenwood,2020,2,Medical,8.92
Humboldt Park,2022,8,Police,14.07
Near North Side,2019,9,Medical,4.94
Greater Grand Crossing,2024,3,Police,3.66
Kenwood,2021,3,Police,6.73
Woodlawn,2022,7,Police,11.9
Auburn Gresham,2021,9,Police,14.45
Beverly,2020,7,Police,6.54
Roseland,2024,12,Medical,10.01
Woodlawn,2022,7,Medical,9.71
Washington Heights,2024,2,Police,8.36
West Town,2024,12,Medical,7.05
Hyde Park,2024,11,Fire,8.95
Rogers Park,2020,1,Fire,13.44
Lincoln Square,2023,2,Fire,7.02
Chatham,2020,12,Medical,11.99
Rogers Park,2024,6,Medical,6.06
Douglas,2023,12,Police,12.61
Portage Park,2022,12,Fire,8.1
Albany Park,2021,10,Medical,8.17
West Garfield Park,2021,8,Police,9.62
Greater Grand Crossing,2021,8,Police,13.33
Hyde Park,2020,6,Medical,5.51
Near South Side,2022,2,Medical,7.2
Logan Square,2022,9,Police,9.8
Jefferson Park,2023,10,Police,11.85
Portage Park,2022,4,Police,6.5
Portage Park,2021,5,Police,10.32
Lincoln Park,2022,1,Medical,6.04
Rogers Park,2023,9,Medical,5.07
Lincoln Park,2022,11,Medical,1.76
Logan Square,2022,11,Police,13.09
Douglas,2021,11,Medical,10.22
Pullman,2022,10,Medical,13.38
Douglas,2020,1,Fire,12.97
Auburn Gresham,2023,7,Medical,7.19
Woodlawn,2023,11,Medical,11.15
Humboldt Park,2023,9,Medical,8.36
Lake View,2022,3,Police,7.3
Greater Grand Crossing,2020,2,Police,10.98
West Pullman,2024,10,Police,10.56
Englewood,2024,8,Police,14.53
Near North Side,2023,4,Police,5.25
Albany Park,2019,1,Medical,7.53
West Garfield Park,2024,8,Fire,7.93
Roseland,2024,6,Police,9.35
Near South Side,2021,6,Medical,6.13
Logan Square,2019,4,Police,7.17
Rogers Park,2019,6,Police,6.92
Rogers Park,2023,2,Police,11.21
Riverdale,2019,6,Medical,15.82
Beverly,2019,2,Medical,8.49
Washington Park,2024,6,Fire,9.47
Hyde Park,2020,9,Police,9.96
Logan Square,2021,7,Police,8.16
South Shore,2022,12,Medical,7.72
Riverdale,2023,12,Medical,9.04
Auburn Gresham,2024,4,Fire,13.45
Morgan Park,2024,1,Medical,8.03
Roseland,2023,9,Police,9.87
Edison Park,2019,1,Medical,9.4
Rogers Park,2022,5,Medical,9.09
Irving Park,2024,7,Medical,9.56
Lake View,2022,10,Medical,6.3
Kenwood,2022,10,Medical,7.57
Lincoln Park,2023,6,Police,11.0
Washington Park,2023,3,Fire,11.12
Rogers Park,2024,11,Medical,8.12
Washington Park,2024,8,Medical,10.12
Rogers Park,2024,11,Medical,9.18
West Pullman,2020,7,Police,11.31
Uptown,2023,9,Medical,8.26
Near West Side,2023,1,Medical,7.51
Chatham,2020,8,Fire,8.05
West Ridge,2023,4,Police,13.35
Jefferson Park,2019,7,Medical,7.41
West Garfield Park,2019,7,Medical,8.22
Greater Grand Crossing,2020,4,Fire,13.34
West Garfield Park,2024,8,Police,10.41
Irving Park,2020,12,Police,11.08
Loop,2019,1,Medical,4.0
Uptown,2022,5,Medical,8.1
Lincoln Square,2023,4,Medical,8.49
West Garfield Park,2021,4,Police,15.24
Auburn Gresham,2021,3,Medical,10.22
West Town,2020,1,Police,11.11
Riverdale,2021,5,Police,12.89
Austin,2022,8,Fire,8.5
Portage Park,2021,10,Medical,9.85
Loop,2019,6,Medical,4.57
Beverly,2020,12,Police,10.11
Kenwood,2024,1,Medical,6.49
Austin,2021,5,Fire,12.14
Roseland,2023,6,Medical,8.49
Englewood,2020,9,Medical,12.69
Rogers Park,2022,9,Police,6.66
Kenwood,2019,5,Police,7.2
Kenwood,2021,3,Medical,9.68
Jefferson Park,2019,6,Police,5.89
Douglas,2022,11,Police,12.95
Irving Park,2024,8,Police,15.13
West Garfield Park,2021,12,Police,11.45
Washington Park,2024,11,Police,14.22
South Shore,2024,12,Police,11.12
West Town,2020,12,Medical,9.44
Roseland,2024,5,Medical,13.01
Woodlawn,2020,8,Fire,10.65
Douglas,2024,1,Medical,9.26
Albany Park,2023,8,Police,8.65
Pullman,2022,2,Police,9.1
Woodlawn,2021,7,Police,16.53
Irving Park,2019,2,Police,11.88
Pullman,2019,3,Medical,10.46
West Pullman,2021,5,Police,10.75
West Pullman,2022,10,Police,8.4
Morgan Park,2022,7,Police,11.18
West Englewood,2024,9,Police,8.08
Near South Side,2019,12,Police,13.37
Albany Park,2021,12,Police,10.11
Austin,2024,5,Police,8.97
Near North Side,2021,11,Fire,4.38
Lincoln Square,2019,1,Police,9.34
Woodlawn,2021,11,Medical,8.32
Washington Park,2021,3,Medical,10.13
Pullman,2024,5,Medical,8.88
Portage Park,2020,12,Medical,6.14
Loop,2020,3,Police,3.69
Greater Grand Crossing,2023,8,Police,8.66
West Garfield Park,2024,8,Police,10.19
Portage Park,2023,11,Police,9.41
Roseland,2022,1,Police,9.46
West Englewood,2020,8,Police,16.04
Morgan Park,2020,4,Police,8.17
Beverly,2020,11,Medical,8.34
Douglas,2020,6,Police,11.07
Woodlawn,2022,10,Police,10.27
Auburn Gresham,2019,8,Fire,11.32
West Englewood,2022,2,Police,7.01
Lincoln Square,2019,8,Medical,7.64
Austin,2023,7,Medical,10.02
Austin,2020,4,Medical,8.88
Near South Side,2024,12,Police,8.06
Hyde Park,2024,5,Police,5.65
Greater Grand Crossing,2019,6,Medical,10.7
Near West Side,2022,3,Medical,8.7
West Garfield Park,2019,2,Police,8.5
Hyde Park,2021,2,Police,5.15
Douglas,2023,4,Medical,11.98
South Shore,2023,7,Fire,10.15
Rogers Park,2020,12,Police,7.01
Greater Grand Crossing,2020,1,Fire,7.44
Auburn Gresham,2022,1,Medical,11.75
West Ridge,2019,4,Police,10.47
West Garfield Park,2021,9,Police,10.47
Mount Greenwood,2023,12,Police,7.12
Beverly,2019,12,Police,2.1
Near South Side,2021,5,Medical,11.49
Jefferson Park,2024,1,Medical,7.7
Logan Square,2019,3,Police,9.04
Portage Park,2020,11,Fire,9.42
Austin,2024,6,Police,8.79
Austin,2024,3,Police,7.37
West Ridge,2023,11,Police,9.1
Edison Park,2021,6,Police,3.03
Logan Square,2020,6,Medical,8.94
West Garfield Park,2024,5,Fire,13.03
Washington Heights,2022,10,Police,8.04
Kenwood,2022,5,Police,10.05
Uptown,2020,9,Medical,10.38
Roseland,2021,3,Medical,11.5
Logan Square,2021,11,Medical,8.68
Near West Side,2023,10,Medical,7.46
Near North Side,2020,7,Police,5.55
Jefferson Park,2022,4,Medical,9.2
Near West Side,2020,2,Medical,8.15
Mount Greenwood,2019,10,Medical,10.47
Douglas,2021,3,Fire,8.94
North Lawndale,2024,3,Police,8.97
Grand Boulevard,2019,3,Police,7.32
West Ridge,2022,3,Medical,8.11
Portage Park,2021,10,Police,8.44
Pullman,2022,6,Medical,8.87
Riverdale,2022,6,Police,10.77
Humboldt Park,2022,11,Medical,9.86
Austin,2023,9,Medical,8.13
Portage Park,2022,8,Medical,5.3
Riverdale,2022,10,Fire,10.19
Near North Side,2019,7,Medical,7.49
Pullman,2019,12,Medical,9.16
Humboldt Park,2019,12,Medical,6.43
South Shore,2021,2,Police,17.64
Austin,2023,10,Medical,8.51
Near West Side,2021,2,Medical,7.14
West Garfield Park,2023,1,Medical,9.94
Hyde Park,2023,7,Police,7.09
Lincoln Park,2020,7,Fire,10.19
Jefferson Park,2024,1,Fire,7.8
West Garfield Park,2020,6,Medical,12.42
Pullman,2020,11,Police,11.42
Irving Park,2023,12,Medical,7.06
Grand Boulevard,2023,7,Police,9.81
Lake View,2021,1,Fire,10.31
Greater Grand Crossing,2023,12,Medical,9.87
Greater Grand Crossing,2022,6,Fire,12.7
Uptown,2022,10,Fire,6.22
Kenwood,2023,9,Medical,12.09
West Garfield Park,2022,12,Medical,8.09
Washington Heights,2023,1,Medical,8.35
Hyde Park,2020,2,Medical,6.08
Lincoln Square,2023,2,Fire,9.89
Irving Park,2020,10,Police,12.62
Rogers Park,2019,3,Police,12.5
Near South Side,2022,4,Police,7.17
Near West Side,2019,7,Police,10.57
Near South Side,2022,3,Police,8.08
North Lawndale,2024,7,Medical,8.04
Uptown,2024,5,Police,9.51
West Pullman,2024,5,Fire,12.7
Albany Park,2019,7,Medical,9.75
Mount Greenwood,2024,7,Police,5.98
West Town,2023,7,Police,14.93
Lake View,2024,9,Fire,8.68
Lincoln Square,2019,1,Medical,6.86
South Shore,2022,1,Medical,9.1
Lincoln Square,2021,3,Medical,8.25
West Town,2022,6,Police,10.47
West Garfield Park,2021,2,Police,13.55
Uptown,2023,9,Medical,9.44
Albany Park,2022,1,Fire,7.7
Grand Boulevard,2019,5,Police,12.07
North Lawndale,2023,7,Medical,15.82
Rogers Park,2022,10,Fire,7.7
West Englewood,2023,3,Police,11.66
Pullman,2021,2,Medical,8.73
Rogers Park,2023,3,Police,11.66
Uptown,2019,12,Fire,18.35
Uptown,2022,7,Medical,11.97
Auburn Gresham,2021,1,Police,7.13
Near West Side,2023,8,Medical,10.48
Chatham,2020,3,Police,9.04
Washington Park,2021,5,Medical,10.48
Riverdale,2021,10,Police,15.78
Greater Grand Crossing,2019,11,Police,7.73
Chatham,2019,5,Medical,12.49
Hyde Park,2023,6,Medical,7.47
Lincoln Square,2020,7,Medical,5.09
Humboldt Park,2021,11,Medical,9.41
Woodlawn,2023,1,Police,13.26
Riverdale,2024,6,Police,13.57
Douglas,2020,2,Police,14.58
Uptown,2023,10,Police,11.99
Grand Boulevard,2021,3,Fire,8.14
Near South Side,2023,5,Medical,7.46
Morgan Park,2019,1,Police,9.72
Grand Boulevard,2019,7,Fire,11.79
Lincoln Square,2022,1,Medical,5.54
Near South Side,2020,8,Medical,7.37
Auburn Gresham,2024,11,Police,8.94
Pullman,2021,12,Medical,8.18
Near South Side,2020,6,Fire,8.38
Hyde Park,2019,11,Medical,7.9
Morgan Park,2024,1,Medical,7.37
West Englewood,2021,7,Medical,7.75
Beverly,2022,10,Police,8.14
Kenwood,2019,3,Medical,8.28
Portage Park,2019,7,Fire,9.38
Morgan Park,2024,11,Medical,9.66
Chatham,2020,8,Police,13.58
Uptown,2023,10,Medical,11.26
Rogers Park,2020,3,Medical,9.76
Near West Side,2019,5,Medical,8.89
Douglas,2020,10,Medical,11.68
Humboldt Park,2023,2,Police,11.64
Humboldt Park,2022,2,Medical,10.46
Austin,2021,1,Police,14.06
Riverdale,2019,3,Fire,13.72
Logan Square,2020,4,Medical,6.89
Beverly,2019,3,Medical,5.03
Irving Park,2021,11,Medical,9.36
Beverly,2020,8,Medical,9.94
Washington Heights,2022,1,Medical,8.26
Riverdale,2021,5,Police,13.58
Riverdale,2023,7,Fire,10.79
Chatham,2023,9,Fire,8.45
Lake View,2019,1,Medical,4.94
Lincoln Park,2023,9,Fire,5.87
Pullman,2020,11,Police,9.44
Austin,2023,9,Police,11.45
Pullman,2022,4,Fire,6.73
Washington Park,2024,10,Fire,12.65
Riverdale,2020,5,Medical,11.31
Logan Square,2024,6,Police,6.9
Albany Park,2019,4,Police,7.38
Kenwood,2019,6,Medical,8.75
Albany Park,2023,5,Medical,8.82
Morgan Park,2023,3,Medical,10.31
Pullman,2019,3,Police,7.14
Logan Square,2020,9,Medical,7.42
Uptown,2021,5,Police,9.5
Englewood,2019,11,Medical,9.44
South Shore,2022,3,Police,9.57
Near West Side,2020,8,Police,10.91
Grand Boulevard,2021,8,Police,7.98
West Pullman,2021,3,Police,10.12
Logan Square,2020,7,Medical,10.82
Riverdale,2019,9,Police,15.63
Englewood,2021,3,Medical,5.81
Riverdale,2022,8,Medical,11.3
Lake View,2024,12,Medical,9.96
Uptown,2020,12,Police,10.89
Near North Side,2023,1,Police,6.4
Kenwood,2024,12,Medical,9.62
Douglas,2019,3,Medical,6.72
Grand Boulevard,2020,12,Police,9.38
Roseland,2022,4,Police,10.52
North Lawndale,2024,3,Police,13.55
West Pullman,2024,9,Medical,9.25
Near North Side,2021,12,Medical,5.51
Riverdale,2019,10,Police,14.9
Lake View,2019,5,Police,8.0
South Shore,2020,3,Fire,8.5
Edison Park,2020,3,Medical,5.37
West Town,2022,11,Police,8.14
Lincoln Square,2023,2,Police,8.6
Englewood,2020,10,Medical,6.58
Lake View,2024,6,Medical,6.92
Riverdale,2020,9,Fire,9.78
Lake View,2020,7,Medical,3.98
Beverly,2022,2,Medical,5.63
Englewood,2021,9,Police,11.44
Hyde Park,2023,3,Medical,12.61
Rogers Park,2022,7,Fire,11.68
Lincoln Square,2020,10,Medical,7.5
Washington Heights,2021,7,Police,16.38
Hyde Park,2020,4,Medical,8.01
Riverdale,2022,4,Police,9.22
Riverdale,2019,12,Police,18.94
Edison Park,2020,2,Police,10.45
Loop,2021,2,Fire,6.04
Austin,2023,2,Medical,8.17
Near South Side,2019,12,Police,12.23
Hyde Park,2020,11,Fire,5.31
Grand Boulevard,2020,5,Medical,11.03
North Lawndale,2021,3,Medical,13.2
Pullman,2019,10,Medical,6.93
Irving Park,2019,7,Medical,8.92
Rogers Park,2019,7,Medical,10.55
Jefferson Park,2020,6,Medical,11.77
Uptown,2019,8,Medical,9.78
Hyde Park,2020,11,Fire,7.8
Jefferson Park,2020,4,Medical,5.63
Austin,2024,9,Police,6.91
Kenwood,2019,12,Medical,5.95
Humboldt Park,2022,12,Police,10.76
Uptown,2023,10,Medical,8.95
Englewood,2023,10,Police,10.29
Riverdale,2022,5,Medical,12.0
Kenwood,2019,4,Police,6.95
Jefferson Park,2020,3,Fire,6.77
Logan Square,2021,9,Medical,6.2
West Ridge,2022,12,Medical,9.35
Near North Side,2023,4,Police,7.59
Near South Side,2023,9,Medical,7.33
Near West Side,2020,11,Medical,6.63
Washington Park,2023,1,Medical,9.45
Douglas,2023,5,Medical,15.39
Portage Park,2020,1,Medical,11.87
Riverdale,2019,9,Police,15.13
West Pullman,2024,12,Fire,8.44
Near South Side,2023,7,Medical,4.92
Washington Heights,2024,12,Police,7.61
Loop,2024,10,Police,7.31
Edison Park,2019,9,Medical,3.29
Auburn Gresham,2021,5,Medical,7.78
Jefferson Park,2019,10,Police,10.38
Washington Park,2020,9,Police,5.82
Washington Park,2020,4,Police,12.29
Riverdale,2020,3,Medical,11.59
West Ridge,2023,2,Fire,8.52
Near West Side,2022,4,Medical,12.39
Loop,2023,3,Fire,7.91
Morgan Park,2019,9,Medical,10.02
Chatham,2021,12,Police,13.08
Lincoln Park,2021,12,Police,6.86
West Garfield Park,2021,12,Fire,8.12
Washington Park,2024,8,Medical,8.8
Beverly,2021,12,Medical,8.06
Lincoln Square,2024,1,Police,13.63
Roseland,2022,2,Fire,7.99
Loop,2021,3,Fire,6.14
Uptown,2024,6,Police,7.35
Grand Boulevard,2023,5,Police,7.58
North Lawndale,2021,11,Police,7.75
Hyde Park,2020,5,Medical,6.87
Greater Grand Crossing,2019,6,Police,14.24
Edison Park,2023,12,Medical,4.19
West Garfield Park,2022,8,Medical,9.17
Pullman,2023,1,Medical,5.9
Auburn Gresham,2020,5,Police,8.1
Riverdale,2021,6,Medical,12.09
Woodlawn,2021,11,Medical,11.15
Lincoln Square,2022,10,Medical,11.2
Douglas,2019,11,Medical,6.34
Hyde Park,2021,6,Fire,11.24
West Pullman,2024,9,Police,6.92
Kenwood,2022,10,Police,7.9
West Englewood,2021,7,Medical,12.27
Auburn Gresham,2024,4,Medical,8.93
West Pullman,2023,7,Police,10.97
Near North Side,2022,7,Police,7.06
Riverdale,2022,11,Medical,12.59
Pullman,2022,11,Medical,9.46
Irving Park,2021,6,Medical,7.68
Portage Park,2022,8,Police,7.17
Kenwood,2023,8,Fire,6.72
Edison Park,2019,10,Police,4.52
West Pullman,2019,12,Medical,10.55
Beverly,2020,6,Police,7.72
Douglas,2023,11,Police,9.11
Englewood,2023,2,Medical,7.83
Near West Side,2022,5,Fire,11.27
Loop,2020,1,Police,5.44
Humboldt Park,2024,10,Fire,8.86
Riverdale,2024,10,Fire,16.07
Albany Park,2023,12,Police,7.5
Austin,2023,10,Fire,9.53
Lincoln Square,2023,12,Medical,7.18
Woodlawn,2021,11,Police,13.1
South Shore,2023,9,Medical,10.53
Austin,2024,4,Medical,4.81
Riverdale,2021,1,Medical,7.35
Near West Side,2024,3,Medical,12.89
Near South Side,2023,10,Police,10.35
Douglas,2024,2,Fire,9.23
Jefferson Park,2019,9,Police,10.86
Jefferson Park,2021,7,Police,12.03
Jefferson Park,2021,10,Medical,7.33
Woodlawn,2022,10,Medical,11.47
West Garfield Park,2023,12,Medical,10.19
Edison Park,2020,6,Fire,7.56
Austin,2020,4,Police,13.75
North Lawndale,2020,11,Police,9.96
Riverdale,2020,4,Police,11.25
Rogers Park,2019,12,Police,8.69
Irving Park,2020,12,Medical,6.75
Lincoln Park,2024,7,Police,9.86
Morgan Park,2022,8,Police,10.77
Lake View,2020,4,Fire,4.64
Austin,2022,7,Medical,12.45
North Lawndale,2021,3,Medical,11.38
North Lawndale,2024,12,Medical,10.62
Rogers Park,2023,12,Medical,7.8
Near West Side,2020,9,Fire,8.87
Edison Park,2022,12,Fire,4.88
Uptown,2024,3,Medical,4.06
Washington Park,2022,3,Medical,13.64
Lake View,2023,10,Medical,3.57
Mount Greenwood,2021,12,Medical,7.98
Near West Side,2020,2,Police,11.04
North Lawndale,2022,3,Medical,7.19
Pullman,2020,8,Medical,12.38
Riverdale,2024,2,Medical,9.84
North Lawndale,2019,1,Police,11.73
Washington Heights,2022,5,Police,7.85
Austin,2021,8,Police,6.09
Austin,2024,6,Fire,8.33
Beverly,2023,2,Medical,7.43
Morgan Park,2022,12,Medical,6.79
Near North Side,2019,9,Fire,5.16
Humboldt Park,2023,4,Fire,10.5
Washington Park,2021,3,Medical,10.48
West Pullman,2020,4,Police,10.56
Beverly,2020,3,Medical,5.52
Douglas,2022,8,Police,8.48
Austin,2023,1,Fire,14.46
Chatham,2019,1,Fire,6.85
Austin,2019,9,Medical,11.05
Irving Park,2021,7,Medical,5.58
West Garfield Park,2024,9,Police,11.87
Auburn Gresham,2023,3,Fire,8.35
Woodlawn,2023,3,Police,9.3
Washington Park,2020,2,Medical,8.14
Logan Square,2021,2,Police,8.9
Edison Park,2021,11,Medical,11.38
Lake View,2024,9,Police,5.15
Irving Park,2021,2,Police,13.9
Morgan Park,2023,4,Police,6.87
Uptown,2020,11,Medical,9.05
West Englewood,2021,4,Medical,12.11
Riverdale,2020,9,Medical,10.55
Douglas,2024,3,Police,10.37
Jefferson Park,2021,10,Medical,9.58
Morgan Park,2023,2,Police,10.83
North Lawndale,2020,12,Medical,12.24
Chatham,2022,3,Medical,10.31
Washington Heights,2024,9,Medical,8.9
Woodlawn,2021,5,Police,14.41
Greater Grand Crossing,2023,5,Police,6.51
West Garfield Park,2020,7,Medical,12.87
Englewood,2019,1,Medical,11.3
Uptown,2023,10,Police,11.91
Lake View,2023,5,Medical,2.18
Humboldt Park,2019,9,Medical,10.56
Uptown,2019,6,Police,9.9
Grand Boulevard,2022,12,Police,9.16
Washington Heights,2022,8,Medical,11.21
Roseland,2022,10,Medical,10.21
Grand Boulevard,2023,8,Medical,13.67
Woodlawn,2023,1,Fire,6.48
Albany Park,2023,8,Medical,9.06
Washington Park,2022,6,Medical,7.13
Logan Square,2020,4,Police,6.19
Austin,2023,3,Fire,14.19
Morgan Park,2023,5,Police,6.4
Englewood,2023,5,Medical,12.16
Auburn Gresham,2022,7,Police,7.74
Douglas,2021,9,Police,13.07
West Garfield Park,2022,11,Medical,12.42
Grand Boulevard,2021,1,Medical,6.12
Greater Grand Crossing,2022,9,Medical,7.15
Jefferson Park,2020,3,Medical,9.52
West Ridge,2020,6,Medical,8.48
West Pullman,2023,6,Medical,7.43
Douglas,2022,4,Medical,7.17
Logan Square,2021,2,Police,9.43
Edison Park,2021,5,Fire,7.08
Rogers Park,2020,3,Medical,14.96
West Garfield Park,2023,4,Medical,11.93
Irving Park,2021,6,Police,7.4
Lincoln Square,2022,11,Medical,7.12
Logan Square,2023,7,Police,13.48
Pullman,2024,2,Police,6.69
Morgan Park,2022,11,Medical,6.34
Near North Side,2022,3,Medical,5.76
Grand Boulevard,2020,12,Medical,9.0
Kenwood,2022,7,Police,7.49
Lake View,2019,5,Police,3.24
Lake View,2023,4,Police,7.52
West Garfield Park,2019,4,Medical,9.7
Roseland,2022,9,Police,10.77
Jefferson Park,2022,9,Police,9.94
Lincoln Park,2020,10,Medical,6.4
Washington Park,2020,7,Fire,8.14
Near West Side,2024,1,Police,8.65
Austin,2020,1,Medical,13.1
Near South Side,2024,3,Police,11.04
West Ridge,2020,3,Police,9.95
Albany Park,2024,7,Medical,9.98
Austin,2021,12,Police,10.52
Auburn Gresham,2020,2,Fire,10.74
West Town,2022,8,Fire,13.32
Logan Square,2024,1,Police,13.84
Logan Square,2022,11,Fire,6.95
West Pullman,2024,8,Medical,8.46
Edison Park,2023,9,Police,7.89
North Lawndale,2024,5,Medical,13.6
Greater Grand Crossing,2019,11,Police,10.16
Hyde Park,2024,4,Police,8.15
Albany Park,2024,6,Medical,6.78
Pullman,2021,6,Police,4.88
Riverdale,2021,8,Police,9.3
Chatham,2023,8,Medical,9.26
Lake View,2023,1,Police,7.29
Logan Square,2020,9,Police,8.05
Rogers Park,2023,10,Police,10.78
Grand Boulevard,2021,1,Medical,11.05
Mount Greenwood,2019,3,Fire,7.48
Uptown,2024,7,Police,10.14
Uptown,2019,5,Medical,8.25
Near North Side,2021,6,Medical,8.66
Greater Grand Crossing,2020,8,Medical,10.54
West Englewood,2019,4,Medical,9.08
West Town,2024,4,Medical,4.63
Mount Greenwood,2024,8,Police,4.37
Uptown,2019,3,Medical,10.52
Chatham,2020,6,Fire,5.37
Roseland,2019,4,Medical,9.2
Washington Heights,2022,6,Police,11.05
North Lawndale,2021,4,Police,8.24
Portage Park,2019,2,Police,12.56
Beverly,2019,10,Medical,5.1
Mount Greenwood,2020,11,Fire,11.28
Rogers Park,2019,11,Fire,8.8
Chatham,2020,3,Medical,7.29
Albany Park,2021,11,Medical,7.66
South Shore,2022,8,Medical,10.08
Pullman,2023,1,Police,9.95
Near West Side,2021,11,Fire,9.97
Uptown,2019,10,Fire,10.21
Greater Grand Crossing,2022,6,Fire,11.37
West Town,2023,9,Medical,11.51
Riverdale,2023,1,Medical,8.55
Morgan Park,2024,4,Fire,8.11
Hyde Park,2024,7,Police,6.85
Austin,2019,6,Police,8.76
Greater Grand Crossing,2024,6,Police,9.33
Riverdale,2023,9,Medical,10.12
Loop,2023,8,Police,5.23
Logan Square,2021,5,Medical,9.92
Riverdale,2024,11,Fire,11.81
Lake View,2024,12,Fire,5.74
Auburn Gresham,2021,11,Medical,12.82
Humboldt Park,2023,2,Police,12.22
Woodlawn,2020,12,Police,13.87
Grand Boulevard,2019,3,Medical,12.48
Humboldt Park,2020,12,Fire,9.6
Mount Greenwood,2020,10,Fire,7.97
Lincoln Square,2023,3,Medical,9.45
Washington Heights,2019,4,Medical,7.72
Near West Side,2020,2,Medical,9.92
Lincoln Square,2021,8,Fire,10.52
Roseland,2021,8,Police,10.24
Near West Side,2019,12,Medical,8.52
Pullman,2020,8,Police,9.11
Pullman,2022,10,Police,5.33
Jefferson Park,2024,5,Police,7.97
Logan Square,2022,10,Fire,11.55
Humboldt Park,2019,6,Medical,13.48
Albany Park,2024,6,Police,8.95
Pullman,2019,7,Police,9.58
Auburn Gresham,2022,1,Police,13.58
Grand Boulevard,2020,10,Police,7.82
Woodlawn,2020,3,Medical,9.43
Lincoln Park,2023,11,Medical,2.65
Hyde Park,2024,3,Police,12.62
West Ridge,2019,11,Medical,9.84
Logan Square,2020,7,Police,9.51
Near West Side,2022,6,Medical,5.37
Rogers Park,2024,9,Police,4.41
Mount Greenwood,2022,9,Police,8.38
West Pullman,2021,9,Police,9.04
Douglas,2020,4,Police,10.8
Chatham,2023,3,Police,7.31
West Ridge,2023,4,Medical,7.13
Mount Greenwood,2024,3,Medical,7.76
Beverly,2019,7,Fire,6.62
Portage Park,2021,11,Police,8.48
West Garfield Park,2024,3,Medical,10.12
Edison Park,2022,1,Fire,9.33
Douglas,2022,8,Police,9.46
Lincoln Square,2019,6,Police,8.33
Portage Park,2023,5,Police,11.28
Edison Park,2023,8,Fire,8.09
Jefferson Park,2022,11,Police,11.98
Hyde Park,2019,8,Medical,7.62
West Ridge,2024,3,Medical,8.99
Austin,2020,3,Fire,11.98
Pullman,2024,10,Fire,7.56
Lincoln Park,2021,7,Fire,2.72
Near South Side,2023,3,Police,5.7
Hyde Park,2024,9,Police,6.42
Near West Side,2023,8,Medical,13.16
South Shore,2023,8,Fire,9.91
Edison Park,2020,9,Police,7.15
Humboldt Park,2020,8,Fire,12.4
Kenwood,2024,4,Police,11.05
Auburn Gresham,2021,7,Police,9.42
Hyde Park,2023,6,Police,10.19
Pullman,2022,1,Medical,8.58
West Pullman,2023,12,Medical,5.99
Morgan Park,2021,5,Police,13.91
West Ridge,2024,2,Police,7.37
Washington Park,2021,9,Police,8.88
West Ridge,2022,11,Police,9.14
Rogers Park,2020,3,Police,10.66
Greater Grand Crossing,2022,12,Police,11.08
Irving Park,2021,12,Medical,11.24
Jefferson Park,2022,7,Police,10.41
Greater Grand Crossing,2023,2,Medical,7.47
Morgan Park,2021,7,Medical,9.63
South Shore,2024,4,Fire,14.25
Beverly,2020,11,Police,4.58
Riverdale,2020,6,Police,12.6
Douglas,2022,9,Police,10.37
Washington Park,2022,8,Medical,9.43
North Lawndale,2022,9,Police,9.17
Lincoln Park,2024,5,Medical,2.06
North Lawndale,2023,5,Police,9.01
Austin,2020,4,Fire,8.46
West Town,2021,9,Police,8.84
Edison Park,2021,10,Medical,6.79
Logan Square,2020,8,Police,10.43
Near North Side,2024,6,Medical,4.59
West Garfield Park,2022,10,Medical,14.23
West Pullman,2019,6,Medical,8.41
Douglas,2022,6,Fire,8.33
Logan Square,2024,6,Medical,8.44
Grand Boulevard,2020,7,Medical,6.79
Chatham,2023,6,Fire,8.87
Douglas,2022,8,Medical,8.61
Rogers Park,2021,7,Police,9.0
Chatham,2023,2,Police,13.23
Lake View,2020,10,Police,6.88
West Englewood,2019,4,Medical,7.14
Albany Park,2022,11,Medical,9.73
Near West Side,2023,7,Medical,6.5
Auburn Gresham,2023,2,Medical,9.98
Near North Side,2021,4,Medical,3.65
West Englewood,2022,2,Medical,9.44
Logan Square,2019,2,Police,13.17
Albany Park,2023,7,Medical,7.96
West Ridge,2021,11,Medical,9.2
Lincoln Park,2022,2,Police,4.0
Edison Park,2022,4,Medical,5.03
Greater Grand Crossing,2019,7,Fire,9.29
Washington Park,2021,6,Fire,5.49
Mount Greenwood,2019,4,Medical,1.85
Near North Side,2023,9,Police,5.2
Grand Boulevard,2024,5,Police,10.66
Near West Side,2020,2,Police,11.77
Douglas,2020,7,Medical,3.61
Logan Square,2019,10,Police,13.04
Near South Side,2019,12,Police,8.0
Rogers Park,2024,2,Medical,8.16
Near West Side,2024,8,Medical,8.89
Riverdale,2024,7,Police,9.98
Lincoln Square,2024,12,Police,13.93
Uptown,2020,9,Medical,9.15
Woodlawn,2023,6,Medical,8.54
Morgan Park,2024,7,Medical,5.66
West Englewood,2024,10,Police,12.85
South Shore,2019,9,Medical,9.99
Lincoln Park,2024,7,Police,2.65
Lincoln Park,2023,9,Police,6.51
Grand Boulevard,2023,8,Medical,7.04
Riverdale,2021,5,Medical,7.68
Austin,2023,7,Police,13.66
Kenwood,2024,12,Medical,9.09
Lake View,2022,7,Police,5.64
Morgan Park,2024,1,Medical,6.24
Logan Square,2020,4,Police,10.07
Irving Park,2020,5,Fire,9.42
Lake View,2019,12,Medical,9.64
Auburn Gresham,2019,6,Police,14.37
Pullman,2021,7,Police,10.29
South Shore,2024,5,Medical,12.05
South Shore,2021,2,Police,14.9
Roseland,2022,5,Fire,10.88
North Lawndale,2019,5,Medical,6.58
Woodlawn,2020,7,Police,17.85
West Englewood,2022,3,Fire,10.96
Hyde Park,2019,1,Police,10.07
Washington Heights,2022,12,Police,9.15
North Lawndale,2024,6,Medical,9.91
Riverdale,2023,12,Police,18.83
Washington Park,2023,7,Medical,5.77
Pullman,2022,11,Police,11.2
Auburn Gresham,2019,10,Medical,7.42
West Ridge,2023,8,Police,8.31
Riverdale,2023,7,Medical,10.2
Washington Heights,2022,7,Medical,6.27
West Pullman,2023,7,Medical,13.14
North Lawndale,2024,1,Medical,9.28
West Garfield Park,2020,9,Medical,18.69
Englewood,2023,9,Medical,11.68
Washington Heights,2024,7,Police,9.75
Near North Side,2022,9,Medical,4.49
West Englewood,2023,11,Fire,12.56
Roseland,2023,4,Fire,9.88
Irving Park,2021,7,Medical,4.05
West Englewood,2022,2,Police,12.32
Portage Park,2022,6,Police,10.34
Lincoln Square,2024,2,Police,7.1
Washington Park,2021,10,Police,9.37
West Pullman,2021,3,Medical,6.69
Loop,2024,11,Medical,7.13
Pullman,2020,11,Police,4.98
Lincoln Square,2023,1,Medical,12.18
Beverly,2019,7,Medical,7.4
Rogers Park,2019,12,Police,10.68
Uptown,2021,2,Police,10.81
Auburn Gresham,2022,3,Medical,7.88
Douglas,2022,12,Police,10.43
West Garfield Park,2024,1,Police,10.07
Humboldt Park,2020,3,Police,7.9
Morgan Park,2019,11,Police,9.54
West Englewood,2024,4,Medical,13.78
Logan Square,2024,7,Medical,10.22
West Englewood,2022,6,Fire,7.72
West Ridge,2020,1,Medical,7.06
Logan Square,2020,11,Police,7.88
Austin,2021,4,Police,10.08
North Lawndale,2019,9,Fire,10.99
Near North Side,2020,3,Medical,11.72
Greater Grand Crossing,2020,6,Police,8.45
Morgan Park,2020,11,Police,11.76
Roseland,2019,2,Police,9.6
Morgan Park,2021,5,Medical,6.79
Near North Side,2023,9,Fire,2.77
West Town,2022,12,Medical,10.38
Mount Greenwood,2024,2,Police,5.68
Near West Side,2024,3,Medical,7.58
Auburn Gresham,2019,12,Police,10.36
West Ridge,2019,2,Police,11.37
Logan Square,2024,2,Medical,10.3
Mount Greenwood,2019,6,Police,5.04
Morgan Park,2023,6,Fire,11.32
Pullman,2022,5,Medical,7.26
Austin,2022,2,Police,11.52
Lincoln Park,2020,1,Police,3.45
South Shore,2024,3,Medical,10.45
West Pullman,2024,3,Police,8.79
Albany Park,2024,9,Medical,6.91
North Lawndale,2020,4,Medical,12.52
Lincoln Square,2024,9,Police,11.13
Jefferson Park,2021,11,Medical,7.39
Near North Side,2019,1,Police,4.3
Edison Park,2021,3,Fire,4.59
Near North Side,2019,1,Police,4.16
Morgan Park,2022,6,Medical,7.71
Mount Greenwood,2024,1,Fire,16.06
Uptown,2021,2,Medical,9.47
West Garfield Park,2022,9,Police,12.72
West Ridge,2020,11,Medical,9.31
West Town,2024,1,Fire,7.42
Chatham,2022,4,Police,8.67
Douglas,2023,6,Medical,4.24
Lincoln Square,2021,2,Medical,10.17
Lincoln Park,2024,1,Fire,4.63
Beverly,2024,4,Police,12.08
Hyde Park,2019,3,Police,6.18
Portage Park,2022,7,Medical,9.32
Hyde Park,2024,7,Medical,10.47
West Garfield Park,2024,12,Medical,8.46
Kenwood,2021,10,Medical,12.47
South Shore,2019,11,Medical,8.79
West Englewood,2024,7,Medical,12.11
Pullman,2024,9,Police,9.94
Logan Square,2021,9,Police,10.98
West Englewood,2021,4,Police,14.13
Austin,2023,9,Police,12.33
West Town,2022,11,Fire,10.18
North Lawndale,2023,7,Medical,9.36
Auburn Gresham,2020,6,Fire,15.1
Morgan Park,2024,11,Police,9.89
Woodlawn,2021,9,Medical,10.86
West Englewood,2022,4,Police,13.04
West Englewood,2020,1,Police,9.85
South Shore,2024,6,Police,9.76
Washington Heights,2020,1,Police,5.92
Beverly,2023,10,Medical,15.21
Jefferson Park,2020,9,Police,8.65
Irving Park,2019,5,Police,11.49
West Town,2019,2,Police,9.45
Near South Side,2019,12,Medical,9.87
West Englewood,2024,8,Police,11.55
Riverdale,2020,10,Fire,14.53
Near West Side,2024,11,Police,14.08
Grand Boulevard,2024,6,Medical,7.41
Logan Square,2021,3,Police,11.73
Rogers Park,2022,11,Medical,10.47
Chatham,2019,2,Police,16.3
Kenwood,2019,10,Fire,10.89
Austin,2019,11,Police,11.41
Washington Park,2023,4,Medical,7.95
Grand Boulevard,2023,1,Police,10.74
South Shore,2019,1,Fire,9.32
Austin,2019,5,Police,12.21
Beverly,2024,10,Medical,7.3
Portage Park,2023,9,Police,11.0
Uptown,2022,12,Police,7.93
West Town,2021,5,Police,7.24
Rogers Park,2022,6,Medical,11.46
Near North Side,2024,10,Police,7.82
Rogers Park,2021,9,Medical,6.79
West Pullman,2020,3,Police,14.58
Jefferson Park,2020,12,Medical,7.55
Chatham,2022,4,Medical,10.08
Hyde Park,2023,2,Fire,6.05
Grand Boulevard,2019,4,Medical,8.22
Chatham,2020,8,Fire,8.73
Beverly,2024,2,Fire,4.61
Riverdale,2023,4,Fire,15.64
Near North Side,2023,8,Police,2.95
Irving Park,2021,7,Police,10.52
Pullman,2020,9,Medical,8.5
West Pullman,2022,2,Medical,7.13
Loop,2024,4,Medical,8.04
West Garfield Park,2023,9,Medical,9.62
Greater Grand Crossing,2022,6,Medical,12.9
Uptown,2022,9,Medical,7.66
Rogers Park,2024,9,Medical,11.71
Woodlawn,2020,7,Medical,6.88
Mount Greenwood,2024,7,Fire,4.84
Riverdale,2022,8,Medical,10.59
Loop,2022,2,Medical,8.19
Humboldt Park,2019,10,Medical,8.8
Greater Grand Crossing,2024,12,Medical,12.15
Lake View,2022,7,Police,6.02
Grand Boulevard,2019,6,Fire,5.39
West Town,2020,7,Medical,8.95
Lincoln Park,2022,6,Medical,3.62
Riverdale,2023,11,Medical,19.88
Near West Side,2024,3,Police,12.56
Logan Square,2022,5,Medical,6.46
Chatham,2019,3,Medical,10.94
Lincoln Park,2023,6,Police,3.23
West Town,2020,3,Medical,10.69
Austin,2024,12,Medical,11.28
Kenwood,2021,2,Police,9.27
Grand Boulevard,2021,11,Police,11.53
Albany Park,2019,4,Police,9.24
Morgan Park,2020,9,Fire,7.54
Morgan Park,2020,1,Medical,8.38
West Garfield Park,2022,8,Fire,10.39
Roseland,2021,5,Medical,6.25
Albany Park,2022,2,Police,10.7
Near West Side,2020,9,Police,9.37
Chatham,2019,2,Medical,7.74
West Ridge,2019,11,Fire,5.38
Greater Grand Crossing,2023,11,Medical,14.44
Near West Side,2019,3,Medical,8.05
Near North Side,2021,1,Police,5.4
Hyde Park,2023,1,Police,8.26
West Town,2021,2,Police,12.45
Beverly,2022,2,Police,8.28
Uptown,2022,6,Police,8.81
Beverly,2019,11,Medical,6.56
Austin,2023,8,Police,10.84
West Ridge,2021,12,Medical,8.86
Pullman,2021,4,Medical,8.59
South Shore,2020,3,Fire,9.53
Near North Side,2019,2,Fire,5.15
Roseland,2024,1,Fire,10.33
Near North Side,2022,8,Police,2.88
Greater Grand Crossing,2024,7,Police,12.45
Chatham,2020,11,Medical,10.62
Kenwood,2022,2,Police,12.5
Washington Heights,2022,12,Medical,9.89
Lincoln Square,2021,7,Medical,6.68
Chatham,2022,12,Medical,6.48
Lake View,2023,6,Medical,6.51
Chatham,2022,8,Medical,9.22
Roseland,2023,6,Police,11.82
Chatham,2022,4,Police,7.4
Hyde Park,2020,8,Medical,6.51
Near West Side,2021,1,Police,9.64
Hyde Park,2020,10,Medical,9.42
Auburn Gresham,2021,1,Medical,11.59
Woodlawn,2020,4,Police,10.24
Roseland,2019,1,Fire,11.23
Roseland,2022,5,Medical,10.05
Uptown,2022,11,Medical,7.98
Near North Side,2019,9,Fire,5.74
Jefferson Park,2019,9,Medical,10.92
Morgan Park,2023,9,Police,10.38
Logan Square,2020,6,Police,10.04
West Town,2022,12,Police,8.58
Lake View,2023,1,Fire,2.0
Chatham,2024,10,Medical,5.71
West Englewood,2022,5,Medical,8.05
Woodlawn,2019,10,Fire,8.77
Woodlawn,2023,2,Police,8.77
Edison Park,2024,12,Medical,4.87
West Pullman,2023,1,Medical,5.56
Loop,2023,5,Fire,3.02
Albany Park,2020,5,Police,8.2
Logan Square,2024,1,Fire,9.83
Chatham,2023,7,Medical,9.46
West Englewood,2022,3,Medical,10.67
Edison Park,2020,11,Police,7.0
Chatham,2022,6,Police,11.19
Pullman,2024,2,Medical,8.35
Morgan Park,2023,9,Police,12.95
Roseland,2023,2,Police,6.96
Douglas,2024,2,Police,11.63
Near South Side,2022,1,Police,8.41
Irving Park,2021,1,Medical,10.06
Portage Park,2023,12,Police,9.44
West Ridge,2023,4,Police,13.4
Morgan Park,2020,7,Medical,9.93
West Ridge,2022,4,Medical,6.28
Englewood,2023,5,Medical,12.86
Uptown,2022,6,Medical,6.17
Austin,2020,5,Police,8.03
Lincoln Square,2022,5,Police,11.41
Grand Boulevard,2022,4,Police,9.21
Loop,2020,9,Police,7.38
Washington Park,2023,5,Police,7.5
Roseland,2022,9,Medical,10.96
North Lawndale,2021,4,Medical,9.72
Portage Park,2023,9,Police,9.16
Chatham,2020,5,Medical,6.74
West Garfield Park,2019,8,Police,11.75
Hyde Park,2024,1,Police,6.95
Grand Boulevard,2021,4,Medical,8.4
Loop,2023,4,Fire,6.12
West Ridge,2024,2,Police,11.59
Kenwood,2020,3,Fire,8.87
Pullman,2021,8,Medical,9.74
Woodlawn,2023,12,Medical,7.46
West Ridge,2024,8,Medical,7.63
Humboldt Park,2019,1,Medical,9.49
Lincoln Square,2023,2,Police,11.9
Logan Square,2019,4,Medical,11.1
Greater Grand Crossing,2019,11,Medical,10.99
West Englewood,2022,6,Medical,11.29
Edison Park,2020,3,Medical,9.35
West Ridge,2022,7,Medical,8.92
Lincoln Park,2019,3,Police,3.92
Pullman,2020,8,Police,11.07
Albany Park,2020,6,Medical,6.39
Near South Side,2020,8,Medical,10.15
Albany Park,2021,7,Medical,11.12
Grand Boulevard,2023,12,Medical,8.96
Uptown,2019,5,Medical,9.92
West Pullman,2020,5,Medical,7.04
Loop,2024,3,Medical,6.0
Albany Park,2021,4,Fire,10.52
Chatham,2021,8,Police,9.97
Morgan Park,2024,5,Police,10.56
Englewood,2019,9,Fire,10.44
Auburn Gresham,2022,3,Police,11.23
Loop,2021,10,Police,2.72
Edison Park,2019,3,Police,6.49
Near North Side,2021,8,Fire,7.04
Lincoln Park,2019,8,Fire,3.68
Portage Park,2020,12,Fire,8.49
North Lawndale,2022,7,Fire,9.98
Chatham,2024,6,Fire,7.73
Washington Park,2021,7,Police,12.89
Near South Side,2024,7,Medical,13.61
Uptown,2021,6,Medical,8.94
North Lawndale,2021,9,Medical,9.36
Kenwood,2023,5,Police,8.78
Beverly,2023,5,Police,7.43
Albany Park,2024,6,Medical,12.71
Woodlawn,2020,10,Medical,9.83
Irving Park,2021,11,Police,10.27
Near North Side,2022,4,Fire,6.94
West Garfield Park,2023,10,Medical,5.98
Rogers Park,2019,10,Medical,7.56
Hyde Park,2019,9,Police,9.23
West Town,2019,12,Medical,7.8
Riverdale,2020,2,Medical,10.16
Auburn Gresham,2021,11,Medical,8.72
Pullman,2021,12,Police,11.8
West Englewood,2024,3,Medical,11.35
Rogers Park,2023,9,Police,12.79
Edison Park,2019,1,Medical,10.52
Irving Park,2020,5,Fire,8.74
Near West Side,2024,3,Medical,7.21
Washington Park,2022,3,Medical,12.81
West Pullman,2021,1,Fire,5.67
Irving Park,2021,8,Medical,8.28
Logan Square,2020,3,Police,9.09
South Shore,2024,4,Medical,9.49
Rogers Park,2024,5,Fire,8.56
Lincoln Park,2023,5,Medical,3.73
Edison Park,2020,12,Police,6.2
Lincoln Square,2024,2,Police,11.43
Lake View,2023,7,Police,8.41
Washington Park,2024,6,Police,8.74
Douglas,2021,11,Police,9.42
South Shore,2023,7,Medical,5.93
Washington Heights,2024,10,Police,8.76
Grand Boulevard,2023,10,Police,13.6
Lincoln Square,2023,3,Police,10.56
Lincoln Square,2024,8,Fire,6.54
Near South Side,2023,6,Medical,11.09
Auburn Gresham,2019,7,Medical,8.87
Morgan Park,2019,9,Medical,6.85
West Ridge,2024,8,Medical,8.05
Near North Side,2019,8,Police,3.16
Austin,2019,3,Police,12.08
West Garfield Park,2020,1,Medical,10.92
Loop,2022,12,Medical,4.23
Grand Boulevard,2024,1,Police,10.51
Englewood,2023,10,Medical,10.42
Portage Park,2020,2,Police,8.13
Englewood,2024,8,Medical,5.0
Riverdale,2019,10,Police,9.18
Hyde Park,2023,6,Police,6.44
West Ridge,2022,6,Police,9.47
Grand Boulevard,2024,1,Medical,8.04
Morgan Park,2023,2,Medical,11.02
Douglas,2021,5,Medical,5.99
Englewood,2021,3,Police,12.3
West Town,2024,2,Police,8.1
Albany Park,2020,9,Medical,7.68
West Town,2022,10,Medical,8.0
Chatham,2020,7,Fire,9.09
Grand Boulevard,2023,1,Medical,3.83
West Garfield Park,2022,11,Fire,13.03
Jefferson Park,2024,1,Police,9.29
Greater Grand Crossing,2020,3,Fire,10.82
Jefferson Park,2023,10,Police,6.6
Austin,2019,6,Medical,10.61
Greater Grand Crossing,2023,2,Medical,9.69
Riverdale,2020,11,Fire,8.94
Pullman,2024,8,Police,13.9
Lincoln Park,2024,12,Fire,8.44
Albany Park,2022,4,Medical,9.54
Austin,2022,8,Medical,10.19
Lincoln Square,2019,12,Police,9.12
Douglas,2020,7,Medical,10.02
Logan Square,2024,2,Medical,8.08
Austin,2024,9,Medical,8.77
Chatham,2019,5,Medical,9.09
Lincoln Park,2021,6,Medical,8.45
Hyde Park,2024,2,Medical,7.27
Portage Park,2023,3,Medical,10.98
Kenwood,2021,10,Medical,9.95
Chatham,2021,12,Medical,10.48
Uptown,2019,8,Medical,7.02
Albany Park,2019,11,Medical,5.48
Rogers Park,2023,5,Police,8.71
Hyde Park,2019,10,Medical,8.88
Irving Park,2019,1,Police,9.88
Humboldt Park,2019,9,Police,10.62
Washington Park,2024,11,Police,10.96
Edison Park,2019,12,Police,2.97
Lincoln Square,2019,1,Fire,8.67
South Shore,2021,9,Police,11.19
Near North Side,2021,10,Medical,3.81
Albany Park,2023,6,Police,10.31
Greater Grand Crossing,2022,7,Medical,16.29
West Ridge,2023,1,Police,8.27
Hyde Park,2024,10,Fire,11.87
Humboldt Park,2024,11,Medical,6.83
Austin,2024,1,Medical,6.56
West Garfield Park,2020,5,Fire,9.92
Douglas,2023,2,Police,9.26
Lincoln Square,2023,11,Medical,6.17
Near West Side,2019,10,Police,9.99
West Ridge,2019,12,Police,15.35
Washington Heights,2019,5,Fire,6.6
Jefferson Park,2022,5,Medical,7.7
Near West Side,2024,6,Police,10.24
Austin,2019,9,Police,15.2
Washington Park,2020,6,Fire,11.71
North Lawndale,2021,10,Police,10.4
Grand Boulevard,2020,11,Police,12.75
Near South Side,2022,1,Medical,8.52
Portage Park,2019,5,Medical,7.96
Washington Heights,2023,2,Police,12.12
Morgan Park,2021,11,Medical,6.46
Lincoln Square,2024,8,Medical,15.86
Washington Park,2022,7,Medical,8.37
West Pullman,2020,11,Police,6.16
Roseland,2019,6,Police,7.92
Hyde Park,2022,2,Medical,11.56
Greater Grand Crossing,2022,3,Police,8.65
Englewood,2023,9,Police,10.75
Jefferson Park,2024,9,Police,7.01
Irving Park,2023,7,Police,7.81
West Ridge,2023,2,Medical,8.93
Beverly,2024,12,Police,7.74
Lake View,2020,12,Police,4.28
Lake View,2023,12,Police,9.6
Douglas,2024,7,Fire,5.88
Lake View,2022,1,Medical,2.76
Lincoln Square,2022,9,Medical,8.37
Jefferson Park,2024,9,Police,9.41
Chatham,2022,6,Police,13.55
Douglas,2021,10,Medical,8.23
Woodlawn,2021,1,Medical,10.09
Albany Park,2024,8,Police,10.87
Austin,2024,6,Police,12.98
Albany Park,2020,9,Medical,9.19
Lincoln Park,2024,9,Police,9.21
Lake View,2023,7,Medical,4.05
Lincoln Park,2022,4,Police,5.01
Washington Park,2023,11,Medical,10.27
Lincoln Square,2024,1,Medical,6.73
Mount Greenwood,2022,3,Police,8.92
West Pullman,2021,6,Medical,9.84
West Englewood,2022,1,Medical,5.07
Albany Park,2020,4,Medical,10.05
Englewood,2019,8,Medical,16.81
Greater Grand Crossing,2022,12,Police,11.52
Lincoln Park,2024,8,Police,2.69
Austin,2020,6,Medical,7.98
Near West Side,2021,6,Medical,6.21
Englewood,2021,3,Medical,7.4
Washington Park,2019,7,Police,12.09
Pullman,2024,12,Medical,7.36
Morgan Park,2023,8,Police,9.76
West Garfield Park,2023,2,Medical,9.41
Roseland,2022,5,Medical,14.9
Washington Heights,2021,6,Medical,5.47
Pullman,2020,1,Medical,8.92
Near West Side,2019,12,Fire,6.59
West Englewood,2023,5,Medical,8.39
Chatham,2022,3,Medical,7.58
Rogers Park,2022,3,Medical,11.48
Lincoln Square,2021,6,Medical,11.64
South Shore,2020,11,Police,9.99
North Lawndale,2020,1,Medical,6.02
Hyde Park,2023,5,Police,13.73
Mount Greenwood,2022,5,Medical,4.77
Near West Side,2021,5,Police,8.76
Lincoln Park,2020,3,Police,5.93
Rogers Park,2022,6,Medical,8.84
Edison Park,2020,11,Medical,2.83
Riverdale,2019,1,Medical,10.75
Near South Side,2020,10,Medical,2.66
Kenwood,2020,1,Police,10.32
Washington Park,2022,11,Police,13.25
Near West Side,2020,2,Police,10.12
Chatham,2020,4,Medical,11.51
Albany Park,2019,10,Medical,7.41
Irving Park,2020,9,Police,9.84
Riverdale,2020,10,Police,11.27
Near North Side,2022,8,Medical,6.2
West Garfield Park,2021,11,Medical,7.44
Albany Park,2019,10,Police,8.09
Pullman,2020,11,Fire,8.53
Lincoln Park,2021,2,Police,8.42
West Garfield Park,2022,1,Medical,7.6
Auburn Gresham,2019,4,Police,12.86
North Lawndale,2024,5,Medical,9.37
Hyde Park,2022,2,Police,8.31
Austin,2021,12,Medical,10.89
Edison Park,2019,10,Police,9.14
Kenwood,2020,6,Police,9.05
Logan Square,2021,8,Medical,9.08
Chatham,2022,12,Police,9.77
West Pullman,2019,11,Medical,9.99
Kenwood,2021,12,Police,10.05
Austin,2024,5,Police,10.81
Portage Park,2021,4,Police,13.49
West Pullman,2022,7,Fire,8.59
Lincoln Park,2022,5,Police,5.85
West Englewood,2020,12,Medical,13.11
Riverdale,2020,8,Fire,7.03
North Lawndale,2021,7,Police,9.83
Auburn Gresham,2022,5,Police,12.29
Logan Square,2021,11,Police,11.43
Albany Park,2023,8,Medical,7.78
Auburn Gresham,2024,1,Medical,13.65
Hyde Park,2022,8,Police,13.29
West Garfield Park,2023,3,Police,7.96
Rogers Park,2023,1,Medical,9.46
Washington Park,2022,9,Police,10.1
Englewood,2020,11,Medical,7.57
Washington Heights,2021,6,Medical,10.85
Albany Park,2019,11,Police,10.11
Loop,2019,11,Medical,7.27
Near North Side,2024,8,Police,7.98
Austin,2022,11,Medical,10.39
Auburn Gresham,2020,10,Medical,11.23
Chatham,2020,12,Fire,10.01
Irving Park,2020,11,Police,10.37
West Garfield Park,2019,4,Medical,10.85
Loop,2023,2,Police,8.18
Hyde Park,2024,6,Medical,7.52
Near West Side,2019,2,Medical,6.32
Irving Park,2020,1,Medical,4.98
Near South Side,2019,7,Fire,9.23
Englewood,2019,7,Medical,8.74
Near North Side,2024,6,Medical,7.51
West Englewood,2021,12,Fire,8.51
West Town,2022,2,Fire,9.52
Rogers Park,2023,5,Fire,12.86
Hyde Park,2021,1,Medical,3.05
West Englewood,2022,2,Police,10.13
Washington Park,2020,12,Police,14.81
West Town,2024,5,Medical,6.08
Douglas,2024,5,Medical,6.7
Lincoln Park,2021,7,Police,5.1
West Town,2022,5,Police,7.24
Kenwood,2024,11,Police,10.51
Near South Side,2021,6,Police,13.41
Near North Side,2024,2,Fire,5.03
Chatham,2019,5,Medical,12.66
West Pullman,2019,8,Medical,9.08
West Pullman,2021,1,Fire,7.16
Lake View,2021,11,Medical,3.94
Lincoln Square,2023,10,Police,7.49
Douglas,2020,7,Police,11.09
North Lawndale,2019,8,Police,10.94
West Englewood,2024,11,Medical,6.72
West Garfield Park,2021,5,Police,9.65
Kenwood,2022,4,Police,7.42
West Ridge,2024,1,Police,13.67
Logan Square,2020,9,Police,8.7
West Town,2022,2,Medical,7.34
Lake View,2024,11,Medical,4.19
Uptown,2020,5,Medical,6.51
Auburn Gresham,2022,7,Fire,12.84
Auburn Gresham,2019,8,Police,9.57
Auburn Gresham,2021,11,Medical,11.25
Uptown,2024,10,Fire,12.18
West Englewood,2021,4,Police,11.1
Grand Boulevard,2023,10,Police,11.06
South Shore,2024,1,Police,7.65
Roseland,2021,7,Police,7.75
North Lawndale,2024,12,Police,10.93
Greater Grand Crossing,2019,10,Police,10.28
Riverdale,2020,11,Police,13.11
Hyde Park,2020,11,Police,8.21
Mount Greenwood,2021,9,Police,6.84
West Garfield Park,2022,1,Fire,9.66
Mount Greenwood,2021,1,Police,9.94
Near North Side,2024,7,Police,7.89
Edison Park,2020,9,Medical,5.96
Pullman,2024,5,Police,9.65
Irving Park,2023,4,Medical,9.69
Pullman,2020,6,Medical,8.9
Near West Side,2022,9,Police,6.93
Albany Park,2022,2,Medical,5.85
Washington Heights,2023,5,Medical,4.99
Irving Park,2024,4,Police,8.05
Loop,2024,3,Medical,6.4
Auburn Gresham,2024,5,Medical,8.95
Morgan Park,2022,7,Fire,10.1
Near North Side,2021,11,Police,5.21
Humboldt Park,2021,3,Medical,9.45
Portage Park,2020,3,Medical,7.47
Near North Side,2019,6,Medical,1.76
Chatham,2021,5,Medical,8.21
Albany Park,2021,3,Police,11.15
Chatham,2024,1,Police,7.9
Jefferson Park,2024,10,Police,11.42
Greater Grand Crossing,2023,2,Police,15.06
Albany Park,2021,3,Police,7.71
Near West Side,2020,4,Medical,8.47
Pullman,2024,5,Medical,9.69
West Garfield Park,2023,10,Fire,9.84
Jefferson Park,2021,9,Fire,9.39
Riverdale,2020,4,Police,7.38
Englewood,2023,12,Fire,11.33
Kenwood,2019,9,Police,10.89
Jefferson Park,2024,5,Police,7.65
Near North Side,2020,3,Police,7.23
Austin,2021,7,Medical,12.56
Near West Side,2023,8,Police,7.38
Washington Heights,2019,9,Fire,17.12
Lincoln Park,2020,9,Medical,2.31
Portage Park,2019,6,Medical,6.99
Irving Park,2020,9,Medical,15.16
Logan Square,2021,3,Medical,5.54
Irving Park,2020,2,Police,11.61
Near South Side,2021,5,Police,8.73
Albany Park,2020,7,Medical,8.53
Loop,2023,11,Fire,4.27
Greater Grand Crossing,2020,7,Fire,8.43
South Shore,2020,11,Medical,8.26
Kenwood,2022,6,Police,7.47
Lake View,2022,3,Fire,4.58
Auburn Gresham,2020,6,Police,11.94
Irving Park,2022,1,Police,10.22
West Englewood,2021,3,Medical,12.11
Mount Greenwood,2022,2,Medical,4.38
West Ridge,2020,4,Fire,8.93
Morgan Park,2024,8,Medical,10.32
Washington Heights,2019,3,Medical,9.9
Jefferson Park,2024,6,Police,9.59
Douglas,2024,10,Medical,7.31
Lake View,2024,1,Fire,3.62
Irving Park,2024,4,Medical,7.9
Rogers Park,2019,5,Medical,8.76
Douglas,2020,5,Police,13.91
Beverly,2020,1,Police,9.53
Near West Side,2019,9,Medical,5.78
Austin,2023,5,Police,9.85
Pullman,2022,9,Medical,16.92
Uptown,2023,7,Medical,5.06
Grand Boulevard,2021,5,Medical,7.64
North Lawndale,2024,9,Medical,9.85
Hyde Park,2024,5,Police,8.63
Logan Square,2019,10,Medical,8.83
North Lawndale,2019,9,Medical,9.52
Uptown,2023,5,Medical,5.86
Grand Boulevard,2021,1,Police,8.61
Uptown,2023,7,Medical,9.78
Washington Park,2021,5,Police,6.48
Woodlawn,2020,5,Medical,9.08
Woodlawn,2024,6,Medical,10.58
Washington Heights,2020,6,Police,8.81
Washington Park,2019,7,Medical,6.33
Kenwood,2020,12,Police,10.22
Edison Park,2023,8,Medical,6.09
Jefferson Park,2021,1,Fire,9.13
Auburn Gresham,2019,10,Medical,7.93
Roseland,2020,11,Police,11.36
Near West Side,2019,3,Police,11.64
Austin,2019,6,Police,12.24
Kenwood,2021,1,Police,12.52
Near South Side,2023,5,Medical,7.3
Greater Grand Crossing,2024,5,Fire,7.32
Mount Greenwood,2023,10,Fire,7.13
Washington Heights,2022,9,Medical,7.59
Lincoln Park,2023,11,Medical,2.2
Lake View,2020,2,Medical,9.33
Humboldt Park,2022,7,Police,14.6
Lincoln Square,2022,9,Medical,10.83
Edison Park,2022,8,Police,6.0
Kenwood,2022,1,Police,16.45
Portage Park,2023,1,Fire,6.69
West Garfield Park,2022,12,Fire,9.16
Near South Side,2020,2,Medical,7.51
Hyde Park,2020,1,Police,7.68
Woodlawn,2019,8,Medical,11.56
Austin,2020,7,Police,11.28
Hyde Park,2024,6,Police,7.91
Riverdale,2019,2,Police,12.88
Pullman,2020,11,Police,9.47
Lincoln Park,2022,9,Medical,6.63
Edison Park,2021,1,Police,6.4
Near North Side,2022,1,Police,4.37
Englewood,2023,2,Police,10.53
Humboldt Park,2019,7,Police,13.9
Austin,2021,10,Police,6.67
Jefferson Park,2020,12,Police,7.63
Albany Park,2022,1,Police,14.81
West Garfield Park,2019,3,Police,10.32
Irving Park,2019,10,Fire,12.97
Lincoln Park,2020,8,Police,4.71
Near West Side,2019,12,Medical,10.89
Morgan Park,2020,7,Medical,10.14
Chatham,2020,8,Police,8.16
Lincoln Park,2022,12,Police,4.77
Washington Park,2019,6,Medical,5.44
Kenwood,2023,8,Fire,7.4
Washington Park,2023,5,Police,6.71
Austin,2022,9,Fire,10.0
Austin,2022,10,Medical,10.86
Lincoln Park,2020,11,Medical,3.46
Auburn Gresham,2023,1,Police,10.5
Near South Side,2019,7,Medical,7.94
Lincoln Square,2023,6,Medical,11.66
Englewood,2022,8,Police,8.75
South Shore,2022,2,Medical,10.22
Beverly,2020,1,Medical,8.63
Morgan Park,2019,1,Medical,7.81
South Shore,2022,2,Police,12.44
West Garfield Park,2024,5,Medical,14.88
Humboldt Park,2019,7,Medical,8.57
Near North Side,2023,9,Police,3.36
Douglas,2020,4,Police,13.58
Rogers Park,2023,9,Medical,8.03
Chatham,2024,11,Medical,10.68
Pullman,2022,3,Medical,6.73
Roseland,2022,12,Police,7.54
West Town,2019,6,Medical,7.58
North Lawndale,2022,9,Medical,13.27
West Englewood,2024,11,Police,9.79
Roseland,2019,1,Police,20.25
Englewood,2024,12,Medical,10.14
Portage Park,2021,4,Police,7.29
Woodlawn,2022,5,Fire,12.27
Kenwood,2023,11,Medical,9.28
West Englewood,2023,6,Fire,8.75
Washington Heights,2019,11,Police,8.7
Edison Park,2024,8,Medical,9.56
North Lawndale,2024,12,Fire,11.84
Logan Square,2024,2,Medical,6.56
Kenwood,2024,6,Police,12.42
Grand Boulevard,2021,7,Police,10.04
Irving Park,2022,6,Police,19.44
Roseland,2024,4,Police,10.93
Pullman,2020,6,Medical,6.26
South Shore,2020,4,Medical,11.13
Douglas,2023,9,Police,12.4
South Shore,2022,1,Fire,11.32
Logan Square,2020,12,Fire,7.12
Washington Park,2019,9,Medical,8.06
Near North Side,2022,11,Fire,8.62
Lincoln Park,2023,4,Police,4.4
Kenwood,2021,3,Fire,6.47
Near West Side,2019,11,Police,10.23
Near West Side,2019,5,Police,11.24
Greater Grand Crossing,2024,3,Medical,5.19
Jefferson Park,2022,1,Fire,7.43
Greater Grand Crossing,2021,8,Police,11.22
Beverly,2019,9,Medical,3.73
Mount Greenwood,2021,6,Police,7.37
Chatham,2023,2,Medical,10.0
Kenwood,2019,6,Medical,7.45
Lake View,2020,6,Medical,4.56
Hyde Park,2023,6,Police,11.44
Humboldt Park,2023,10,Police,8.93
Washington Heights,2024,11,Police,5.74
Chatham,2019,12,Police,12.99
Lincoln Park,2020,9,Police,2.12
Near North Side,2021,4,Medical,4.89
Auburn Gresham,2020,2,Medical,8.56
North Lawndale,2023,8,Police,18.81
Grand Boulevard,2019,6,Police,8.96
Beverly,2020,10,Medical,8.08
Rogers Park,2020,1,Medical,9.21
Lincoln Square,2023,6,Medical,6.91
West Englewood,2021,2,Police,12.39
Grand Boulevard,2020,4,Police,9.81
Woodlawn,2024,2,Medical,8.13
Hyde Park,2020,4,Police,8.96
Edison Park,2022,7,Police,3.91
Austin,2023,8,Medical,9.28
Morgan Park,2022,3,Police,8.02
Uptown,2023,1,Police,11.76
West Pullman,2023,10,Medical,6.36
Lake View,2022,1,Medical,3.15
Loop,2021,10,Police,8.36
Humboldt Park,2021,11,Medical,9.34
West Pullman,2023,7,Police,9.18
Hyde Park,2022,12,Medical,9.5
Lincoln Park,2020,1,Medical,5.12
Greater Grand Crossing,2023,3,Medical,10.72
Mount Greenwood,2024,11,Medical,6.86
Lake View,2023,5,Medical,5.36
Logan Square,2019,11,Fire,6.55
West Pullman,2021,5,Medical,8.45
Austin,2022,11,Police,8.79
Rogers Park,2020,4,Police,7.96
Logan Square,2024,8,Police,7.55
Portage Park,2020,3,Police,5.67
Edison Park,2024,8,Fire,7.35
Washington Park,2023,6,Police,6.8
Mount Greenwood,2020,4,Police,10.06
West Pullman,2020,10,Medical,10.13
Kenwood,2023,11,Fire,6.14
South Shore,2021,3,Medical,7.79
Humboldt Park,2019,10,Medical,9.31
Uptown,2021,12,Medical,6.63
Greater Grand Crossing,2021,10,Police,8.21
Woodlawn,2019,2,Medical,14.46
Loop,2023,6,Fire,6.64
West Town,2021,1,Police,14.0
Woodlawn,2022,10,Police,11.38
Morgan Park,2022,8,Medical,8.44
South Shore,2019,5,Fire,11.18
Washington Park,2022,7,Medical,10.29
Riverdale,2023,12,Police,11.01
Humboldt Park,2020,12,Medical,10.1
Edison Park,2023,7,Medical,3.77
Humboldt Park,2019,11,Medical,14.14
Rogers Park,2020,10,Medical,9.04
Austin,2022,6,Medical,6.92
North Lawndale,2021,5,Police,12.66
Near North Side,2022,2,Medical,9.1
West Town,2023,3,Police,6.91
Kenwood,2023,3,Fire,6.84
Logan Square,2019,5,Medical,9.21
Jefferson Park,2021,2,Medical,10.83
West Town,2021,11,Medical,10.93
West Englewood,2020,1,Medical,8.86
Kenwood,2020,4,Police,10.5
Riverdale,2023,10,Police,11.62
Austin,2019,3,Medical,8.66
Edison Park,2023,11,Fire,7.11
Chatham,2024,3,Medical,6.52
Grand Boulevard,2021,12,Medical,5.83
Pullman,2021,10,Police,10.26
Mount Greenwood,2023,11,Police,6.9
Humboldt Park,2021,6,Medical,11.85
Roseland,2020,12,Police,10.03
Washington Heights,2021,9,Medical,5.78
Woodlawn,2020,10,Police,8.3
Austin,2022,10,Police,8.56
Lincoln Park,2019,11,Medical,6.0
Riverdale,2019,2,Medical,13.17
North Lawndale,2021,5,Police,11.33
Austin,2019,2,Medical,14.2
Irving Park,2024,6,Fire,8.64
Loop,2022,1,Medical,4.12
Mount Greenwood,2021,1,Police,10.67
Chatham,2020,9,Medical,9.76
Roseland,2022,10,Fire,10.08
Hyde Park,2024,5,Police,8.38
Douglas,2022,9,Police,11.37
Riverdale,2019,12,Medical,10.81
Washington Heights,2024,12,Medical,11.15
Chatham,2020,8,Police,14.74
Douglas,2023,9,Medical,7.52
Logan Square,2022,9,Police,9.21
Jefferson Park,2019,8,Police,12.55
Kenwood,2022,3,Fire,7.41
West Town,2020,7,Police,7.84
Greater Grand Crossing,2020,4,Medical,6.56
Logan Square,2021,8,Medical,5.14
Woodlawn,2023,7,Police,8.82
Auburn Gresham,2023,12,Medical,9.48
Near North Side,2019,9,Medical,2.3
Edison Park,2023,8,Medical,7.94
Auburn Gresham,2020,3,Police,15.25
Morgan Park,2023,5,Police,8.78
Humboldt Park,2019,3,Medical,7.88
Irving Park,2022,11,Medical,7.03
Greater Grand Crossing,2023,12,Medical,10.73
Mount Greenwood,2023,9,Police,7.48
West Garfield Park,2020,1,Medical,9.02
Mount Greenwood,2020,7,Police,8.59
Chatham,2022,9,Fire,10.05
Woodlawn,2024,3,Medical,10.08
Rogers Park,2024,7,Medical,12.6
Englewood,2021,7,Medical,10.43
Lincoln Square,2023,11,Medical,4.5
Kenwood,2020,2,Medical,6.91
Near South Side,2021,5,Medical,7.2
Riverdale,2023,10,Medical,11.15
Near North Side,2023,7,Police,3.32
Rogers Park,2021,2,Medical,8.59
Morgan Park,2020,10,Police,7.13
Uptown,2022,10,Medical,7.55
West Town,2024,2,Medical,9.25
Pullman,2023,11,Police,6.33
Austin,2019,6,Police,14.1
Albany Park,2019,2,Medical,9.81
Chatham,2019,10,Police,12.72
Lincoln Park,2022,1,Police,7.16
Chatham,2024,3,Fire,9.6
West Garfield Park,2023,12,Medical,9.66
Douglas,2020,1,Medical,9.94
Kenwood,2020,6,Medical,7.62
West Garfield Park,2024,4,Medical,8.24
Near South Side,2022,2,Medical,9.86
Portage Park,2024,12,Police,10.12
Near North Side,2023,7,Medical,5.04
Washington Heights,2021,7,Police,14.87
Lake View,2021,8,Medical,4.47
Near South Side,2023,12,Medical,8.97
North Lawndale,2023,12,Medical,14.49
West Englewood,2020,7,Police,17.32
Loop,2022,1,Fire,8.83
West Town,2022,3,Medical,8.02
Lake View,2024,1,Medical,3.89
Logan Square,2020,2,Police,9.42
Irving Park,2019,1,Fire,7.21
Near South Side,2021,12,Medical,6.39
Auburn Gresham,2023,9,Medical,8.16
Lincoln Park,2024,7,Medical,5.17
Near North Side,2021,9,Police,4.92
Hyde Park,2021,8,Medical,6.82
Edison Park,2024,10,Police,2.29
Jefferson Park,2022,2,Police,5.17
Woodlawn,2020,1,Medical,8.71
Lincoln Square,2019,5,Medical,11.85
Near South Side,2019,7,Medical,6.86
Pullman,2024,2,Medical,11.48
Near South Side,2024,4,Police,11.11
Mount Greenwood,2020,7,Medical,9.02
Washington Park,2021,9,Medical,10.24
Washington Heights,2020,6,Medical,4.92
West Town,2020,7,Medical,9.38
West Englewood,2023,8,Medical,9.35
Morgan Park,2023,12,Medical,5.95
Auburn Gresham,2021,12,Police,11.86
South Shore,2022,8,Medical,7.97
Humboldt Park,2019,9,Medical,8.95
Lincoln Square,2023,12,Medical,10.62
Loop,2021,10,Medical,8.9
Englewood,2024,2,Police,9.82
Irving Park,2020,7,Medical,6.74
Riverdale,2023,2,Police,8.41
Kenwood,2020,7,Fire,9.62
Loop,2020,11,Fire,7.14
Lake View,2023,9,Police,4.43
Beverly,2021,4,Police,7.93
Roseland,2024,12,Medical,7.83
Kenwood,2019,5,Medical,4.03
Mount Greenwood,2021,5,Police,2.92
Near North Side,2022,12,Medical,3.84
Greater Grand Crossing,2022,2,Medical,11.09
Beverly,2019,3,Fire,8.07
Austin,2024,10,Medical,8.4
West Town,2022,1,Police,11.6
Grand Boulevard,2020,3,Medical,6.29
Irving Park,2022,5,Medical,6.36
Chatham,2023,9,Police,8.3
West Town,2020,1,Medical,5.43
Chatham,2021,6,Medical,8.34
Near South Side,2024,12,Medical,7.18
West Town,2019,2,Police,7.99
Humboldt Park,2023,12,Police,12.0
Austin,2023,6,Medical,8.19
West Town,2019,10,Medical,10.53
Lincoln Square,2022,6,Police,6.4
Woodlawn,2019,1,Police,9.2
Grand Boulevard,2019,5,Fire,8.29
Chatham,2022,10,Police,10.85
Morgan Park,2021,2,Police,6.39
Jefferson Park,2024,1,Medical,9.09
Near North Side,2019,11,Medical,11.35
Lincoln Square,2022,9,Police,15.71
Lake View,2023,6,Medical,4.53
Lake View,2019,1,Medical,4.06
Portage Park,2024,10,Medical,6.12
Morgan Park,2019,9,Medical,7.39
South Shore,2021,12,Fire,9.71
Austin,2021,9,Fire,7.63
Morgan Park,2023,7,Fire,10.97
Roseland,2021,9,Medical,8.15
Lincoln Square,2024,1,Police,9.89
West Ridge,2023,3,Police,15.2
Uptown,2019,8,Fire,9.43
Near South Side,2022,3,Police,9.68
Lincoln Park,2021,8,Medical,5.35
North Lawndale,2023,3,Fire,7.21
Lake View,2021,4,Medical,7.26
Jefferson Park,2021,12,Medical,7.53
Loop,2020,12,Police,6.19
South Shore,2019,4,Medical,5.9
Hyde Park,2021,5,Medical,5.19
North Lawndale,2022,10,Fire,9.08
Near West Side,2024,10,Medical,4.95
Uptown,2020,11,Police,10.16
Jefferson Park,2023,4,Police,16.3
Greater Grand Crossing,2023,7,Fire,8.79
Pullman,2022,11,Police,8.38
West Garfield Park,2022,4,Police,8.63
Grand Boulevard,2024,11,Medical,5.2
Englewood,2019,1,Police,7.96
Morgan Park,2022,5,Police,8.79
Morgan Park,2023,12,Medical,6.19
Lake View,2019,8,Police,9.53
West Town,2022,6,Police,10.38
Uptown,2022,4,Medical,12.05
Near West Side,2023,4,Medical,12.48
South Shore,2019,1,Police,8.59
Uptown,2020,10,Medical,10.6
Beverly,2020,1,Medical,5.71
Lincoln Square,2024,3,Fire,8.26
Kenwood,2019,4,Police,11.44
Pullman,2022,4,Medical,12.02
Portage Park,2022,2,Police,13.0
Auburn Gresham,2019,11,Medical,9.93
Rogers Park,2020,9,Medical,8.98
Jefferson Park,2024,8,Police,10.77
West Garfield Park,2021,3,Police,10.59
Rogers Park,2023,11,Medical,8.57
Uptown,2019,2,Medical,6.33
Hyde Park,2024,1,Medical,6.28
Pullman,2021,10,Fire,9.12
Hyde Park,2023,9,Medical,9.06
Grand Boulevard,2021,5,Medical,8.23
Roseland,2021,8,Medical,10.28
Albany Park,2023,4,Police,7.22
Edison Park,2021,2,Medical,2.72
Washington Park,2020,5,Medical,7.63
Douglas,2024,8,Medical,8.01
West Town,2019,6,Police,7.96
Morgan Park,2024,8,Medical,12.02
Albany Park,2020,11,Police,10.87
Loop,2020,3,Police,11.17
Morgan Park,2023,5,Police,7.69
Grand Boulevard,2023,2,Medical,8.28
Rogers Park,2023,12,Police,9.18
West Ridge,2021,11,Medical,7.17
Near West Side,2021,12,Police,9.07
Humboldt Park,2019,3,Medical,8.06
Edison Park,2021,7,Medical,5.99
Beverly,2019,1,Medical,5.37
Irving Park,2020,8,Fire,8.08
Hyde Park,2019,5,Medical,5.49
Woodlawn,2019,2,Police,11.47
Chatham,2023,3,Fire,9.63
West Town,2021,4,Medical,8.64
Rogers Park,2022,2,Police,8.93
South Shore,2022,10,Medical,10.38
Uptown,2023,5,Medical,6.88
North Lawndale,2024,7,Medical,9.95
Englewood,2024,9,Fire,11.94
West Pullman,2024,1,Police,7.65
Chatham,2020,10,Police,9.28
Washington Park,2020,6,Medical,13.51
Hyde Park,2020,6,Police,6.83
Washington Heights,2019,1,Medical,7.25
Edison Park,2021,2,Medical,8.81
Near West Side,2020,11,Medical,10.86
Douglas,2022,8,Police,6.57
Chatham,2019,6,Medical,9.02
Riverdale,2020,1,Police,11.88
Beverly,2020,10,Medical,8.68
West Englewood,2024,10,Police,10.95
Uptown,2024,11,Medical,11.28
Near West Side,2021,6,Police,7.55
Albany Park,2021,10,Medical,8.28
Woodlawn,2019,7,Medical,10.28
West Town,2022,2,Medical,4.04
Portage Park,2023,11,Police,9.98
Hyde Park,2024,4,Medical,6.55
Kenwood,2022,7,Medical,4.04
Logan Square,2024,11,Medical,8.92
West Pullman,2021,6,Medical,11.28
Auburn Gresham,2021,11,Police,7.74
Lincoln Square,2023,8,Police,9.43
Logan Square,2022,6,Police,7.68
Jefferson Park,2022,2,Police,5.29
Englewood,2023,1,Medical,11.38
Auburn Gresham,2021,5,Police,11.66
Near North Side,2019,11,Police,9.8
Rogers Park,2022,10,Medical,10.93
Irving Park,2020,12,Medical,8.97
Near South Side,2022,10,Fire,5.82
Portage Park,2022,9,Police,8.73
Humboldt Park,2022,2,Medical,8.37
Englewood,2021,7,Police,12.34
Englewood,2020,9,Medical,14.59
Washington Park,2022,4,Fire,13.8
Lincoln Square,2019,4,Medical,4.35
Hyde Park,2024,10,Medical,6.88
Austin,2024,5,Police,7.92
Albany Park,2020,6,Police,15.21
West Ridge,2023,12,Medical,10.16
West Englewood,2019,7,Police,13.89
Near West Side,2023,9,Fire,6.62
Lincoln Park,2022,6,Police,5.54
Near West Side,2021,3,Medical,3.02
Edison Park,2022,2,Fire,9.05
Humboldt Park,2022,6,Police,10.85
Albany Park,2023,9,Police,11.68
Uptown,2022,3,Police,11.39
Beverly,2019,4,Police,5.23
Chatham,2021,3,Fire,10.7
West Town,2023,7,Police,7.01
Grand Boulevard,2020,4,Medical,5.89
Grand Boulevard,2024,12,Fire,5.66
North Lawndale,2022,6,Medical,9.43
Near West Side,2024,6,Medical,9.41
South Shore,2023,9,Police,13.47
Hyde Park,2024,5,Medical,6.71
Albany Park,2022,7,Medical,6.09
Lincoln Square,2022,1,Medical,10.78
West Ridge,2023,8,Police,10.91
Uptown,2019,2,Medical,9.98
Near North Side,2020,4,Police,3.67
Austin,2022,10,Medical,12.25
Pullman,2019,7,Medical,8.77
Albany Park,2022,12,Fire,7.49
Near West Side,2022,6,Police,10.21
South Shore,2019,4,Medical,9.34
West Garfield Park,2022,8,Medical,12.82
South Shore,2020,12,Police,12.06
Near West Side,2024,7,Police,8.83
Auburn Gresham,2023,6,Fire,9.28
Grand Boulevard,2024,5,Medical,7.9
Loop,2019,5,Police,9.41
Logan Square,2024,11,Police,7.35
Logan Square,2021,7,Fire,11.69
Portage Park,2022,11,Medical,9.76
West Town,2023,6,Medical,11.31
West Garfield Park,2020,4,Police,11.88
South Shore,2020,7,Police,15.42
Near West Side,2021,5,Medical,10.24
Lincoln Square,2024,7,Medical,7.62
Douglas,2020,7,Police,7.18
Douglas,2024,11,Police,8.41
Auburn Gresham,2023,2,Fire,9.6
Washington Heights,2021,12,Medical,7.55
Englewood,2024,4,Medical,8.44
Riverdale,2019,10,Police,15.8
Mount Greenwood,2024,4,Police,11.14
Riverdale,2024,7,Police,10.27
Irving Park,2021,8,Medical,5.2
West Ridge,2019,11,Medical,6.78
South Shore,2020,1,Medical,9.74
Albany Park,2023,7,Police,5.39
Douglas,2024,11,Medical,8.87
West Garfield Park,2022,6,Police,12.76
Hyde Park,2021,10,Police,7.27
Uptown,2020,1,Fire,7.53
Near North Side,2024,8,Medical,4.59
Edison Park,2023,5,Medical,7.26
Loop,2022,7,Medical,5.55
Irving Park,2021,8,Medical,7.92
West Englewood,2023,7,Fire,8.31
West Garfield Park,2020,11,Police,8.49
South Shore,2024,12,Police,10.76
Morgan Park,2024,12,Police,8.52
Albany Park,2024,10,Medical,7.15
Douglas,2021,12,Police,11.19
Beverly,2024,1,Medical,3.81
Riverdale,2021,6,Police,9.88
Douglas,2024,11,Medical,8.64
Auburn Gresham,2019,11,Police,10.86
Logan Square,2024,11,Medical,7.6
Woodlawn,2019,12,Medical,11.44
West Town,2021,1,Police,10.84
Douglas,2023,4,Police,13.53
Roseland,2020,4,Medical,8.15
Mount Greenwood,2022,8,Police,6.7
Auburn Gresham,2019,6,Medical,11.59
Englewood,2020,7,Medical,11.27
Englewood,2024,12,Police,11.46
West Englewood,2021,10,Medical,10.63
Near West Side,2020,7,Police,15.35
Edison Park,2020,7,Medical,5.4
Washington Heights,2024,10,Medical,10.04
Riverdale,2020,2,Medical,8.43
South Shore,2021,6,Police,11.63
Auburn Gresham,2019,8,Police,14.25
Washington Park,2022,8,Police,8.23
Greater Grand Crossing,2023,4,Police,8.43
West Garfield Park,2019,7,Police,16.16
Kenwood,2022,9,Medical,6.92
Near South Side,2021,8,Medical,8.83
West Ridge,2022,2,Medical,10.68
Pullman,2021,11,Police,13.29
Riverdale,2022,8,Medical,9.47
Roseland,2019,3,Police,13.4
Irving Park,2024,4,Police,7.95
Irving Park,2024,3,Police,7.61
Kenwood,2024,8,Medical,5.19
Kenwood,2021,4,Medical,5.53
Portage Park,2020,11,Police,9.87
Logan Square,2024,1,Police,7.31
Woodlawn,2021,9,Police,8.31
Edison Park,2021,9,Medical,5.53
Albany Park,2022,1,Police,10.24
Edison Park,2021,8,Medical,7.16
Loop,2022,2,Medical,6.86
Edison Park,2019,7,Police,9.06
Jefferson Park,2021,1,Police,14.07
Near North Side,2020,6,Police,7.76
Humboldt Park,2020,10,Medical,8.26
South Shore,2019,12,Police,11.62
West Ridge,2024,11,Police,12.27
Edison Park,2020,11,Police,5.93
Logan Square,2022,10,Police,8.49
Near South Side,2021,8,Fire,9.77
South Shore,2023,11,Police,11.99
West Englewood,2021,6,Fire,10.9
Grand Boulevard,2021,9,Medical,6.59
West Town,2023,11,Police,10.29
West Ridge,2024,1,Medical,15.45
Irving Park,2020,9,Police,12.3
Greater Grand Crossing,2020,3,Medical,10.94
Uptown,2021,2,Police,10.75
Lake View,2020,12,Police,6.31
Uptown,2022,8,Medical,7.92
Near West Side,2022,10,Police,10.06
West Ridge,2023,5,Fire,10.16
Auburn Gresham,2021,1,Police,17.33
West Garfield Park,2024,1,Police,12.31
Humboldt Park,2022,2,Medical,9.85
South Shore,2019,7,Medical,9.83
Woodlawn,2020,2,Fire,8.62
Albany Park,2024,9,Police,7.98
Uptown,2021,6,Medical,6.4
Greater Grand Crossing,2022,4,Medical,9.12
Beverly,2023,12,Police,9.27
Washington Park,2022,4,Police,8.91
Douglas,2019,3,Medical,5.12
Washington Heights,2022,9,Police,4.68
Roseland,2021,2,Medical,8.25
Near South Side,2023,9,Medical,8.32
Roseland,2023,3,Police,12.45
South Shore,2019,4,Medical,12.35
Pullman,2021,9,Medical,12.79
Hyde Park,2019,3,Police,6.32
Douglas,2019,6,Medical,7.06
Near South Side,2019,12,Medical,10.89
Rogers Park,2022,5,Police,13.85
Auburn Gresham,2020,6,Medical,9.46
Logan Square,2022,5,Police,8.17
Near South Side,2021,11,Medical,7.48
Jefferson Park,2024,3,Medical,10.2
West Garfield Park,2019,2,Medical,9.17
Near South Side,2019,10,Police,10.05
Pullman,2020,9,Police,11.21
Washington Heights,2023,4,Medical,5.51
Douglas,2019,10,Police,8.19
Irving Park,2022,12,Police,7.19
Lincoln Park,2019,6,Fire,6.26
Austin,2021,9,Police,10.42
Hyde Park,2020,5,Police,3.27
Lake View,2024,7,Police,3.54
Jefferson Park,2023,12,Medical,8.11
Mount Greenwood,2024,5,Police,6.81
Humboldt Park,2021,12,Medical,8.68
Roseland,2022,9,Medical,10.78
Hyde Park,2024,2,Fire,7.84
Chatham,2021,3,Police,8.38
Near West Side,2024,5,Medical,7.54
Edison Park,2019,2,Medical,5.8
Grand Boulevard,2020,12,Police,8.02
West Englewood,2019,6,Medical,6.99
Pullman,2020,10,Police,7.49
West Englewood,2022,3,Medical,12.4
West Pullman,2021,5,Medical,8.01
Lake View,2024,5,Medical,7.31
Austin,2020,10,Medical,9.27
West Garfield Park,2021,8,Fire,9.69
West Pullman,2024,9,Medical,11.21
Beverly,2020,4,Medical,4.53
West Pullman,2019,10,Police,6.27
Loop,2020,1,Medical,5.51
West Ridge,2020,5,Medical,7.21
Loop,2023,4,Police,6.35
North Lawndale,2024,5,Medical,8.03
Rogers Park,2024,11,Police,9.37
Chatham,2022,9,Medical,10.81
Chatham,2024,8,Police,12.89
Near West Side,2019,11,Medical,5.24
Mount Greenwood,2019,11,Medical,6.21
Lincoln Park,2021,11,Medical,5.98
Washington Heights,2020,8,Police,8.7
Edison Park,2020,8,Fire,4.42
Kenwood,2024,1,Medical,7.92
Loop,2020,12,Police,5.93
Humboldt Park,2019,7,Police,10.88
Lake View,2023,4,Medical,7.47
Morgan Park,2021,6,Medical,9.26
Mount Greenwood,2020,4,Fire,6.64
Englewood,2023,12,Police,13.24
Austin,2024,5,Fire,12.93
Near North Side,2022,5,Fire,6.33
Austin,2019,1,Medical,6.83
Near North Side,2022,6,Police,5.84
Woodlawn,2019,10,Medical,13.76
Humboldt Park,2021,8,Medical,10.05
Humboldt Park,2024,5,Police,15.39
Riverdale,2022,10,Police,14.3
Riverdale,2021,12,Medical,13.01
Loop,2021,6,Police,3.62
Greater Grand Crossing,2021,5,Police,9.4
Near North Side,2022,1,Police,11.47
West Pullman,2022,5,Medical,6.33
Uptown,2022,2,Police,12.95
Washington Heights,2020,4,Fire,7.91
Chatham,2021,2,Medical,8.93
Kenwood,2024,8,Police,7.37
Douglas,2020,7,Police,11.9
Lincoln Park,2019,9,Police,5.51
Kenwood,2022,4,Police,8.55
Mount Greenwood,2024,5,Medical,6.69
Grand Boulevard,2023,9,Medical,8.54
Beverly,2019,9,Fire,3.14
Albany Park,2021,2,Police,11.57
Austin,2021,12,Police,10.13
Portage Park,2024,11,Police,14.63
West Pullman,2020,1,Medical,8.45
Lincoln Park,2022,3,Medical,11.46
Kenwood,2024,10,Medical,11.35
Riverdale,2022,1,Medical,13.85
Irving Park,2019,6,Police,11.93
Woodlawn,2024,8,Medical,9.19
Beverly,2019,4,Medical,5.02
North Lawndale,2019,11,Medical,11.32
Washington Heights,2023,4,Medical,8.57
Logan Square,2023,11,Police,13.82
Mount Greenwood,2021,10,Medical,4.94
Roseland,2021,1,Medical,19.1
Morgan Park,2021,9,Medical,8.76
Logan Square,2024,10,Police,8.77
Englewood,2022,8,Medical,7.41
Greater Grand Crossing,2021,3,Medical,10.04
Roseland,2020,3,Police,10.95
Washington Park,2019,10,Medical,9.43
West Ridge,2024,4,Police,13.87
Greater Grand Crossing,2022,4,Police,13.06
North Lawndale,2023,2,Medical,9.31
Lake View,2019,4,Medical,8.13
Near West Side,2021,2,Police,12.01
North Lawndale,2023,11,Police,9.52
West Pullman,2023,11,Police,11.52
Near South Side,2023,7,Medical,8.71
Albany Park,2024,5,Fire,8.67
Auburn Gresham,2019,7,Medical,9.51
Douglas,2022,6,Fire,8.51
Logan Square,2019,2,Fire,7.83
West Garfield Park,2020,12,Medical,11.23
Jefferson Park,2021,2,Police,11.0
Kenwood,2024,1,Medical,8.8
Humboldt Park,2022,1,Fire,13.98
Edison Park,2024,5,Medical,3.56
Auburn Gresham,2022,5,Medical,8.73
Near West Side,2021,7,Police,10.12
South Shore,2020,1,Police,10.34
Morgan Park,2023,5,Police,7.63
Roseland,2021,2,Police,11.94
Near North Side,2023,10,Fire,6.29
Hyde Park,2021,1,Medical,5.27
Mount Greenwood,2019,7,Fire,8.98
Portage Park,2024,3,Medical,9.7
Humboldt Park,2020,11,Police,9.07
Near South Side,2024,9,Medical,6.82
Edison Park,2020,5,Fire,7.15
Uptown,2021,5,Medical,5.08
South Shore,2020,5,Police,10.9
Chatham,2023,9,Fire,6.06
Grand Boulevard,2020,10,Medical,12.51
North Lawndale,2020,1,Medical,16.82
West Englewood,2024,5,Police,9.86
Logan Square,2020,10,Medical,5.78
Irving Park,2022,6,Medical,8.0
Lake View,2021,9,Medical,5.41
Washington Heights,2019,3,Medical,7.55
Portage Park,2019,1,Police,12.96
Portage Park,2022,12,Fire,8.28
Pullman,2024,11,Police,8.9
Pullman,2022,11,Police,14.11
Logan Square,2019,8,Fire,7.24
Humboldt Park,2023,9,Fire,7.0
Washington Park,2019,12,Police,9.31
Riverdale,2019,11,Police,13.31
Riverdale,2021,6,Medical,6.23
West Town,2019,5,Medical,6.31
Austin,2019,12,Police,8.49
Beverly,2020,8,Medical,4.12
Lincoln Park,2022,12,Police,2.24
Washington Park,2019,6,Police,16.12
West Town,2019,6,Medical,7.34
Lincoln Square,2023,9,Police,6.57
Lincoln Square,2019,9,Police,11.26
Roseland,2021,1,Fire,11.32
Englewood,2024,12,Medical,12.94
Woodlawn,2023,2,Police,7.42
Pullman,2019,1,Police,6.77
West Pullman,2024,2,Medical,7.53
Washington Heights,2021,3,Police,11.86
Jefferson Park,2022,2,Medical,12.95
Morgan Park,2019,6,Medical,8.11
Edison Park,2022,4,Police,10.94
Humboldt Park,2019,5,Police,9.02
Riverdale,2023,10,Police,14.06
Grand Boulevard,2023,9,Police,10.37
Near South Side,2024,2,Medical,6.0
Irving Park,2021,3,Medical,6.57
West Ridge,2020,10,Medical,10.18
Logan Square,2024,1,Medical,4.27
Lincoln Square,2024,2,Police,9.27
Loop,2021,1,Medical,4.29
Humboldt Park,2019,9,Police,15.59
Roseland,2022,3,Medical,6.59
Chatham,2022,3,Medical,9.04
Edison Park,2019,7,Medical,2.48
Irving Park,2020,1,Police,11.99
Morgan Park,2020,9,Police,13.39
Beverly,2020,7,Medical,4.67
Hyde Park,2019,9,Fire,6.85
West Ridge,2023,8,Police,13.27
Mount Greenwood,2024,5,Police,9.97
Humboldt Park,2023,12,Police,11.28
Lincoln Park,2019,3,Medical,3.61
Mount Greenwood,2023,11,Medical,9.33
Pullman,2020,9,Medical,7.98
West Garfield Park,2023,5,Medical,11.76
Washington Park,2019,9,Fire,6.44
West Pullman,2024,3,Police,7.94
Irving Park,2023,6,Medical,9.3
Logan Square,2023,2,Police,9.19
Near West Side,2023,3,Medical,4.9
Washington Park,2023,2,Fire,9.25
Pullman,2024,12,Medical,12.17
Auburn Gresham,2019,2,Medical,8.01
Washington Park,2021,5,Medical,8.08
Austin,2023,10,Medical,8.8
Beverly,2021,4,Fire,16.77
Grand Boulevard,2024,11,Police,9.16
Humboldt Park,2019,4,Police,9.62
Lincoln Park,2022,8,Medical,3.52
Washington Park,2021,6,Fire,7.35
Grand Boulevard,2019,10,Police,9.56
Irving Park,2022,2,Police,6.57
Logan Square,2023,1,Fire,6.34
Greater Grand Crossing,2024,5,Medical,11.67
Washington Heights,2024,7,Fire,10.86
Englewood,2019,5,Police,15.85
Lincoln Park,2020,12,Police,6.29
Beverly,2022,4,Police,9.3
Mount Greenwood,2020,5,Medical,6.18
Edison Park,2024,11,Police,6.54
Edison Park,2024,10,Medical,5.54
Mount Greenwood,2023,8,Police,5.43
Riverdale,2023,5,Medical,12.73
Englewood,2021,9,Police,9.68
West Town,2024,10,Medical,6.97
Greater Grand Crossing,2023,7,Medical,4.72
West Englewood,2021,11,Medical,9.62
Douglas,2022,11,Fire,13.36
Grand Boulevard,2020,2,Police,5.43
Mount Greenwood,2022,9,Medical,7.95
Douglas,2020,2,Medical,9.33
Lake View,2019,6,Medical,5.21
Pullman,2022,8,Medical,6.96
Logan Square,2019,2,Medical,11.99
South Shore,2020,6,Medical,7.09
Loop,2024,5,Medical,4.45
Riverdale,2024,7,Police,16.49
Austin,2021,10,Medical,12.89
Chatham,2022,5,Fire,8.67
Grand Boulevard,2022,3,Police,12.39
Kenwood,2021,6,Fire,8.13
Englewood,2021,7,Police,12.2
Near North Side,2023,1,Police,3.65
Beverly,2024,8,Medical,14.94
Auburn Gresham,2023,8,Medical,7.41
Lincoln Square,2020,4,Medical,7.19
Englewood,2024,8,Fire,11.96
Douglas,2022,3,Fire,7.53
Lake View,2021,5,Police,7.71
Grand Boulevard,2021,3,Police,10.41
West Town,2024,2,Fire,10.77
Pullman,2019,5,Medical,7.99
Jefferson Park,2023,8,Medical,7.93
Washington Park,2024,9,Medical,9.7
Washington Park,2024,5,Medical,10.54
Near South Side,2019,3,Medical,9.56
Jefferson Park,2021,12,Police,8.01
Beverly,2022,3,Police,11.46
Douglas,2022,8,Medical,6.1
Grand Boulevard,2019,3,Police,8.66
Lincoln Square,2023,9,Police,9.6
Chatham,2020,10,Police,8.6
West Town,2024,1,Medical,8.89
Rogers Park,2022,1,Medical,8.98
Roseland,2020,5,Medical,8.13
Chatham,2024,4,Police,13.23
Loop,2023,3,Police,7.06
Riverdale,2019,1,Medical,6.59
Morgan Park,2023,7,Police,9.35
Greater Grand Crossing,2021,1,Medical,9.23
Douglas,2023,6,Police,7.7
Logan Square,2019,10,Police,6.14
Near North Side,2019,2,Police,6.47
Edison Park,2023,4,Medical,4.97
South Shore,2024,8,Medical,11.85
Jefferson Park,2019,3,Medical,7.97
Washington Park,2021,9,Medical,8.74
Austin,2020,5,Police,10.48
Albany Park,2023,6,Police,13.91
Portage Park,2019,2,Police,11.95
Pullman,2024,1,Medical,7.88
Irving Park,2024,5,Medical,5.15
Pullman,2024,1,Medical,9.34
Humboldt Park,2020,4,Police,12.41
West Pullman,2021,8,Medical,6.86
West Garfield Park,2023,12,Medical,7.4
West Englewood,2019,2,Fire,13.34
Rogers Park,2020,6,Fire,7.63
Chatham,2021,12,Police,10.99
Lincoln Square,2022,10,Fire,13.91
Grand Boulevard,2019,5,Police,8.13
South Shore,2024,1,Fire,9.3
Austin,2024,8,Medical,8.94
Irving Park,2021,5,Medical,8.98
Near South Side,2020,9,Police,11.05
West Garfield Park,2024,2,Fire,10.71
Mount Greenwood,2023,6,Fire,3.39
Logan Square,2020,7,Police,9.62
West Pullman,2024,1,Fire,7.79
Auburn Gresham,2023,10,Medical,4.66
West Town,2021,4,Medical,5.72
Irving Park,2021,2,Fire,7.72
West Town,2020,7,Medical,7.57
Englewood,2020,3,Medical,9.06
Lincoln Park,2023,9,Police,5.61
West Garfield Park,2019,8,Police,11.36
Loop,2020,12,Medical,9.21
Jefferson Park,2024,10,Medical,7.82
Lake View,2019,7,Medical,3.08
Grand Boulevard,2019,8,Police,11.84
Riverdale,2019,1,Medical,15.52
Beverly,2021,10,Police,7.43
Humboldt Park,2021,12,Police,13.14
West Garfield Park,2019,6,Fire,7.25
Near West Side,2019,7,Police,15.6
Riverdale,2021,7,Medical,13.75
Rogers Park,2023,9,Medical,9.62
Logan Square,2024,7,Medical,9.03
Woodlawn,2022,12,Medical,12.41
Lincoln Park,2020,7,Police,3.52
Lincoln Park,2019,6,Medical,8.66
Riverdale,2021,3,Medical,14.07
Roseland,2019,6,Medical,8.37
West Englewood,2019,9,Fire,10.91
Grand Boulevard,2019,11,Fire,8.84
Albany Park,2019,10,Police,9.65
Near West Side,2023,3,Police,8.66
South Shore,2020,3,Medical,11.1
Grand Boulevard,2020,11,Medical,15.59
Lincoln Square,2021,7,Police,8.21
Loop,2023,7,Medical,7.5
Near West Side,2023,5,Police,10.16
Woodlawn,2020,8,Police,7.66
Englewood,2021,8,Fire,11.37
Lincoln Square,2023,11,Police,6.03
Beverly,2021,11,Medical,5.58
Near North Side,2020,2,Fire,2.1
Near North Side,2019,11,Fire,4.77
Hyde Park,2024,6,Fire,8.79
Hyde Park,2024,5,Medical,5.47
Near West Side,2024,4,Fire,7.05
Jefferson Park,2023,7,Police,10.05
Loop,2021,4,Medical,6.35
Austin,2019,5,Medical,7.67
West Garfield Park,2020,8,Medical,10.08
Douglas,2022,5,Fire,8.56
Logan Square,2024,11,Fire,8.46
Irving Park,2023,11,Medical,10.28
Albany Park,2023,9,Police,12.7
Rogers Park,2021,10,Police,9.76
West Pullman,2020,2,Fire,7.44
Roseland,2024,2,Medical,7.26
Edison Park,2020,9,Medical,6.73
Near South Side,2023,2,Medical,7.11
Douglas,2023,3,Medical,5.37
North Lawndale,2024,6,Police,7.91
West Ridge,2024,4,Fire,8.44
Jefferson Park,2021,8,Police,6.75
Uptown,2021,8,Police,8.99
Hyde Park,2022,2,Fire,9.3
Near South Side,2019,2,Police,11.07
Roseland,2021,3,Police,12.0
South Shore,2019,11,Medical,6.63
Greater Grand Crossing,2023,2,Medical,10.56
Hyde Park,2022,5,Police,8.63
Englewood,2022,1,Police,14.26
Edison Park,2022,7,Police,4.78
Albany Park,2020,8,Police,10.0
Humboldt Park,2024,12,Medical,12.09
Mount Greenwood,2024,4,Medical,10.82
West Town,2023,7,Medical,5.97
West Garfield Park,2020,9,Medical,11.98
North Lawndale,2020,7,Medical,7.43
West Pullman,2022,2,Police,14.44
Beverly,2020,2,Medical,10.3
Grand Boulevard,2023,10,Police,11.19
Grand Boulevard,2023,10,Medical,6.76
West Englewood,2020,10,Medical,14.59
Washington Heights,2024,6,Fire,8.84
West Town,2023,8,Medical,10.65
Kenwood,2024,12,Police,9.17
South Shore,2019,10,Police,12.75
Austin,2020,11,Medical,9.12
Austin,2022,10,Police,8.93
Mount Greenwood,2022,11,Medical,7.81
Washington Heights,2023,12,Fire,14.0
Lincoln Park,2023,3,Medical,5.01
West Ridge,2022,1,Police,14.25
Logan Square,2019,1,Fire,10.42
Jefferson Park,2022,11,Police,8.16
Englewood,2020,2,Medical,10.06
West Garfield Park,2022,10,Police,12.03
Woodlawn,2021,6,Police,13.54
Chatham,2019,2,Fire,12.59
Auburn Gresham,2019,6,Police,15.47
Douglas,2022,11,Medical,8.89
Kenwood,2021,1,Police,14.19
Near North Side,2020,9,Medical,4.29
Englewood,2022,12,Medical,11.19
Irving Park,2020,7,Medical,11.13
Grand Boulevard,2021,1,Police,5.35
West Town,2022,9,Police,6.13
Riverdale,2022,9,Medical,6.98
Logan Square,2020,11,Medical,10.98
Grand Boulevard,2022,10,Police,7.04
Beverly,2021,11,Medical,6.73
West Pullman,2022,6,Police,14.66
West Englewood,2023,2,Medical,13.6
Rogers Park,2021,2,Medical,9.45
Lake View,2019,12,Police,4.8
Logan Square,2020,8,Police,10.11
Lake View,2024,9,Medical,5.29
West Pullman,2024,4,Police,4.9
Near South Side,2021,2,Medical,10.09
Kenwood,2024,5,Police,9.98
North Lawndale,2019,7,Medical,8.56
Near South Side,2019,4,Police,11.31
Albany Park,2021,12,Medical,7.2
Kenwood,2019,9,Police,6.93
Mount Greenwood,2019,12,Medical,8.42
Near South Side,2024,4,Medical,8.23
Washington Park,2023,8,Fire,11.9
Grand Boulevard,2022,3,Medical,6.49
Douglas,2024,12,Medical,8.37
Lincoln Square,2024,12,Medical,7.71
Englewood,2023,6,Medical,8.28
Lincoln Park,2022,6,Police,2.09
South Shore,2019,3,Fire,14.11
Pullman,2022,2,Medical,11.44
West Englewood,2023,6,Police,13.43
Washington Heights,2020,7,Police,13.16
Grand Boulevard,2020,7,Medical,9.21
Lincoln Park,2022,10,Medical,3.97
Austin,2020,11,Medical,10.48
West Ridge,2021,1,Police,13.11
Kenwood,2020,12,Fire,5.28
West Garfield Park,2022,6,Police,11.74
Rogers Park,2019,9,Medical,9.12
Lincoln Park,2023,9,Police,7.25
Lake View,2020,12,Medical,5.66
Chatham,2022,2,Medical,3.75
Irving Park,2023,4,Police,9.63
Washington Heights,2021,6,Police,4.46
Uptown,2019,4,Fire,12.47
Rogers Park,2024,12,Medical,8.68
Woodlawn,2023,9,Police,8.31
Kenwood,2024,2,Medical,6.57
Near West Side,2023,10,Medical,6.29
Edison Park,2022,6,Fire,5.37
West Ridge,2021,1,Medical,7.84
Roseland,2020,9,Medical,10.17
Roseland,2021,1,Medical,6.82
Washington Heights,2019,12,Police,9.78
West Pullman,2024,8,Medical,11.02
Rogers Park,2020,9,Police,8.19
Beverly,2024,1,Police,8.6
Logan Square,2021,1,Police,6.38
Portage Park,2019,10,Police,9.78
Albany Park,2023,7,Police,12.16
Hyde Park,2023,10,Medical,11.33
Loop,2024,5,Medical,18.1
West Garfield Park,2024,11,Fire,11.68
West Garfield Park,2023,3,Medical,8.17
Lincoln Square,2024,9,Police,9.06
Lake View,2023,2,Police,4.83
Grand Boulevard,2024,6,Police,9.33
Albany Park,2020,4,Medical,6.38
South Shore,2024,5,Police,11.68
Riverdale,2023,2,Police,16.6
Hyde Park,2020,1,Medical,8.83
Chatham,2020,9,Medical,11.51
Woodlawn,2021,3,Police,8.66
North Lawndale,2023,6,Fire,9.93
Mount Greenwood,2022,9,Medical,6.23
Albany Park,2024,1,Medical,7.82
Lake View,2023,12,Police,8.51
Albany Park,2022,5,Medical,5.85
Near South Side,2023,4,Fire,8.03
Kenwood,2020,3,Police,3.53
Beverly,2023,2,Police,8.35
Uptown,2023,3,Fire,13.67
Mount Greenwood,2023,1,Medical,5.44
Pullman,2023,1,Medical,9.98
Morgan Park,2021,8,Medical,7.69
Auburn Gresham,2024,5,Medical,8.76
West Ridge,2021,2,Police,10.63
West Ridge,2020,3,Police,9.06
Washington Heights,2020,2,Medical,7.21
Englewood,2022,10,Fire,7.05
Loop,2020,2,Medical,3.78
Riverdale,2021,4,Police,11.45
Lincoln Square,2020,12,Police,8.54
Portage Park,2022,4,Police,6.77
Lake View,2022,7,Police,2.79
Washington Park,2021,2,Medical,8.0
Auburn Gresham,2020,9,Medical,9.11
Englewood,2024,7,Medical,8.88
Jefferson Park,2022,4,Fire,7.47
Lincoln Park,2020,12,Fire,5.16
North Lawndale,2020,7,Medical,10.97
Humboldt Park,2024,10,Fire,8.33
Near West Side,2021,11,Police,10.01
Humboldt Park,2021,1,Medical,7.27
Mount Greenwood,2020,7,Police,2.2
West Garfield Park,2023,6,Medical,13.64
West Englewood,2023,9,Medical,10.72
Chatham,2019,8,Police,9.36
West Garfield Park,2019,2,Police,15.45
Edison Park,2019,11,Medical,7.06
Rogers Park,2021,3,Medical,7.73
Greater Grand Crossing,2020,3,Police,14.16
Near North Side,2024,12,Medical,9.27
Lake View,2024,6,Fire,5.92
Kenwood,2022,2,Fire,6.47
South Shore,2020,11,Medical,5.57
West Garfield Park,2020,2,Medical,8.67
Auburn Gresham,2019,4,Medical,10.64
Loop,2020,1,Police,13.83
Uptown,2024,1,Medical,7.71
Auburn Gresham,2019,1,Police,10.23
Hyde Park,2020,5,Police,8.97
West Town,2022,9,Police,12.66
Edison Park,2023,4,Medical,2.68
Logan Square,2023,8,Fire,17.72
Uptown,2021,7,Police,9.37
Rogers Park,2022,6,Police,11.81
Jefferson Park,2024,9,Medical,5.89
Pullman,2020,10,Medical,9.75
Morgan Park,2022,1,Police,7.18
Hyde Park,2020,7,Police,10.19
West Garfield Park,2022,9,Medical,10.76
Englewood,2022,10,Police,7.53
Jefferson Park,2023,2,Medical,9.47
Logan Square,2022,4,Medical,9.06
Lake View,2021,5,Police,8.14
Morgan Park,2020,11,Fire,8.99
Logan Square,2019,5,Medical,5.74
Rogers Park,2022,11,Police,8.75
Washington Park,2019,7,Medical,16.07
Lincoln Square,2023,10,Medical,11.73
Greater Grand Crossing,2019,8,Police,9.26
Albany Park,2021,9,Medical,8.17
South Shore,2021,5,Fire,13.32
Lincoln Park,2023,2,Medical,2.93
Woodlawn,2024,2,Police,14.4
Irving Park,2021,5,Medical,9.41
Uptown,2020,5,Medical,8.2
Riverdale,2024,5,Medical,11.48
Albany Park,2021,6,Police,8.85
Pullman,2024,12,Police,11.07
West Town,2022,8,Police,8.85
Near North Side,2021,11,Police,3.39
Greater Grand Crossing,2024,5,Police,18.34
Humboldt Park,2020,3,Medical,10.59
Humboldt Park,2023,9,Medical,8.78
Uptown,2021,4,Fire,5.78
Uptown,2020,12,Medical,8.6
Douglas,2022,8,Medical,7.86
Near West Side,2019,9,Medical,8.42
West Englewood,2019,11,Medical,13.6
Irving Park,2023,7,Medical,9.99
Lake View,2023,3,Medical,4.6
Albany Park,2019,10,Fire,8.6
Morgan Park,2019,11,Medical,7.19
Riverdale,2023,6,Police,12.28
Logan Square,2019,7,Police,12.63
West Englewood,2021,12,Police,11.96
West Pullman,2024,7,Fire,9.44
Portage Park,2020,8,Police,6.77
Beverly,2024,10,Fire,3.98
Kenwood,2023,5,Medical,5.79
West Englewood,2020,5,Police,11.21
Near West Side,2022,2,Police,12.68
Lincoln Park,2022,12,Medical,7.74
Mount Greenwood,2021,11,Police,10.86
West Englewood,2022,2,Police,7.66
Lincoln Square,2023,4,Police,8.29
Riverdale,2021,7,Police,6.84
Logan Square,2024,8,Medical,7.64
Greater Grand Crossing,2021,3,Police,13.79
Near West Side,2023,1,Police,12.78
Irving Park,2019,4,Police,6.55
Portage Park,2020,6,Fire,13.11
Lincoln Park,2023,6,Medical,6.01
Irving Park,2019,9,Police,13.51
Woodlawn,2019,7,Police,12.51
Morgan Park,2022,12,Medical,9.15
Washington Park,2024,9,Police,5.07
Uptown,2021,10,Medical,9.63
Uptown,2021,11,Medical,10.23
Loop,2022,5,Fire,3.87
South Shore,2022,5,Medical,6.54
Grand Boulevard,2021,5,Medical,5.67
Uptown,2023,5,Police,10.14
Kenwood,2023,4,Police,21.6
Mount Greenwood,2023,6,Medical,7.63
Lincoln Park,2023,12,Medical,4.23
Loop,2022,1,Police,8.04
Portage Park,2020,2,Medical,10.4
West Pullman,2020,9,Medical,7.54
Woodlawn,2021,6,Medical,13.75
Near South Side,2020,6,Police,6.0
Logan Square,2023,10,Police,7.27
Douglas,2022,4,Police,14.06
West Englewood,2023,5,Medical,9.26
Douglas,2019,9,Police,7.78
South Shore,2022,2,Police,10.86
Near South Side,2019,3,Fire,8.12
North Lawndale,2019,10,Medical,10.28
Pullman,2021,8,Police,10.21
Auburn Gresham,2019,9,Medical,8.86
Near South Side,2020,12,Fire,8.29
Humboldt Park,2020,5,Fire,12.05
Washington Park,2019,3,Medical,10.9
Woodlawn,2021,1,Medical,10.47
Mount Greenwood,2019,12,Police,7.4
Grand Boulevard,2022,2,Medical,7.84
Pullman,2022,4,Medical,6.52
Chatham,2022,4,Police,8.96
Roseland,2022,5,Fire,6.19
Hyde Park,2019,9,Police,10.6
Loop,2023,12,Police,13.39
Beverly,2023,2,Medical,6.7
Near West Side,2024,2,Fire,8.69
Woodlawn,2022,5,Fire,9.17
Washington Park,2024,12,Police,8.9
Mount Greenwood,2024,2,Medical,8.07
Beverly,2021,10,Medical,8.51
Grand Boulevard,2021,5,Police,11.46
Chatham,2019,12,Fire,10.22
West Town,2023,5,Fire,17.18
Uptown,2019,7,Police,14.56
Albany Park,2020,4,Medical,6.99
West Town,2022,2,Police,11.22
Austin,2020,8,Police,12.69
West Garfield Park,2020,1,Medical,9.93
Near West Side,2024,10,Medical,5.79
Portage Park,2021,1,Police,9.57
Lake View,2023,12,Medical,6.84
Lake View,2024,12,Police,12.02
Humboldt Park,2024,11,Medical,6.59
Hyde Park,2022,12,Medical,5.0
Edison Park,2019,7,Fire,10.3
Lake View,2022,4,Medical,4.75
Near North Side,2019,3,Fire,9.89
Austin,2019,1,Police,13.28
Humboldt Park,2023,12,Medical,6.65
Auburn Gresham,2020,8,Medical,10.67
Morgan Park,2019,8,Fire,10.45
Lincoln Square,2023,12,Fire,10.61
Greater Grand Crossing,2020,4,Fire,9.04
West Garfield Park,2024,2,Police,10.03
Greater Grand Crossing,2024,4,Medical,7.84
Lincoln Park,2020,7,Medical,6.79
Austin,2022,4,Medical,4.32
Chatham,2022,11,Medical,12.73
Greater Grand Crossing,2022,11,Medical,10.27
Beverly,2021,3,Fire,5.98
Auburn Gresham,2020,10,Medical,6.48
Albany Park,2021,12,Police,11.28
Morgan Park,2022,1,Police,5.56
Greater Grand Crossing,2023,9,Police,6.31
Chatham,2022,5,Police,9.68
Humboldt Park,2019,2,Police,8.28
Lincoln Square,2023,6,Medical,7.6
Greater Grand Crossing,2023,2,Police,11.08
Logan Square,2020,12,Police,10.54
North Lawndale,2021,6,Medical,10.65
Riverdale,2019,9,Police,13.66
Near South Side,2023,2,Police,11.72
Austin,2021,1,Medical,9.94
West Town,2021,7,Police,15.76
Lake View,2019,8,Medical,4.41
Lincoln Park,2019,2,Police,6.02
Beverly,2022,4,Medical,8.39
Uptown,2022,8,Medical,8.7
Irving Park,2023,12,Police,10.96
Greater Grand Crossing,2023,4,Medical,15.89
Riverdale,2023,12,Police,15.19
Greater Grand Crossing,2022,9,Police,11.91
Riverdale,2023,1,Police,13.2
Pullman,2023,10,Police,11.06
Near South Side,2022,7,Police,14.17
Woodlawn,2022,3,Fire,11.82
Woodlawn,2023,11,Medical,13.07
Edison Park,2023,12,Police,7.82
Auburn Gresham,2021,10,Medical,7.68
West Pullman,2020,11,Police,11.15
Hyde Park,2022,11,Police,7.72
West Ridge,2020,3,Police,14.43
Irving Park,2022,11,Police,6.33
Douglas,2024,7,Police,12.28
West Garfield Park,2021,6,Police,17.73
Near North Side,2020,3,Fire,2.22
Lincoln Square,2021,2,Medical,11.39
Auburn Gresham,2019,11,Medical,6.35
Beverly,2020,11,Medical,6.54
West Pullman,2020,6,Police,13.06
Portage Park,2024,10,Police,9.72
Rogers Park,2020,7,Fire,9.27
Washington Park,2019,9,Medical,11.1
Kenwood,2019,9,Medical,7.36
West Garfield Park,2021,9,Medical,8.23
Edison Park,2019,11,Police,9.11
Woodlawn,2022,10,Police,11.51
North Lawndale,2023,1,Medical,12.86
Woodlawn,2020,4,Medical,8.6
Douglas,2021,4,Police,5.89
Austin,2021,10,Police,12.24
West Ridge,2021,8,Medical,12.65
Lake View,2021,3,Medical,5.16
North Lawndale,2020,1,Fire,10.52
Uptown,2021,3,Fire,11.15
Woodlawn,2020,6,Medical,10.76
West Garfield Park,2021,7,Police,15.85
Austin,2021,9,Medical,13.67
Lincoln Park,2023,5,Fire,7.4
Near North Side,2022,5,Medical,5.31
Humboldt Park,2019,3,Medical,8.43
Beverly,2019,12,Police,8.65
Mount Greenwood,2019,3,Medical,8.91
West Town,2022,9,Police,10.47
Riverdale,2020,3,Medical,13.01
Woodlawn,2019,3,Medical,8.41
Chatham,2019,9,Medical,6.34
Auburn Gresham,2019,4,Police,11.11
Lake View,2020,6,Police,4.74
Chatham,2022,1,Police,10.91
West Pullman,2022,11,Police,9.57
Lincoln Park,2024,2,Fire,5.97
West Ridge,2024,11,Police,10.43
Lincoln Park,2020,3,Police,3.37
Lincoln Square,2023,2,Medical,8.05
Chatham,2021,11,Fire,9.83
Washington Park,2020,10,Fire,9.86
Jefferson Park,2021,3,Medical,9.18
Uptown,2022,12,Medical,9.98
Hyde Park,2021,5,Fire,7.37
Woodlawn,2024,12,Fire,13.18
Greater Grand Crossing,2019,1,Medical,10.52
West Pullman,2021,1,Police,9.19
Rogers Park,2024,11,Medical,9.92
Austin,2021,7,Police,13.27
Portage Park,2022,9,Police,11.26
Hyde Park,2023,9,Police,6.51
Mount Greenwood,2021,7,Medical,4.0
Rogers Park,2022,11,Police,13.58
Hyde Park,2019,11,Medical,5.55
South Shore,2021,2,Medical,8.33
Jefferson Park,2021,11,Police,8.99
Douglas,2019,7,Police,7.14
Edison Park,2024,12,Medical,8.06
Woodlawn,2024,9,Fire,8.81
Washington Heights,2024,7,Medical,6.1
Near West Side,2020,2,Police,9.34
Washington Park,2023,7,Police,7.21
Beverly,2019,4,Police,7.34
Near South Side,2024,8,Medical,7.92
Kenwood,2019,3,Medical,11.49
Kenwood,2019,12,Medical,6.2
Near West Side,2020,5,Police,11.46
West Ridge,2019,3,Police,10.34
Humboldt Park,2020,7,Police,7.58
West Pullman,2023,3,Medical,11.59
West Pullman,2020,10,Police,10.4
South Shore,2023,5,Police,7.45
Washington Heights,2023,1,Medical,10.35
Mount Greenwood,2023,4,Medical,4.49
Mount Greenwood,2022,6,Police,9.08
Logan Square,2023,2,Fire,7.84
Irving Park,2020,6,Police,7.72
Edison Park,2022,10,Medical,4.43
West Town,2019,7,Fire,15.02
Hyde Park,2019,8,Police,8.9
Irving Park,2021,3,Police,7.84
Woodlawn,2023,12,Police,11.59
North Lawndale,2021,10,Medical,7.82
Greater Grand Crossing,2023,11,Medical,7.49
Woodlawn,2023,3,Medical,11.3
Jefferson Park,2024,5,Police,10.44
Washington Heights,2020,3,Police,11.03
Rogers Park,2020,9,Police,5.8
Near North Side,2019,7,Police,7.05
Hyde Park,2022,5,Medical,10.41
Near North Side,2019,5,Police,6.49
Near North Side,2023,1,Police,6.05
Edison Park,2024,9,Medical,6.11
Austin,2022,2,Police,14.92
Uptown,2021,7,Medical,6.67
Albany Park,2023,7,Medical,7.12
Near North Side,2020,2,Medical,1.82
Near South Side,2019,8,Medical,10.98
Auburn Gresham,2019,8,Police,11.26
Pullman,2021,9,Medical,8.03
Grand Boulevard,2019,2,Police,7.89
Woodlawn,2019,1,Police,15.03
Douglas,2022,9,Police,8.01
Washington Heights,2023,3,Medical,8.53
Woodlawn,2022,10,Medical,11.53
Lincoln Square,2022,2,Medical,6.94
Kenwood,2019,10,Police,13.6
Grand Boulevard,2023,2,Medical,12.28
Near West Side,2019,2,Fire,6.82
Uptown,2024,8,Fire,7.32
Woodlawn,2024,3,Police,9.02
Uptown,2019,1,Police,11.45
South Shore,2022,8,Medical,12.33
West Garfield Park,2024,2,Medical,13.6
Pullman,2020,6,Medical,9.92
Albany Park,2024,8,Police,6.21
Douglas,2020,10,Medical,9.22
Roseland,2022,9,Medical,10.12
Near South Side,2022,1,Police,13.21
Greater Grand Crossing,2019,9,Medical,9.04
Grand Boulevard,2023,8,Police,16.74
Beverly,2024,6,Medical,4.25
Irving Park,2019,12,Police,9.12
Washington Park,2019,5,Police,9.45
Loop,2021,6,Medical,6.34
Near North Side,2019,2,Police,6.95
Chatham,2023,11,Police,8.93
Chatham,2019,3,Police,11.93
Logan Square,2022,9,Police,14.1
Uptown,2023,3,Police,3.79
West Ridge,2024,10,Police,9.4
Austin,2022,7,Police,10.41
Roseland,2021,11,Police,13.47
Beverly,2021,4,Medical,5.46
Lincoln Park,2023,12,Medical,5.7
Near North Side,2024,11,Medical,4.37
Lake View,2020,9,Fire,8.44
Near North Side,2020,12,Police,4.15
Englewood,2023,4,Fire,11.88
West Pullman,2023,10,Medical,9.44
Logan Square,2022,10,Medical,10.73
Roseland,2021,6,Medical,7.72
Washington Park,2023,12,Fire,10.36
Near South Side,2019,2,Police,6.2
Near South Side,2022,7,Police,13.75
South Shore,2021,3,Medical,9.11
Loop,2022,1,Police,5.76
Englewood,2021,12,Fire,7.14
Lake View,2019,7,Police,5.67
North Lawndale,2021,5,Police,12.77
Washington Heights,2022,11,Police,11.7
Portage Park,2021,12,Fire,10.47
West Garfield Park,2022,7,Medical,7.59
Douglas,2023,1,Police,15.07
Auburn Gresham,2019,5,Medical,7.49
Loop,2022,2,Police,10.01
Lincoln Park,2020,1,Medical,2.04
Englewood,2020,6,Police,14.66
Humboldt Park,2024,12,Medical,9.06
Grand Boulevard,2024,5,Fire,11.18
Loop,2021,4,Police,5.43
Logan Square,2023,1,Medical,8.64
Morgan Park,2023,5,Medical,8.16
West Pullman,2020,7,Police,8.2
Hyde Park,2021,1,Medical,8.63
Humboldt Park,2023,4,Police,10.32
Greater Grand Crossing,2023,6,Police,7.04
Edison Park,2021,8,Fire,5.94
Mount Greenwood,2022,7,Police,9.53
Douglas,2020,7,Police,7.67
Douglas,2024,8,Medical,8.65
Austin,2023,7,Police,8.94
Woodlawn,2022,4,Medical,7.79
Albany Park,2022,11,Medical,8.88
Washington Park,2022,6,Police,7.71
Pullman,2022,12,Medical,13.32
Near South Side,2019,2,Medical,12.35
Woodlawn,2019,8,Fire,11.95
West Garfield Park,2024,3,Medical,10.5
Riverdale,2021,4,Medical,10.38
Pullman,2020,2,Medical,5.71
Hyde Park,2021,9,Medical,5.34
Near South Side,2019,2,Medical,9.03
Greater Grand Crossing,2021,6,Police,9.33
Rogers Park,2021,3,Medical,9.97
Lincoln Square,2022,12,Medical,8.93
Lincoln Square,2023,6,Fire,10.04
Hyde Park,2019,4,Police,4.79
Lincoln Square,2019,8,Police,11.18
Jefferson Park,2021,3,Medical,10.2
Roseland,2023,8,Medical,6.81
Lincoln Square,2021,3,Medical,7.76
Lake View,2020,5,Fire,6.02
Grand Boulevard,2019,11,Police,12.52
Austin,2022,2,Police,10.64
Douglas,2022,6,Medical,10.03
Auburn Gresham,2022,7,Police,13.77
Edison Park,2024,8,Police,10.91
Riverdale,2024,4,Police,15.37
Beverly,2019,9,Police,4.27
Austin,2019,2,Police,14.84
Lake View,2022,8,Medical,5.37
Austin,2019,6,Police,9.79
Near North Side,2022,4,Medical,7.7
Rogers Park,2020,2,Medical,11.92
Jefferson Park,2020,4,Medical,10.48
North Lawndale,2020,3,Medical,7.72
Uptown,2021,4,Police,13.24
Kenwood,2021,4,Medical,10.98
South Shore,2023,11,Medical,9.91
Albany Park,2023,7,Medical,8.47
Jefferson Park,2023,1,Medical,8.27
Logan Square,2020,9,Police,10.71
West Englewood,2020,5,Police,12.62
Grand Boulevard,2020,3,Police,9.46
West Garfield Park,2019,7,Fire,8.16
Near North Side,2019,7,Police,5.99
Austin,2020,8,Police,13.63
Mount Greenwood,2022,10,Medical,4.67
Greater Grand Crossing,2023,4,Medical,6.48
Loop,2021,9,Medical,7.23
Kenwood,2023,2,Medical,12.0
Lake View,2022,6,Police,4.83
Lincoln Park,2024,3,Police,6.25
South Shore,2019,8,Medical,11.31
Lake View,2020,8,Medical,4.13
Washington Heights,2019,6,Medical,13.94
Beverly,2019,4,Police,11.42
West Ridge,2022,8,Police,6.12
Washington Heights,2019,6,Police,6.36
Near South Side,2019,12,Police,7.16
Mount Greenwood,2023,9,Medical,5.38
Auburn Gresham,2023,7,Medical,10.56
North Lawndale,2024,9,Medical,11.3
Irving Park,2022,8,Police,11.05
West Garfield Park,2020,4,Police,13.39
Auburn Gresham,2023,12,Medical,5.39
Beverly,2024,6,Medical,6.95
West Town,2019,7,Medical,9.71
Near North Side,2024,4,Medical,3.87
Humboldt Park,2024,4,Police,13.47
Rogers Park,2021,10,Police,11.03
Beverly,2023,3,Police,7.04
Uptown,2024,10,Medical,5.03
Auburn Gresham,2024,6,Police,10.61
Pullman,2021,11,Medical,7.89
Logan Square,2020,2,Medical,11.18
North Lawndale,2019,11,Fire,7.5
West Garfield Park,2023,4,Police,11.03
West Garfield Park,2020,8,Medical,9.98
Portage Park,2022,3,Police,10.65
Loop,2020,12,Police,7.92
Albany Park,2022,8,Police,8.36
Chatham,2022,7,Medical,9.65
Englewood,2023,7,Fire,10.14
West Garfield Park,2021,11,Medical,13.33
Logan Square,2022,9,Fire,5.99
Washington Heights,2019,4,Police,9.74
Woodlawn,2023,11,Medical,8.49
Hyde Park,2024,8,Police,8.82
South Shore,2024,2,Fire,10.51
Logan Square,2022,3,Police,10.26
Irving Park,2023,4,Police,11.91
South Shore,2019,9,Medical,14.31
West Ridge,2023,1,Police,7.52
Auburn Gresham,2023,7,Fire,9.08
Englewood,2024,2,Police,5.09
Grand Boulevard,2022,5,Police,8.98
Chatham,2020,1,Medical,11.49
West Englewood,2023,6,Medical,7.4
Portage Park,2022,12,Fire,10.18
Riverdale,2024,3,Police,16.34
Portage Park,2019,6,Medical,8.67
Jefferson Park,2019,8,Fire,4.86
Humboldt Park,2020,8,Medical,6.79
Jefferson Park,2019,12,Police,10.23
Washington Heights,2022,4,Police,10.81
Uptown,2020,7,Fire,7.14
Chatham,2024,12,Medical,6.66
Near West Side,2022,6,Police,10.27
Greater Grand Crossing,2024,2,Police,12.77
West Pullman,2024,6,Medical,7.69
Near North Side,2020,2,Police,6.41
South Shore,2020,4,Medical,9.8
North Lawndale,2022,5,Medical,8.65
Lake View,2020,9,Police,5.07
Grand Boulevard,2022,3,Police,12.1
Douglas,2019,12,Medical,9.27
Hyde Park,2019,5,Police,8.61
Irving Park,2023,2,Police,10.21
Mount Greenwood,2021,3,Police,7.65
Near West Side,2021,5,Medical,6.77
Rogers Park,2019,7,Police,12.07
Uptown,2023,6,Police,8.74
Woodlawn,2021,2,Police,13.13
North Lawndale,2022,9,Medical,11.7
Roseland,2022,8,Fire,10.51
West Ridge,2020,9,Police,9.97
Lake View,2021,9,Fire,7.75
Chatham,2024,5,Police,9.57
Riverdale,2022,11,Medical,8.51
Loop,2021,7,Medical,3.07
Roseland,2020,7,Medical,5.81
Lake View,2019,10,Medical,5.75
Near South Side,2023,9,Medical,8.07
West Town,2024,9,Police,10.02
Loop,2020,6,Medical,7.08
Edison Park,2020,3,Medical,5.75
Pullman,2020,8,Police,12.55
Irving Park,2023,1,Medical,6.26
Near South Side,2022,10,Police,13.1
Roseland,2021,11,Police,13.33
Woodlawn,2019,4,Medical,8.33
Hyde Park,2019,10,Medical,6.67
Riverdale,2024,2,Medical,13.8
Hyde Park,2023,5,Police,8.92
Hyde Park,2019,12,Medical,5.69
Greater Grand Crossing,2024,12,Police,10.66
Mount Greenwood,2024,7,Medical,8.52
Rogers Park,2023,11,Medical,7.1
West Town,2023,1,Fire,11.01
Rogers Park,2021,4,Medical,8.06
Portage Park,2021,3,Medical,8.93
West Ridge,2023,4,Medical,11.03
Rogers Park,2021,6,Fire,9.27
Pullman,2022,10,Medical,9.26
Austin,2020,6,Police,9.28
Douglas,2019,12,Fire,7.39
North Lawndale,2019,1,Medical,7.74
West Garfield Park,2019,3,Fire,13.8
Roseland,2019,1,Police,10.49
Albany Park,2022,1,Police,8.92
West Englewood,2022,1,Medical,10.88
Near South Side,2020,3,Fire,9.05
Austin,2023,2,Police,12.64
Lincoln Park,2021,12,Medical,5.04
Uptown,2020,4,Medical,9.94
Morgan Park,2019,7,Fire,8.15
Near South Side,2021,11,Police,10.96
Logan Square,2020,11,Medical,10.58
North Lawndale,2019,2,Fire,6.87
Kenwood,2020,2,Police,9.03
Woodlawn,2019,12,Medical,8.31
Lincoln Square,2024,12,Police,8.07
Douglas,2019,11,Police,8.87
Kenwood,2024,7,Police,6.47
Mount Greenwood,2022,12,Police,6.89
Albany Park,2019,9,Police,9.37
West Ridge,2020,11,Medical,7.67
Mount Greenwood,2021,3,Police,7.26
Lincoln Park,2022,10,Medical,4.5
North Lawndale,2024,8,Police,10.48
West Garfield Park,2021,6,Police,9.81
Beverly,2024,6,Fire,9.22
Grand Boulevard,2023,3,Police,9.47
Roseland,2021,10,Police,8.66
Near South Side,2023,9,Police,10.29
Albany Park,2023,9,Police,10.81
Logan Square,2022,4,Medical,6.73
Irving Park,2021,10,Police,10.17
Jefferson Park,2024,12,Medical,11.48
Lincoln Square,2019,6,Police,7.43
Washington Heights,2022,5,Police,11.15
Kenwood,2022,4,Medical,9.39
Englewood,2019,2,Medical,10.05
Washington Heights,2021,4,Fire,8.33
Morgan Park,2024,7,Fire,5.95
Lake View,2022,3,Medical,7.87
West Town,2023,3,Medical,8.4
Lincoln Square,2019,11,Police,7.9
Washington Heights,2024,3,Medical,6.71
Edison Park,2020,9,Medical,3.45
Kenwood,2022,1,Medical,8.39
South Shore,2024,5,Medical,8.82
Woodlawn,2023,9,Fire,12.4
Rogers Park,2021,7,Medical,6.77
Englewood,2021,12,Medical,10.8
West Garfield Park,2019,12,Fire,9.7
Auburn Gresham,2023,1,Medical,8.69
Beverly,2019,4,Police,6.73
Hyde Park,2022,6,Fire,5.11
Kenwood,2019,5,Medical,9.25
Washington Heights,2020,2,Medical,9.78
Near South Side,2019,1,Medical,5.51
Roseland,2019,11,Police,10.98
Logan Square,2022,4,Medical,7.29
Auburn Gresham,2023,12,Medical,8.1
Uptown,2024,10,Police,12.05
West Pullman,2024,5,Fire,10.03
West Englewood,2020,4,Police,11.54
Near West Side,2019,3,Police,11.41
Humboldt Park,2022,10,Medical,7.95
Douglas,2022,8,Medical,8.62
West Garfield Park,2024,12,Fire,10.21
Lincoln Square,2022,6,Medical,7.43
Mount Greenwood,2023,11,Police,4.67
Near West Side,2019,12,Medical,6.0
Auburn Gresham,2021,3,Police,10.46
West Ridge,2024,6,Police,9.24
West Town,2024,10,Police,10.21
West Ridge,2020,8,Medical,10.98
Portage Park,2021,7,Fire,8.82
Grand Boulevard,2023,1,Police,10.47
Albany Park,2024,6,Fire,8.62
Uptown,2019,1,Medical,6.49
Lake View,2021,4,Medical,4.46
Uptown,2021,10,Medical,5.79
Beverly,2024,3,Medical,9.58
Logan Square,2021,7,Medical,13.28
Near West Side,2020,2,Medical,4.53
Mount Greenwood,2019,12,Police,12.52
West Englewood,2022,4,Medical,8.87
Kenwood,2019,5,Medical,12.94
Kenwood,2024,2,Medical,10.75
West Garfield Park,2021,9,Police,14.02
Mount Greenwood,2019,2,Medical,7.05
Albany Park,2022,6,Police,9.57
West Ridge,2020,12,Police,8.74
Grand Boulevard,2019,8,Medical,7.31
Lincoln Park,2019,12,Medical,1.92
West Ridge,2020,7,Police,7.81
Near South Side,2020,6,Medical,7.52
West Englewood,2024,8,Medical,9.29
Chatham,2021,5,Medical,7.0
Near North Side,2021,10,Medical,4.09
Chatham,2024,9,Police,10.39
Auburn Gresham,2020,2,Medical,11.0
Grand Boulevard,2022,6,Medical,13.15
Riverdale,2021,12,Police,11.44
Edison Park,2022,10,Medical,6.28
Irving Park,2020,12,Medical,8.75
Albany Park,2019,12,Police,12.45
West Town,2024,11,Medical,10.8
Kenwood,2020,7,Fire,9.31
Hyde Park,2020,9,Medical,10.3
Washington Heights,2023,5,Medical,5.84
Uptown,2020,6,Police,10.55
West Ridge,2021,9,Police,9.68
Lincoln Park,2019,10,Fire,4.67
Near South Side,2022,6,Medical,7.19
Jefferson Park,2023,11,Fire,7.93
Albany Park,2024,12,Police,12.33
Greater Grand Crossing,2021,1,Police,9.61
Uptown,2019,4,Medical,7.34
Morgan Park,2022,4,Medical,9.41
Kenwood,2019,3,Police,8.15
Douglas,2021,8,Fire,9.34
Humboldt Park,2024,6,Medical,7.02
Woodlawn,2024,7,Medical,5.12
Riverdale,2019,9,Medical,10.52
Douglas,2020,8,Police,11.79
Chatham,2019,3,Fire,10.21
Near West Side,2020,4,Police,7.08
Near West Side,2024,1,Medical,11.88
Lincoln Park,2021,4,Medical,4.73
Near West Side,2023,12,Police,7.33
Logan Square,2020,9,Police,7.63
Hyde Park,2024,5,Medical,10.76
Douglas,2019,3,Police,10.91
Near South Side,2024,2,Medical,6.16
Greater Grand Crossing,2019,6,Medical,9.69
West Ridge,2019,4,Police,6.59
Roseland,2024,6,Fire,7.78
Woodlawn,2021,3,Police,8.71
Near North Side,2022,3,Fire,4.96
Loop,2019,1,Medical,4.43
Pullman,2019,9,Police,8.73
Grand Boulevard,2020,7,Medical,8.48
Logan Square,2023,9,Police,8.86
West Garfield Park,2024,11,Fire,11.3
Lincoln Square,2019,1,Medical,9.31
Humboldt Park,2021,8,Medical,12.19
Loop,2022,2,Police,6.04
Logan Square,2022,3,Police,9.67
Uptown,2022,1,Police,11.66
Hyde Park,2021,7,Medical,8.38
Hyde Park,2022,12,Medical,6.15
North Lawndale,2024,11,Police,8.65
West Pullman,2022,5,Medical,6.16
Humboldt Park,2020,11,Fire,6.98
Uptown,2022,3,Medical,10.13
Rogers Park,2020,4,Police,8.5
Hyde Park,2020,12,Medical,6.02
Kenwood,2020,12,Police,8.43
West Englewood,2021,10,Medical,9.27
Humboldt Park,2019,6,Police,9.63
Uptown,2023,6,Police,16.38
Logan Square,2024,2,Police,6.83
Humboldt Park,2024,7,Medical,11.04
Near South Side,2022,12,Police,9.53
Hyde Park,2023,2,Fire,9.01
Uptown,2019,9,Medical,10.65
Mount Greenwood,2020,2,Police,8.35
Lincoln Square,2020,5,Police,11.85
Greater Grand Crossing,2020,8,Police,11.06
Rogers Park,2020,8,Police,12.01
Mount Greenwood,2022,11,Medical,5.42
Riverdale,2019,4,Police,12.5
Near North Side,2019,7,Police,4.6
Portage Park,2019,8,Fire,9.18
Woodlawn,2023,8,Medical,14.5
Humboldt Park,2024,5,Police,7.37
Douglas,2020,10,Medical,6.2
Austin,2021,2,Medical,13.57
Irving Park,2024,2,Fire,9.2
Albany Park,2019,5,Police,10.25
Kenwood,2023,4,Medical,8.01
North Lawndale,2022,4,Medical,11.65
Douglas,2020,3,Medical,9.34
Jefferson Park,2023,9,Police,12.98
West Garfield Park,2024,8,Fire,8.22
Beverly,2021,4,Police,8.87
Mount Greenwood,2021,7,Police,7.07
Logan Square,2022,8,Medical,11.61
Auburn Gresham,2019,6,Medical,8.19
Lincoln Park,2019,2,Police,4.58
Near South Side,2023,8,Police,11.96
Greater Grand Crossing,2024,3,Medical,11.55
Near North Side,2023,4,Medical,3.69
Greater Grand Crossing,2024,4,Medical,9.07
Washington Park,2019,7,Medical,6.02
Portage Park,2019,8,Police,13.64
Humboldt Park,2023,9,Police,8.66
Chatham,2020,1,Fire,7.75
Albany Park,2024,1,Medical,9.63
Lake View,2024,12,Medical,4.55
Edison Park,2021,7,Medical,7.79
Lake View,2021,4,Medical,7.33
Kenwood,2022,10,Police,10.92
Mount Greenwood,2021,8,Police,9.25
Hyde Park,2024,5,Medical,6.46
Lincoln Park,2023,1,Police,7.22
Austin,2020,2,Police,11.65
Greater Grand Crossing,2023,10,Police,14.54
Irving Park,2019,3,Medical,6.65
Portage Park,2024,2,Police,5.73
Uptown,2019,9,Police,10.11
Auburn Gresham,2024,7,Police,13.78
Lincoln Park,2021,2,Medical,6.65
Near West Side,2020,7,Medical,9.33
North Lawndale,2024,12,Police,8.44
Austin,2022,12,Police,13.48
Grand Boulevard,2023,10,Police,12.18
Auburn Gresham,2022,1,Medical,10.54
Jefferson Park,2022,5,Police,8.76
Uptown,2022,5,Police,12.02
Edison Park,2022,9,Fire,4.26
Beverly,2023,4,Medical,6.3
Lincoln Square,2019,4,Medical,8.99
Irving Park,2023,6,Medical,12.05
Pullman,2019,11,Fire,6.53
Washington Park,2019,2,Medical,8.24
Austin,2023,10,Police,10.39
Humboldt Park,2023,6,Medical,5.49
Logan Square,2023,7,Medical,5.12
Morgan Park,2024,4,Police,11.95
Near North Side,2019,10,Medical,3.85
Irving Park,2023,9,Fire,11.05
Auburn Gresham,2020,5,Medical,10.82
Lincoln Square,2021,3,Police,9.77
West Ridge,2021,9,Medical,6.7
West Englewood,2020,1,Fire,10.83
Uptown,2021,8,Medical,7.63
Lincoln Square,2019,1,Medical,9.4
Beverly,2023,10,Police,8.35
Irving Park,2023,8,Medical,6.84
Near West Side,2024,5,Police,10.39
Albany Park,2023,7,Police,11.68
Rogers Park,2020,8,Police,12.49
West Garfield Park,2020,11,Medical,11.61
Austin,2019,12,Medical,11.04
Jefferson Park,2020,1,Medical,8.8
Jefferson Park,2024,1,Police,12.45
Jefferson Park,2023,7,Medical,8.62
Irving Park,2024,1,Fire,9.15
Morgan Park,2019,4,Police,7.33
West Town,2019,6,Medical,8.42
West Ridge,2023,2,Police,9.83
Portage Park,2022,10,Police,12.58
Portage Park,2023,5,Police,11.55
Edison Park,2019,10,Police,10.27
West Pullman,2022,10,Medical,5.35
Lincoln Park,2023,11,Medical,3.21
Loop,2023,11,Medical,7.0
Washington Heights,2022,10,Police,11.25
West Englewood,2022,11,Fire,9.77
Edison Park,2021,6,Medical,6.08
Englewood,2024,5,Medical,9.68
Near West Side,2022,10,Medical,4.39
Near North Side,2020,8,Police,11.37
Pullman,2022,11,Medical,9.3
North Lawndale,2019,4,Medical,11.9
Mount Greenwood,2022,8,Fire,8.52
Humboldt Park,2023,11,Medical,10.71
Washington Heights,2020,3,Fire,7.26
Greater Grand Crossing,2022,7,Police,10.23
West Garfield Park,2020,12,Police,8.43
Auburn Gresham,2024,5,Police,11.54
Jefferson Park,2021,12,Police,7.44
Loop,2020,5,Medical,3.96
South Shore,2023,6,Police,10.64
Loop,2021,12,Police,3.54
Morgan Park,2022,5,Medical,6.52
Greater Grand Crossing,2024,1,Fire,13.28
Woodlawn,2024,9,Medical,9.28
Edison Park,2024,11,Medical,4.91
West Pullman,2020,4,Fire,3.93
Rogers Park,2021,5,Police,12.76
West Garfield Park,2022,1,Medical,7.49
Jefferson Park,2024,3,Police,9.33
Loop,2024,3,Fire,6.43
West Pullman,2024,8,Police,12.8
West Ridge,2024,11,Police,8.12
West Pullman,2022,8,Medical,8.57
Jefferson Park,2020,9,Fire,9.51
Roseland,2024,10,Police,9.93
Loop,2024,7,Medical,9.09
Beverly,2020,6,Fire,8.25
Rogers Park,2021,8,Medical,9.0
Lake View,2020,3,Medical,4.9
West Englewood,2022,10,Medical,12.58
Greater Grand Crossing,2023,10,Police,9.0
Rogers Park,2021,10,Police,10.79
Humboldt Park,2023,8,Fire,11.01
Jefferson Park,2024,3,Fire,5.9
Roseland,2023,2,Police,12.0
Kenwood,2022,9,Medical,10.25
Lincoln Square,2023,1,Police,13.98
Humboldt Park,2019,10,Police,12.44
Washington Park,2021,10,Fire,6.51
Lincoln Square,2022,2,Medical,9.21
Washington Park,2020,7,Police,7.07
Albany Park,2022,1,Medical,9.65
West Englewood,2020,12,Police,8.39
Near North Side,2022,5,Police,5.3
Logan Square,2019,12,Fire,9.62
Lincoln Square,2021,9,Medical,2.61
Greater Grand Crossing,2024,9,Police,9.46
Humboldt Park,2024,11,Police,10.79
North Lawndale,2023,4,Medical,9.7
Edison Park,2022,10,Police,5.06
West Pullman,2021,2,Medical,9.14
Woodlawn,2021,9,Medical,15.97
Auburn Gresham,2021,11,Fire,12.63
Grand Boulevard,2021,4,Police,10.74
Near North Side,2021,3,Medical,6.43
Irving Park,2023,3,Medical,12.14
Washington Park,2024,7,Police,9.92
Uptown,2023,12,Fire,6.85
Hyde Park,2022,2,Fire,12.09
Lincoln Square,2024,5,Police,8.78
Greater Grand Crossing,2024,2,Medical,11.8
West Town,2020,7,Police,4.91
West Pullman,2022,7,Fire,9.67
Chatham,2021,3,Police,9.58
Albany Park,2020,3,Police,10.37
Near South Side,2024,8,Police,11.23
Austin,2022,7,Police,12.76
Near West Side,2020,4,Fire,8.0
Chatham,2024,2,Medical,7.91
North Lawndale,2023,12,Medical,11.76
Austin,2021,3,Medical,9.35
Rogers Park,2020,11,Police,13.95
West Ridge,2019,11,Medical,7.37
West Town,2021,11,Police,11.54
Washington Heights,2023,3,Police,10.73
South Shore,2023,5,Police,6.88
Rogers Park,2022,7,Fire,5.67
Lake View,2024,4,Police,3.39
Douglas,2019,1,Police,8.1
Greater Grand Crossing,2020,3,Fire,8.19
Logan Square,2022,3,Medical,9.85
Rogers Park,2023,1,Police,18.46
Austin,2020,8,Police,10.78
Morgan Park,2023,4,Medical,7.91
Douglas,2023,5,Police,10.8
West Pullman,2019,3,Fire,9.22
Austin,2021,4,Police,15.01
West Town,2020,1,Medical,10.16
Irving Park,2019,4,Medical,4.57
Rogers Park,2024,2,Police,9.95
West Garfield Park,2023,10,Medical,13.93
Morgan Park,2023,6,Medical,10.29
South Shore,2019,2,Medical,11.99
Near North Side,2024,9,Fire,3.99
Jefferson Park,2020,2,Medical,10.36
Douglas,2023,4,Fire,11.17
Hyde Park,2024,4,Medical,8.08
Irving Park,2020,12,Police,7.52
Near North Side,2019,11,Medical,4.38
West Town,2023,1,Police,12.7
Beverly,2022,11,Police,2.16
Near South Side,2022,7,Police,8.58
Humboldt Park,2023,1,Police,8.89
West Ridge,2021,8,Police,8.49
Edison Park,2023,3,Fire,9.25
Lincoln Park,2023,8,Police,3.78
Auburn Gresham,2023,8,Medical,8.95
Auburn Gresham,2019,10,Medical,10.38
Riverdale,2023,12,Fire,11.54
Morgan Park,2023,10,Police,12.42
Lincoln Park,2019,5,Medical,5.5
Hyde Park,2023,3,Police,7.91
Washington Heights,2022,11,Medical,9.93
Morgan Park,2022,11,Police,7.89
Auburn Gresham,2024,12,Police,5.82
Humboldt Park,2023,11,Police,9.73
Auburn Gresham,2019,9,Police,13.1
Edison Park,2023,1,Fire,9.52
Washington Heights,2023,1,Medical,7.15
Logan Square,2024,2,Medical,11.52
Logan Square,2020,10,Police,12.01
Mount Greenwood,2024,6,Medical,6.34
South Shore,2021,2,Medical,7.82
North Lawndale,2019,4,Fire,11.45
Near West Side,2021,6,Medical,7.25
Beverly,2020,2,Medical,4.04
West Pullman,2021,4,Medical,8.39
Douglas,2023,7,Medical,11.07
West Ridge,2022,1,Police,10.11
Logan Square,2019,9,Medical,6.54
Grand Boulevard,2019,10,Fire,7.88
Washington Park,2023,10,Medical,5.07
South Shore,2024,7,Police,8.79
Portage Park,2021,9,Medical,7.35
Riverdale,2019,7,Police,12.25
Kenwood,2024,11,Police,8.7
West Ridge,2020,1,Medical,8.53
Roseland,2020,7,Police,9.34
West Garfield Park,2021,11,Medical,9.38
Mount Greenwood,2020,9,Medical,7.69
Englewood,2022,8,Medical,4.81
Beverly,2023,12,Medical,5.46
Douglas,2019,4,Fire,8.14
Lake View,2024,5,Medical,5.76
Mount Greenwood,2023,3,Medical,4.73
Austin,2021,10,Medical,8.93
Logan Square,2023,10,Police,11.47
Hyde Park,2019,12,Medical,4.66
Pullman,2024,2,Police,11.16
Washington Heights,2019,3,Police,7.06
Grand Boulevard,2021,7,Police,9.91
Irving Park,2019,8,Police,11.43
Humboldt Park,2020,2,Medical,9.04
North Lawndale,2024,9,Medical,8.77
Woodlawn,2024,4,Medical,10.02
South Shore,2023,2,Medical,13.13
North Lawndale,2022,7,Medical,9.85
Austin,2022,11,Police,11.93
Austin,2022,2,Medical,8.14
Logan Square,2021,7,Medical,9.44
Chatham,2022,8,Medical,7.99
Jefferson Park,2024,9,Medical,6.32
Hyde Park,2024,12,Medical,7.73
South Shore,2023,12,Medical,6.84
Morgan Park,2019,11,Police,12.33
Logan Square,2020,1,Police,6.46
Greater Grand Crossing,2022,2,Fire,7.19
Jefferson Park,2022,2,Police,18.32
Humboldt Park,2022,7,Police,10.58
Irving Park,2020,6,Fire,9.11
West Pullman,2023,11,Police,6.08
Beverly,2022,9,Police,6.23
Uptown,2019,3,Fire,9.97
Austin,2021,8,Fire,11.35
Loop,2020,5,Medical,6.48
West Pullman,2023,5,Fire,7.65
Grand Boulevard,2024,10,Police,8.79
West Garfield Park,2019,11,Police,8.3
Austin,2020,12,Police,9.51
Beverly,2024,5,Medical,3.96
Edison Park,2020,8,Police,6.62
Near West Side,2021,7,Medical,10.85
Roseland,2021,11,Fire,10.92
Englewood,2024,12,Medical,11.94
Humboldt Park,2024,7,Medical,8.97
Douglas,2023,4,Fire,7.39
West Garfield Park,2022,6,Fire,7.8
West Town,2024,1,Medical,8.33
West Pullman,2021,6,Police,9.98
Logan Square,2023,5,Medical,9.2
Near South Side,2020,1,Medical,7.23
Mount Greenwood,2022,11,Medical,6.66
Riverdale,2019,1,Fire,11.39
Woodlawn,2020,3,Medical,8.14
West Englewood,2023,4,Fire,12.11
Austin,2019,1,Fire,7.6
South Shore,2020,12,Medical,10.96
Englewood,2021,10,Medical,9.64
Rogers Park,2023,7,Medical,8.03
Morgan Park,2019,2,Police,9.45
Pullman,2024,11,Police,11.05
Greater Grand Crossing,2021,4,Police,8.96
Riverdale,2024,12,Medical,12.52
Riverdale,2024,9,Medical,12.7
Washington Heights,2019,8,Medical,8.3
North Lawndale,2022,2,Police,10.35
Grand Boulevard,2022,11,Police,6.68
Grand Boulevard,2023,11,Fire,4.1
West Town,2019,9,Police,10.7
Hyde Park,2022,1,Medical,3.73
Roseland,2020,6,Police,7.81
Washington Park,2020,3,Police,10.84
Austin,2022,1,Police,9.21
Washington Heights,2024,8,Fire,10.37
Humboldt Park,2024,6,Medical,9.82
West Garfield Park,2022,4,Fire,13.95
Irving Park,2023,3,Medical,10.6
Chatham,2024,10,Police,8.79
West Pullman,2023,2,Medical,8.57
Kenwood,2020,5,Medical,8.81
Logan Square,2021,8,Medical,10.63
Loop,2019,12,Police,9.32
West Town,2021,8,Medical,10.96
Lincoln Square,2023,3,Police,11.05
Englewood,2024,9,Medical,8.31
South Shore,2021,10,Medical,5.85
West Ridge,2023,5,Police,11.46
Roseland,2021,7,Fire,6.35
Hyde Park,2020,11,Medical,5.61
Hyde Park,2023,9,Police,6.41
Loop,2020,7,Police,3.86
South Shore,2021,10,Police,15.9
Loop,2022,3,Police,7.06
Portage Park,2022,2,Medical,16.16
Albany Park,2019,12,Police,12.85
Grand Boulevard,2022,7,Medical,6.92
Auburn Gresham,2019,10,Police,10.51
Morgan Park,2021,8,Fire,18.38
Near West Side,2019,12,Medical,11.33
North Lawndale,2019,12,Medical,7.47
Woodlawn,2019,4,Medical,12.29
Lincoln Park,2020,1,Medical,3.66
Albany Park,2019,6,Police,13.82
West Ridge,2024,9,Medical,10.33
Kenwood,2023,4,Medical,12.4
Beverly,2021,3,Police,5.54
South Shore,2020,6,Police,13.64
South Shore,2023,6,Fire,7.47
Washington Heights,2021,4,Medical,6.86
West Ridge,2020,7,Fire,9.79
Lake View,2021,11,Medical,2.89
Portage Park,2022,2,Medical,8.15
Albany Park,2021,1,Medical,7.24
West Ridge,2022,11,Police,8.55
West Town,2022,6,Medical,6.34
Washington Heights,2024,3,Medical,9.16
Morgan Park,2021,3,Medical,6.59
Auburn Gresham,2022,1,Medical,11.07
Near North Side,2024,2,Police,5.41
Loop,2020,3,Police,7.6
Englewood,2022,1,Medical,11.75
West Englewood,2019,8,Fire,14.13
Englewood,2020,6,Police,11.32
Douglas,2024,9,Medical,7.45
Pullman,2020,1,Police,3.74
Grand Boulevard,2020,11,Police,11.41
Near West Side,2019,12,Fire,11.81
Lincoln Square,2019,4,Police,7.32
Kenwood,2019,4,Medical,9.09
Loop,2019,5,Police,7.67
Washington Heights,2024,11,Police,8.08
South Shore,2019,2,Police,14.13
Washington Heights,2024,1,Medical,8.81
West Garfield Park,2024,12,Police,11.42
Near West Side,2023,9,Medical,11.95
West Englewood,2023,5,Police,13.27
West Pullman,2019,8,Medical,11.43
Washington Heights,2024,12,Medical,11.11
West Englewood,2020,3,Medical,10.98
Roseland,2022,4,Police,8.92
West Garfield Park,2022,4,Fire,15.71
Chatham,2023,6,Medical,11.08
Lincoln Park,2019,4,Medical,6.78
West Garfield Park,2021,5,Police,12.16
West Garfield Park,2022,12,Medical,9.42
Humboldt Park,2024,5,Medical,8.89
Kenwood,2024,8,Medical,10.62
Auburn Gresham,2022,9,Medical,12.42
Mount Greenwood,2020,11,Medical,8.64
Washington Heights,2022,8,Medical,7.37
West Pullman,2023,12,Fire,11.88
Greater Grand Crossing,2019,5,Police,9.13
Auburn Gresham,2019,12,Police,10.21
Humboldt Park,2024,12,Medical,10.06
Woodlawn,2022,6,Police,13.26
Near West Side,2021,4,Medical,5.88
Pullman,2023,2,Police,8.47
Jefferson Park,2024,11,Medical,5.67
Beverly,2022,11,Police,6.24
West Garfield Park,2023,5,Police,12.27
Near West Side,2021,1,Medical,6.17
Lincoln Square,2024,1,Fire,11.01
Portage Park,2023,1,Medical,12.4
Douglas,2024,4,Police,10.28
Lincoln Square,2023,5,Police,13.1
West Garfield Park,2023,4,Fire,9.03
Edison Park,2024,6,Police,5.17
Englewood,2019,2,Medical,8.89
Portage Park,2021,5,Police,5.56
Pullman,2024,6,Police,13.01
Portage Park,2019,5,Medical,10.34
Beverly,2020,6,Medical,7.66
Near South Side,2022,8,Police,7.16
Roseland,2024,2,Police,10.02
Albany Park,2019,7,Police,10.11
Hyde Park,2024,6,Police,6.65
Woodlawn,2024,10,Police,9.6
Edison Park,2024,8,Medical,10.58
Washington Heights,2023,9,Police,6.65
Edison Park,2020,8,Medical,6.24
Edison Park,2021,5,Fire,5.24
Englewood,2021,4,Police,6.94
Austin,2024,3,Police,12.5
Morgan Park,2019,10,Police,6.99
Logan Square,2024,9,Medical,10.88
Grand Boulevard,2023,7,Medical,9.31
Irving Park,2023,1,Medical,7.85
Woodlawn,2024,3,Fire,9.85
Douglas,2021,12,Police,8.95
West Pullman,2023,3,Police,10.53
Woodlawn,2022,6,Fire,9.18
West Ridge,2019,2,Police,11.73
Riverdale,2019,4,Police,8.76
Hyde Park,2023,12,Medical,5.29
South Shore,2021,2,Fire,10.3
Near West Side,2024,5,Medical,8.99
Lake View,2022,4,Medical,2.92
Riverdale,2022,4,Fire,14.94
Loop,2024,12,Police,4.54
Roseland,2022,4,Police,7.83
Edison Park,2020,4,Police,9.29
Beverly,2023,5,Police,7.89
West Garfield Park,2022,2,Medical,8.98
Rogers Park,2023,6,Medical,7.91
Uptown,2021,1,Medical,8.73
Hyde Park,2021,10,Police,6.99
Pullman,2024,2,Police,11.13
Edison Park,2021,3,Medical,9.9
Edison Park,2020,2,Police,4.06
West Englewood,2021,3,Medical,12.91
Washington Heights,2023,8,Medical,7.9
South Shore,2019,3,Police,10.31
Lincoln Square,2019,11,Medical,5.44
Austin,2023,10,Police,11.07
Logan Square,2019,1,Police,9.79
Loop,2022,11,Police,7.07
Lake View,2019,8,Police,7.35
Auburn Gresham,2020,8,Fire,11.33
Loop,2021,7,Police,7.94
Kenwood,2019,4,Police,9.98
Greater Grand Crossing,2019,12,Medical,5.8
Englewood,2024,5,Medical,6.29
Englewood,2020,12,Police,15.51
Near West Side,2024,12,Medical,10.12
West Garfield Park,2020,11,Police,13.1
Lake View,2019,10,Medical,7.99
Washington Park,2022,6,Medical,5.39
North Lawndale,2019,6,Police,10.64
Edison Park,2022,7,Police,9.25
Woodlawn,2024,4,Police,11.25
West Town,2021,8,Medical,7.27
Logan Square,2023,2,Medical,11.37
Austin,2021,9,Police,10.56
Douglas,2019,6,Medical,9.12
Loop,2019,12,Medical,5.73
Logan Square,2022,1,Medical,9.41
Loop,2020,1,Medical,3.02
West Ridge,2024,8,Medical,9.94
West Englewood,2024,10,Medical,7.32
Near West Side,2024,10,Medical,9.97
Auburn Gresham,2022,7,Medical,10.38
Lincoln Park,2020,3,Police,8.47
Humboldt Park,2020,8,Medical,10.74
Lincoln Square,2020,8,Police,15.25
Douglas,2020,7,Police,8.47
Washington Heights,2019,5,Police,9.93
Greater Grand Crossing,2023,8,Medical,13.83
Englewood,2024,5,Medical,8.26
Woodlawn,2023,1,Police,18.54
Near North Side,2021,8,Medical,6.87
Uptown,2021,7,Police,10.16
Riverdale,2021,7,Police,13.52
West Ridge,2022,2,Police,5.95
Austin,2021,11,Police,14.65
Washington Park,2024,12,Medical,7.65
West Town,2021,12,Medical,9.82
Kenwood,2021,12,Fire,6.72
West Town,2019,3,Police,8.7
Pullman,2021,12,Police,9.36
Humboldt Park,2023,3,Police,12.14
Humboldt Park,2019,12,Police,13.79
Lincoln Park,2020,12,Police,4.31
Humboldt Park,2022,11,Police,11.18
West Garfield Park,2019,10,Fire,10.41
North Lawndale,2019,6,Police,8.01
Loop,2023,6,Medical,2.29
West Garfield Park,2024,3,Medical,12.76
Austin,2024,11,Police,9.25
Mount Greenwood,2021,5,Police,8.24
Washington Heights,2020,9,Police,13.44
West Pullman,2023,7,Medical,9.47
Jefferson Park,2023,9,Medical,8.05
Woodlawn,2019,2,Medical,11.04
Riverdale,2020,10,Medical,12.53
Albany Park,2023,10,Medical,12.18
West Garfield Park,2024,1,Medical,10.26
Greater Grand Crossing,2022,2,Police,9.66
West Garfield Park,2022,6,Medical,7.59
North Lawndale,2023,10,Police,9.57
Grand Boulevard,2019,7,Medical,7.51
Englewood,2022,8,Medical,10.06
Edison Park,2019,11,Police,9.61
Logan Square,2021,6,Police,3.01
Grand Boulevard,2021,6,Police,11.66
Loop,2019,3,Fire,7.98
Douglas,2023,9,Police,10.96
Grand Boulevard,2021,11,Police,6.85
Morgan Park,2024,2,Medical,10.19
West Englewood,2021,11,Fire,7.14
Uptown,2024,5,Medical,10.27
Englewood,2022,3,Fire,9.0
Riverdale,2023,1,Medical,10.17
West Garfield Park,2019,2,Medical,12.53
Near West Side,2021,6,Medical,7.18
Roseland,2023,10,Fire,10.92
Grand Boulevard,2021,1,Medical,9.48
West Town,2022,11,Medical,6.97
Humboldt Park,2023,2,Medical,8.03
West Ridge,2020,10,Medical,13.27
Washington Heights,2022,5,Medical,9.07
North Lawndale,2019,1,Medical,8.07
Lincoln Park,2023,11,Police,2.74
West Pullman,2024,11,Medical,10.34
Near South Side,2021,10,Police,8.68
Mount Greenwood,2024,4,Medical,5.7
South Shore,2023,5,Medical,9.62
Woodlawn,2019,5,Police,10.2
West Ridge,2024,5,Police,11.87
Riverdale,2024,10,Medical,5.9
Austin,2024,9,Police,12.26
Washington Heights,2023,9,Medical,10.56
Douglas,2021,5,Fire,10.02
Logan Square,2024,6,Medical,7.74
West Ridge,2022,8,Medical,8.08
Humboldt Park,2022,12,Police,12.36
Beverly,2021,7,Medical,6.89
Morgan Park,2020,6,Medical,7.63
South Shore,2020,4,Medical,8.17
Near North Side,2022,3,Medical,8.57
North Lawndale,2024,4,Police,10.36
Morgan Park,2019,3,Medical,10.72
Greater Grand Crossing,2023,8,Police,13.39
Morgan Park,2021,6,Police,9.46
Greater Grand Crossing,2019,6,Fire,16.17
Lincoln Square,2024,1,Medical,5.75
Roseland,2023,5,Police,18.15
Kenwood,2022,8,Medical,12.79
Loop,2021,11,Police,9.12
Pullman,2019,2,Police,9.41
Kenwood,2023,3,Fire,4.24
Near North Side,2022,12,Police,9.85
Hyde Park,2022,9,Medical,8.24
Logan Square,2023,12,Medical,8.02
Edison Park,2020,4,Medical,6.42
Lake View,2020,11,Police,6.14
Logan Square,2023,10,Medical,9.52
Chatham,2023,12,Police,7.94
Loop,2023,5,Police,7.56
Humboldt Park,2022,12,Medical,12.38
West Pullman,2024,12,Medical,11.61
Woodlawn,2024,11,Medical,15.32
Washington Park,2021,7,Medical,8.94
Lincoln Square,2022,5,Police,13.01
Near South Side,2022,2,Medical,5.63
North Lawndale,2020,7,Police,12.41
Washington Heights,2023,11,Medical,10.31
West Town,2022,6,Police,9.42
Beverly,2022,11,Medical,9.37
Kenwood,2023,9,Medical,8.84
Edison Park,2024,2,Medical,6.39
South Shore,2021,2,Medical,7.15
Near South Side,2020,8,Police,12.79
Austin,2019,10,Police,14.14
Austin,2024,11,Medical,12.88
West Englewood,2022,1,Medical,9.73
West Garfield Park,2021,8,Police,14.57
Jefferson Park,2019,5,Medical,6.15
West Englewood,2024,1,Medical,9.25
Chatham,2024,10,Fire,9.74
Washington Heights,2023,11,Police,10.15
North Lawndale,2019,1,Medical,10.13
Irving Park,2023,6,Medical,9.58
Near West Side,2024,12,Police,12.9
Douglas,2024,10,Police,10.19
West Town,2024,11,Medical,3.58
Rogers Park,2021,2,Medical,10.23
West Ridge,2024,2,Police,6.78
Edison Park,2019,1,Police,7.5
Douglas,2020,1,Fire,6.91
Washington Park,2021,4,Medical,8.24
West Ridge,2019,5,Police,8.18
Jefferson Park,2022,4,Medical,9.18
Jefferson Park,2019,6,Medical,7.63
Logan Square,2019,8,Police,9.46
Lincoln Park,2020,11,Police,7.57
Roseland,2021,11,Police,8.78
West Town,2022,2,Police,7.61
West Town,2024,1,Medical,11.38
Near North Side,2021,2,Medical,2.35
Portage Park,2021,10,Medical,11.04
Mount Greenwood,2022,11,Police,8.16
Beverly,2022,6,Police,6.96
Mount Greenwood,2020,11,Police,11.56
West Ridge,2023,4,Fire,8.79
Washington Heights,2020,7,Medical,8.22
Albany Park,2024,2,Medical,10.07
West Garfield Park,2022,1,Medical,12.15
Near North Side,2019,5,Police,6.13
Mount Greenwood,2019,9,Medical,7.82
Washington Heights,2021,6,Police,12.62
Lincoln Square,2021,6,Police,14.61
West Englewood,2023,1,Medical,8.93
Greater Grand Crossing,2023,1,Police,15.01
Pullman,2023,4,Police,8.4
Washington Park,2023,2,Police,9.96
Morgan Park,2019,3,Fire,7.84
Logan Square,2022,11,Police,9.53
North Lawndale,2024,6,Medical,13.56
Near South Side,2024,10,Fire,6.17
Rogers Park,2023,1,Police,12.81
Greater Grand Crossing,2020,11,Medical,9.97
Edison Park,2024,12,Medical,8.29
Near South Side,2023,12,Fire,7.82
Near South Side,2019,11,Medical,6.59
Woodlawn,2021,10,Police,14.71
Near West Side,2020,2,Police,11.56
Grand Boulevard,2023,4,Medical,9.49
West Englewood,2019,6,Police,12.98
Mount Greenwood,2021,3,Medical,4.31
Lake View,2023,9,Medical,5.89
Morgan Park,2019,10,Police,10.42
Edison Park,2019,4,Fire,3.85
Portage Park,2022,7,Police,10.88
Austin,2019,11,Police,12.32
Washington Heights,2023,5,Medical,8.3
Kenwood,2019,6,Fire,6.99
Near South Side,2020,9,Police,10.08
Grand Boulevard,2019,9,Medical,7.07
Beverly,2019,6,Medical,5.08
Edison Park,2024,2,Medical,7.3
Near North Side,2020,9,Police,5.96
West Ridge,2023,11,Medical,9.47
Roseland,2021,2,Medical,8.69
Logan Square,2022,2,Police,8.45
Grand Boulevard,2024,2,Police,11.3
Chatham,2021,7,Police,9.51
Beverly,2023,11,Medical,8.37
Auburn Gresham,2023,4,Fire,13.15
Loop,2024,8,Police,8.85
Riverdale,2020,8,Medical,11.17
Chatham,2021,1,Medical,11.9
West Town,2019,1,Medical,8.74
Grand Boulevard,2020,4,Medical,7.99
Uptown,2020,2,Police,12.2
Auburn Gresham,2022,3,Fire,6.53
Chatham,2020,10,Police,12.19
Edison Park,2021,2,Medical,6.46
Douglas,2023,10,Medical,9.85
Chatham,2024,9,Police,12.94
West Ridge,2022,6,Fire,8.5
Morgan Park,2024,7,Fire,11.85
Rogers Park,2024,6,Fire,6.53
Loop,2019,1,Medical,6.75
Near South Side,2021,5,Police,7.75
Auburn Gresham,2019,3,Fire,9.68
Edison Park,2020,10,Police,12.1
Woodlawn,2021,8,Police,9.82
West Englewood,2024,7,Police,10.76
Lincoln Park,2022,9,Police,4.09
Near West Side,2024,12,Police,11.34
North Lawndale,2022,1,Police,6.1
Rogers Park,2019,2,Medical,9.03
Washington Park,2023,2,Medical,14.95
Woodlawn,2024,1,Police,12.21
Near North Side,2022,8,Medical,5.56
Chatham,2019,12,Fire,10.42
Pullman,2023,4,Police,11.69
Greater Grand Crossing,2021,7,Medical,6.62
Near West Side,2022,10,Medical,6.76
Lincoln Park,2022,1,Police,3.39
Washington Park,2024,8,Medical,9.96
Pullman,2024,11,Police,8.52
Jefferson Park,2019,8,Medical,7.38
Loop,2022,11,Police,8.64
Albany Park,2019,10,Medical,8.48
Auburn Gresham,2022,12,Medical,8.63
Woodlawn,2019,3,Medical,6.13
Logan Square,2022,9,Medical,8.43
Morgan Park,2021,5,Police,14.93
West Ridge,2024,5,Medical,6.4
Near South Side,2021,12,Police,11.61
Riverdale,2019,5,Medical,11.55
Kenwood,2021,1,Medical,8.78
Englewood,2019,10,Fire,9.26
Jefferson Park,2024,2,Medical,8.39
West Ridge,2019,1,Police,12.48
Roseland,2024,2,Medical,7.57
Douglas,2020,9,Medical,11.65
Portage Park,2021,9,Medical,7.13
West Garfield Park,2020,5,Police,8.48
Greater Grand Crossing,2024,4,Police,10.54
Logan Square,2024,2,Police,9.95
Near North Side,2020,6,Fire,8.72
Austin,2024,9,Medical,5.57
Riverdale,2022,8,Medical,12.6
Rogers Park,2019,10,Medical,7.44
Portage Park,2023,4,Medical,9.86
Lincoln Park,2020,6,Medical,5.55
Loop,2022,11,Medical,6.63
West Englewood,2021,9,Medical,13.44
Auburn Gresham,2023,10,Medical,8.8
Morgan Park,2024,10,Medical,8.12
Hyde Park,2019,11,Medical,8.65
Irving Park,2022,4,Police,11.04
Roseland,2023,9,Police,12.49
South Shore,2019,12,Fire,10.33
Woodlawn,2019,8,Police,12.77
Near West Side,2023,3,Police,12.09
Lake View,2022,9,Fire,8.93
Lake View,2024,12,Medical,4.24
Morgan Park,2023,5,Medical,11.63
Woodlawn,2020,1,Medical,8.39
South Shore,2019,11,Medical,11.44
Hyde Park,2021,8,Medical,5.23
Woodlawn,2024,5,Medical,10.78
Near South Side,2023,5,Fire,10.83
Rogers Park,2023,2,Fire,7.46
South Shore,2019,9,Medical,6.1
West Town,2019,6,Police,11.27
West Garfield Park,2023,11,Medical,12.65
Hyde Park,2021,10,Medical,11.8
Loop,2019,12,Police,9.11
Washington Park,2019,3,Police,10.6
Logan Square,2020,7,Police,6.98
Riverdale,2022,2,Medical,11.49
Washington Park,2020,7,Medical,11.3
Edison Park,2021,12,Medical,5.34
Lake View,2022,11,Police,2.98
Lincoln Park,2023,2,Medical,4.01
Grand Boulevard,2021,11,Police,13.77
Roseland,2021,5,Police,11.53
Humboldt Park,2020,10,Police,14.98
Grand Boulevard,2022,10,Fire,6.09
Portage Park,2021,9,Police,5.96
Pullman,2022,9,Police,13.27
Lincoln Park,2024,6,Medical,2.96
Portage Park,2023,3,Medical,8.48
Logan Square,2022,12,Medical,14.8
Irving Park,2020,4,Police,8.9
West Ridge,2020,4,Fire,6.43
West Englewood,2021,9,Police,13.91
Greater Grand Crossing,2022,4,Police,10.72
West Garfield Park,2020,4,Police,10.74
South Shore,2019,5,Police,14.0
South Shore,2020,6,Medical,7.66
Douglas,2023,8,Police,7.52
Beverly,2019,12,Police,5.5
Near North Side,2022,1,Police,6.88
West Town,2024,5,Police,11.85
West Pullman,2021,9,Medical,8.48
Portage Park,2019,10,Medical,5.83
Kenwood,2020,4,Medical,10.43
Uptown,2021,8,Fire,10.55
Roseland,2024,9,Medical,7.03
Lincoln Park,2024,1,Police,3.83
West Ridge,2021,8,Fire,9.66
Humboldt Park,2021,8,Medical,9.63
Morgan Park,2021,5,Medical,15.01
North Lawndale,2022,10,Medical,8.61
Pullman,2022,2,Medical,6.28
Logan Square,2022,12,Police,11.47
Hyde Park,2020,7,Medical,8.15
Irving Park,2022,11,Medical,5.63
North Lawndale,2021,11,Police,10.52
Jefferson Park,2019,5,Police,4.75
Near South Side,2019,12,Medical,8.98
Mount Greenwood,2024,5,Police,4.03
Kenwood,2019,6,Police,13.6
Englewood,2019,12,Fire,11.33
Edison Park,2019,10,Medical,5.04
Riverdale,2024,8,Medical,11.5
Grand Boulevard,2023,11,Police,10.43
Logan Square,2019,1,Police,8.63
Humboldt Park,2019,3,Police,12.43
Humboldt Park,2019,12,Police,14.78
Austin,2024,7,Medical,8.97
Beverly,2020,11,Medical,4.41
Washington Heights,2023,9,Police,7.52
Hyde Park,2019,10,Medical,11.53
Hyde Park,2024,2,Medical,7.12
Rogers Park,2024,4,Medical,10.19
West Pullman,2022,11,Police,11.28
West Town,2020,4,Police,10.42
Near South Side,2024,11,Medical,7.9
North Lawndale,2024,7,Medical,17.12
Roseland,2023,5,Medical,12.27
Logan Square,2022,12,Police,10.04
Kenwood,2022,11,Police,11.01
Roseland,2020,5,Medical,11.97
West Ridge,2024,7,Medical,8.63
Near West Side,2022,12,Police,9.24
Washington Park,2021,2,Medical,9.72
Humboldt Park,2020,8,Medical,13.31
Lincoln Park,2020,6,Police,6.2
Irving Park,2021,5,Fire,6.93
Loop,2020,12,Medical,2.94
Grand Boulevard,2022,1,Medical,11.85
Roseland,2022,2,Medical,4.64
Roseland,2022,6,Medical,8.84
Beverly,2021,6,Medical,5.4
Roseland,2022,11,Fire,12.05
Morgan Park,2021,9,Police,10.48
Roseland,2021,11,Medical,8.45
Greater Grand Crossing,2021,6,Fire,10.42
Englewood,2020,1,Police,8.95
Austin,2023,12,Police,10.94
Kenwood,2024,7,Medical,10.76
Humboldt Park,2021,12,Medical,10.31
Hyde Park,2022,3,Police,6.4
Edison Park,2021,8,Fire,4.37
Humboldt Park,2024,6,Fire,12.37
Pullman,2019,3,Medical,4.97
West Ridge,2020,3,Medical,10.11
Lincoln Square,2022,8,Police,16.96
Rogers Park,2020,6,Police,11.9
Loop,2020,2,Medical,3.55
Humboldt Park,2019,3,Medical,6.81
Mount Greenwood,2021,12,Medical,9.3
Washington Park,2022,6,Fire,12.12
Washington Park,2023,7,Fire,10.94
Uptown,2020,4,Fire,12.29
Lake View,2024,8,Police,3.94
Beverly,2023,3,Medical,3.77
Hyde Park,2023,6,Fire,10.59
Mount Greenwood,2021,7,Police,8.31
Beverly,2023,8,Police,10.92
Beverly,2022,11,Police,4.39
Lincoln Square,2021,4,Medical,14.57
Near North Side,2024,5,Fire,5.2
Roseland,2023,6,Police,10.06
Roseland,2021,1,Medical,6.73
Near West Side,2022,12,Medical,5.49
Washington Heights,2020,9,Medical,6.4
West Englewood,2019,3,Medical,8.67
Mount Greenwood,2021,2,Medical,7.7
Riverdale,2024,11,Police,9.69
Riverdale,2019,7,Medical,8.05
Humboldt Park,2020,11,Medical,9.85
Beverly,2024,11,Police,7.31
Albany Park,2022,4,Police,8.19
South Shore,2024,4,Police,15.02
Humboldt Park,2020,10,Medical,12.0
Greater Grand Crossing,2019,9,Medical,10.14
Beverly,2022,7,Police,7.91
Austin,2024,9,Police,10.78
Near South Side,2023,1,Fire,7.81
South Shore,2023,3,Police,11.64
Riverdale,2021,10,Fire,8.33
Lincoln Park,2023,11,Medical,2.18
Morgan Park,2024,10,Fire,7.36
West Town,2019,12,Police,13.59
Uptown,2023,6,Medical,6.13
West Englewood,2021,11,Fire,14.49
Humboldt Park,2022,1,Police,9.14
West Ridge,2023,5,Fire,11.77
Chatham,2021,4,Medical,12.68
Lincoln Square,2023,4,Police,7.59
Hyde Park,2023,12,Police,6.79
Irving Park,2024,7,Police,11.26
West Ridge,2019,5,Police,10.85
West Garfield Park,2021,7,Medical,13.76
West Englewood,2021,1,Fire,12.24
Albany Park,2020,11,Medical,6.97
Douglas,2020,9,Police,6.16
Morgan Park,2021,8,Fire,8.47
Near South Side,2024,7,Police,8.79
West Town,2019,10,Police,8.19
West Englewood,2023,2,Fire,12.33
Near South Side,2022,11,Police,11.2
Near South Side,2024,6,Police,6.04
Near South Side,2023,4,Medical,6.11
West Pullman,2022,3,Medical,9.93
Lake View,2019,8,Police,11.83
Washington Heights,2020,4,Police,6.64
Jefferson Park,2021,3,Fire,8.94
North Lawndale,2019,11,Medical,7.89
Near South Side,2022,5,Police,4.98
Edison Park,2024,9,Fire,6.88
Englewood,2021,10,Police,11.72
Albany Park,2022,3,Police,11.02
Morgan Park,2023,9,Fire,10.27
Kenwood,2023,4,Police,8.75
Mount Greenwood,2024,12,Medical,6.13
Kenwood,2023,10,Medical,9.11
West Pullman,2021,4,Medical,11.99
Riverdale,2020,2,Police,11.0
Beverly,2020,12,Police,6.63
Englewood,2022,8,Fire,10.88
Portage Park,2020,4,Police,11.53
Pullman,2020,3,Medical,8.08
North Lawndale,2022,3,Fire,4.67
Grand Boulevard,2022,1,Medical,10.47
Douglas,2022,8,Police,8.22
North Lawndale,2021,11,Medical,7.64
Mount Greenwood,2022,5,Medical,6.53
Morgan Park,2021,5,Police,5.58
Washington Heights,2021,4,Police,11.89
Loop,2021,12,Police,4.44
Logan Square,2022,5,Police,13.95
Rogers Park,2020,12,Police,10.44
Lincoln Square,2024,5,Police,7.75
Kenwood,2024,9,Medical,10.62
Greater Grand Crossing,2020,11,Police,10.98
Greater Grand Crossing,2022,6,Police,13.33
West Ridge,2020,9,Police,12.86
South Shore,2022,8,Fire,10.62
Hyde Park,2021,3,Medical,7.53
Grand Boulevard,2023,2,Police,7.14
West Town,2019,6,Fire,12.43
Greater Grand Crossing,2024,2,Police,13.41
Woodlawn,2022,3,Police,11.71
Lincoln Park,2021,3,Police,2.8
West Englewood,2023,1,Medical,9.66
Washington Heights,2021,5,Medical,5.93
Beverly,2019,8,Medical,4.54
West Englewood,2024,9,Fire,8.72
Greater Grand Crossing,2020,7,Fire,9.28
Albany Park,2020,5,Fire,8.48
Roseland,2021,8,Medical,7.3
Morgan Park,2019,9,Police,12.55
Beverly,2021,12,Medical,3.69
Chatham,2020,9,Police,11.01
Washington Heights,2021,9,Police,6.59
Lincoln Square,2023,11,Medical,5.7
Lake View,2019,2,Medical,5.83
Lincoln Square,2020,3,Police,10.98
Greater Grand Crossing,2024,2,Medical,9.83
Austin,2024,11,Fire,15.97
Washington Park,2021,11,Medical,9.88
Humboldt Park,2019,5,Fire,8.61
Portage Park,2021,12,Medical,8.85
Chatham,2020,3,Fire,9.36
Englewood,2019,9,Medical,10.93
Douglas,2020,2,Medical,8.36
Humboldt Park,2023,5,Police,8.32
Kenwood,2023,12,Medical,8.2
Washington Heights,2024,5,Medical,10.0
Hyde Park,2022,5,Fire,5.52
Greater Grand Crossing,2019,1,Police,8.17
Washington Heights,2023,10,Medical,9.45
Austin,2022,7,Fire,7.67
Beverly,2024,2,Medical,4.29
West Pullman,2019,12,Medical,7.97
Lincoln Park,2020,2,Police,4.53
Englewood,2021,9,Police,10.46
Edison Park,2021,12,Medical,6.27
Roseland,2020,1,Medical,11.98
Woodlawn,2023,9,Medical,8.24
Near North Side,2021,6,Police,5.11
Woodlawn,2020,5,Medical,11.84
Washington Park,2022,5,Police,9.86
Morgan Park,2022,5,Medical,4.89
West Town,2020,6,Medical,8.47
Washington Park,2019,7,Medical,14.58
Douglas,2023,11,Medical,14.19
North Lawndale,2023,9,Medical,14.53
Irving Park,2020,2,Medical,6.63
Grand Boulevard,2021,4,Medical,8.78
Washington Heights,2024,11,Fire,11.66
Washington Park,2023,5,Medical,8.38
Albany Park,2023,6,Police,9.09
Roseland,2022,7,Fire,13.18
Albany Park,2022,3,Medical,12.56
Englewood,2022,3,Medical,6.88
Logan Square,2024,9,Police,10.11
Chatham,2023,9,Fire,12.64
Beverly,2023,2,Medical,8.51
Morgan Park,2024,4,Medical,9.69
Jefferson Park,2023,4,Fire,9.9
Logan Square,2021,5,Medical,5.86
Auburn Gresham,2021,2,Medical,7.78
Humboldt Park,2021,12,Medical,9.17
Auburn Gresham,2019,11,Police,12.14
Jefferson Park,2023,11,Police,10.23
Edison Park,2024,4,Medical,9.82
Washington Heights,2023,11,Medical,10.3
Mount Greenwood,2024,3,Medical,5.79
Uptown,2020,11,Fire,6.72
Mount Greenwood,2020,6,Police,5.64
Riverdale,2019,4,Medical,10.17
West Pullman,2020,1,Medical,7.58
Near North Side,2021,3,Police,8.54
Near West Side,2019,8,Medical,11.37
Englewood,2019,12,Medical,7.84
Humboldt Park,2019,3,Medical,5.48
Near West Side,2022,7,Medical,5.0
Hyde Park,2020,2,Police,6.87
West Garfield Park,2023,5,Medical,10.98
South Shore,2022,7,Medical,7.82
Near West Side,2024,1,Medical,12.36
Woodlawn,2021,11,Fire,10.85
Near West Side,2022,12,Police,7.32
Riverdale,2021,1,Medical,9.81
Near North Side,2023,11,Police,4.98
Chatham,2023,8,Police,9.42
Lake View,2020,2,Police,3.24
Roseland,2024,12,Medical,12.78
Edison Park,2022,11,Medical,8.37
Irving Park,2023,4,Fire,10.46
Logan Square,2021,3,Police,7.89
Hyde Park,2023,5,Police,7.32
North Lawndale,2020,2,Police,9.35
Loop,2021,6,Fire,3.4
Austin,2019,8,Police,12.65
Auburn Gresham,2024,5,Police,5.38
Uptown,2020,7,Police,13.58
Woodlawn,2020,5,Medical,7.27
West Town,2019,6,Police,8.77
Englewood,2024,9,Medical,6.36
Douglas,2023,12,Fire,11.23
Mount Greenwood,2020,11,Medical,9.99
Grand Boulevard,2019,10,Medical,8.56
Lincoln Square,2024,11,Medical,9.29
Morgan Park,2019,1,Medical,6.26
Grand Boulevard,2024,10,Police,7.91
Jefferson Park,2020,9,Police,8.9
Kenwood,2022,3,Police,8.34
Near South Side,2020,10,Medical,10.73
Morgan Park,2024,3,Medical,10.63
Austin,2022,4,Police,8.52
Washington Park,2023,8,Medical,7.75
Hyde Park,2019,1,Police,12.16
Jefferson Park,2021,4,Police,9.29
West Town,2020,7,Police,11.46
Washington Heights,2021,12,Fire,8.91
Riverdale,2023,3,Police,18.37
Rogers Park,2020,7,Fire,13.07
Lake View,2021,11,Police,5.76
Jefferson Park,2023,5,Police,9.61
Lincoln Park,2022,10,Medical,4.84
South Shore,2023,11,Police,9.91
Hyde Park,2020,9,Medical,6.84
South Shore,2024,8,Police,10.12
Mount Greenwood,2024,11,Medical,7.58
West Town,2024,3,Medical,11.88
Lincoln Park,2020,12,Police,7.55
Woodlawn,2020,4,Police,16.68
Beverly,2023,7,Medical,10.21
Lincoln Square,2020,2,Fire,7.42
Portage Park,2023,10,Fire,5.52
Near South Side,2024,11,Police,7.77
Roseland,2019,6,Fire,10.16
North Lawndale,2019,9,Police,12.3
West Englewood,2019,12,Police,10.37
Uptown,2021,9,Police,14.14
Irving Park,2019,6,Police,7.9
Woodlawn,2019,12,Medical,9.5
Roseland,2023,6,Police,6.61
Near South Side,2023,6,Police,10.03
Beverly,2024,11,Police,9.77
Near South Side,2020,10,Police,15.03
Beverly,2020,6,Fire,7.67
Mount Greenwood,2020,3,Medical,8.77
West Town,2024,4,Fire,9.8
North Lawndale,2023,6,Police,12.75
Chatham,2023,10,Medical,10.45
Beverly,2019,1,Fire,5.53
Near South Side,2022,1,Medical,7.25
West Garfield Park,2023,7,Police,11.44
Morgan Park,2024,1,Medical,10.16
North Lawndale,2022,5,Medical,10.41
Auburn Gresham,2023,10,Fire,12.02
Beverly,2024,11,Police,14.11
Irving Park,2023,8,Police,8.01
Portage Park,2021,6,Police,11.16
Loop,2022,3,Fire,4.54
Jefferson Park,2021,2,Medical,6.11
Rogers Park,2019,2,Medical,7.01
Uptown,2021,4,Medical,10.68
Near South Side,2021,9,Police,11.12
Grand Boulevard,2024,9,Police,9.76
Jefferson Park,2019,1,Police,10.17
Near West Side,2022,5,Police,6.21
Near West Side,2020,9,Medical,9.05
Grand Boulevard,2023,4,Medical,8.9
Woodlawn,2024,11,Police,13.1
Woodlawn,2022,7,Police,14.68
Washington Heights,2019,11,Police,11.26
Greater Grand Crossing,2021,6,Medical,10.69
Irving Park,2020,4,Police,7.76
Woodlawn,2021,10,Medical,12.66
Englewood,2023,11,Medical,6.75
Riverdale,2019,12,Medical,8.8
South Shore,2020,7,Medical,8.04
Pullman,2022,7,Medical,9.1
West Pullman,2022,2,Medical,8.29
Loop,2019,7,Medical,3.31
Mount Greenwood,2019,9,Medical,3.83
West Englewood,2024,6,Medical,9.81
Pullman,2021,12,Medical,5.87
Pullman,2020,6,Police,10.0
Beverly,2023,11,Medical,4.55
Douglas,2019,6,Police,14.26
Morgan Park,2020,12,Medical,8.81
Jefferson Park,2024,2,Fire,9.53
Jefferson Park,2019,12,Police,7.55
West Town,2019,6,Police,9.38
Logan Square,2022,6,Police,9.27
Douglas,2020,9,Medical,6.67
Austin,2022,2,Police,6.37
West Pullman,2024,9,Police,12.82
West Ridge,2022,5,Medical,11.2
Hyde Park,2024,9,Police,8.31
Humboldt Park,2020,10,Medical,9.26
Beverly,2024,10,Police,3.49
Englewood,2024,2,Fire,9.41
Edison Park,2022,5,Police,3.33
Greater Grand Crossing,2021,11,Medical,9.46
Near South Side,2023,2,Medical,9.52
South Shore,2023,5,Medical,8.54
Lincoln Park,2021,7,Police,11.91
Loop,2019,12,Medical,7.05
Pullman,2022,7,Medical,6.53
Riverdale,2023,12,Police,10.1
Near North Side,2020,11,Fire,2.21
Edison Park,2024,7,Fire,1.87
Jefferson Park,2024,5,Medical,6.66
West Ridge,2019,7,Medical,8.95
West Garfield Park,2023,6,Medical,11.12
Auburn Gresham,2022,7,Medical,12.63
West Garfield Park,2023,5,Medical,12.13
Beverly,2022,12,Medical,6.96
West Englewood,2019,2,Medical,6.69
Washington Heights,2024,9,Medical,8.08
Roseland,2021,2,Police,9.79
Lincoln Park,2024,3,Medical,3.3
Lincoln Square,2022,9,Medical,12.35
Auburn Gresham,2022,2,Police,8.77
West Englewood,2019,8,Medical,12.27
Jefferson Park,2019,12,Medical,6.46
Lincoln Park,2020,3,Fire,7.78
Logan Square,2024,6,Medical,6.82
Douglas,2024,9,Police,14.97
South Shore,2019,10,Police,9.34
Roseland,2023,10,Police,14.16
Greater Grand Crossing,2022,3,Medical,12.76
West Ridge,2021,9,Fire,11.49
Greater Grand Crossing,2019,7,Medical,7.52
Edison Park,2022,5,Police,5.63
Jefferson Park,2021,8,Police,8.82
Rogers Park,2020,6,Fire,9.85
Logan Square,2023,7,Medical,11.6
West Town,2020,3,Fire,10.02
West Pullman,2019,10,Medical,8.33
Englewood,2023,11,Medical,9.57
Pullman,2020,6,Police,11.71
Humboldt Park,2022,11,Police,11.68
Humboldt Park,2019,3,Medical,13.41
Chatham,2024,7,Police,4.8
Near West Side,2020,10,Police,10.47
Woodlawn,2023,6,Police,11.72
Jefferson Park,2023,10,Police,6.77
Auburn Gresham,2024,12,Police,7.69
Auburn Gresham,2021,8,Medical,6.04
South Shore,2023,8,Medical,11.01
Kenwood,2023,6,Fire,8.15
South Shore,2019,2,Medical,10.01
Greater Grand Crossing,2023,10,Police,15.14
North Lawndale,2021,10,Police,10.98
Washington Park,2023,6,Fire,6.93
West Englewood,2021,1,Police,13.16
Lincoln Square,2022,6,Medical,7.94
Humboldt Park,2021,6,Medical,11.76
Washington Heights,2019,6,Medical,5.58
Hyde Park,2020,12,Medical,10.17
Edison Park,2024,9,Medical,13.28
Kenwood,2020,4,Police,9.34
Austin,2022,11,Medical,7.76
Loop,2019,7,Police,5.28
West Town,2022,11,Police,10.94
Near North Side,2022,3,Medical,4.06
West Garfield Park,2023,8,Police,11.22
Douglas,2023,2,Medical,7.79
Douglas,2019,2,Medical,11.44
Irving Park,2020,5,Police,8.27
North Lawndale,2021,1,Police,6.63
West Town,2023,1,Police,9.38
Auburn Gresham,2019,11,Medical,5.51
Austin,2019,3,Fire,12.37
Lake View,2020,6,Police,5.4
West Ridge,2019,10,Police,12.98
South Shore,2024,12,Medical,10.01
Morgan Park,2019,6,Medical,12.06
Woodlawn,2020,8,Medical,10.62
Pullman,2023,7,Police,10.14
Morgan Park,2020,1,Medical,6.86
Greater Grand Crossing,2022,1,Medical,11.68
Rogers Park,2023,4,Police,11.92
Chatham,2022,1,Police,10.37
Rogers Park,2019,1,Police,8.61
Edison Park,2022,10,Medical,4.83
Austin,2020,1,Fire,18.44
South Shore,2020,11,Police,10.54
Douglas,2021,3,Fire,6.2
North Lawndale,2024,10,Medical,7.52
Douglas,2019,2,Medical,12.31
Morgan Park,2020,11,Fire,8.97
Irving Park,2023,10,Fire,15.96
Near West Side,2020,8,Police,11.9
Washington Park,2023,7,Police,8.57
Lake View,2019,10,Medical,7.68
Englewood,2024,8,Police,10.33
Washington Heights,2021,4,Police,9.59
Albany Park,2021,9,Medical,6.09
Near North Side,2022,5,Medical,5.65
Auburn Gresham,2020,7,Fire,7.86
West Town,2019,4,Medical,12.08
Kenwood,2022,1,Fire,7.86
Hyde Park,2019,11,Medical,9.37
Hyde Park,2019,12,Medical,7.52
Hyde Park,2022,8,Police,10.09
Albany Park,2019,9,Police,6.2
West Garfield Park,2022,9,Police,10.85
Humboldt Park,2024,10,Fire,9.79
West Ridge,2020,8,Medical,8.98
Logan Square,2022,1,Police,10.64
Woodlawn,2020,3,Fire,9.2
Jefferson Park,2021,5,Police,11.22
Near North Side,2022,7,Medical,4.75
Albany Park,2024,12,Medical,10.14
Jefferson Park,2021,8,Medical,7.91
Douglas,2022,1,Fire,7.01
Grand Boulevard,2019,5,Police,8.85
Near North Side,2021,3,Police,7.49
Jefferson Park,2023,7,Fire,8.64
Woodlawn,2023,6,Police,14.03
Kenwood,2023,12,Medical,7.95
Chatham,2021,1,Medical,9.85
West Garfield Park,2020,11,Police,11.7
Loop,2022,2,Police,14.12
Near North Side,2019,5,Medical,6.22
Mount Greenwood,2019,5,Medical,9.06
Near North Side,2021,1,Medical,8.18
South Shore,2023,11,Police,10.27
Near West Side,2024,12,Medical,10.23
Loop,2019,12,Police,8.61
Washington Heights,2024,4,Police,13.18
Mount Greenwood,2024,12,Police,9.92
Near North Side,2019,9,Medical,5.31
Lincoln Park,2020,9,Medical,11.21
Washington Park,2019,5,Medical,10.14
Morgan Park,2019,7,Police,9.64
Logan Square,2022,11,Police,8.03
Washington Heights,2019,2,Police,5.53
Mount Greenwood,2022,1,Medical,8.45
Douglas,2023,12,Fire,5.22
West Garfield Park,2020,2,Police,10.96
Douglas,2024,4,Fire,12.07
Englewood,2019,6,Police,10.55
Edison Park,2020,3,Police,3.26
North Lawndale,2024,2,Police,7.86
Kenwood,2020,7,Police,9.0
West Ridge,2024,8,Police,8.1
West Ridge,2024,9,Medical,10.09
Woodlawn,2020,11,Medical,8.7
Humboldt Park,2021,12,Police,15.64
Washington Heights,2022,10,Medical,11.19
Irving Park,2024,8,Police,10.08
West Pullman,2024,2,Medical,8.32
South Shore,2024,3,Medical,8.72
South Shore,2024,1,Medical,9.63
Washington Park,2020,1,Police,9.71
Lincoln Square,2024,6,Medical,9.15
Hyde Park,2023,3,Police,7.84
Greater Grand Crossing,2019,4,Police,10.14
Uptown,2024,10,Medical,10.3
Rogers Park,2020,12,Medical,9.42
West Garfield Park,2024,8,Medical,9.97
Near North Side,2020,5,Medical,8.22
Lake View,2024,12,Police,8.47
Near West Side,2019,11,Police,8.27
Washington Heights,2024,6,Medical,11.61
Englewood,2023,9,Fire,8.22
West Englewood,2024,11,Police,10.78
Austin,2024,11,Medical,8.56
Mount Greenwood,2020,2,Police,5.51
Washington Heights,2020,3,Police,6.35
Woodlawn,2024,5,Medical,13.32
Morgan Park,2023,2,Police,9.37
Beverly,2020,8,Medical,7.66
Washington Park,2023,2,Medical,9.06
Hyde Park,2020,4,Police,9.88
Humboldt Park,2019,3,Fire,5.52
Humboldt Park,2023,4,Medical,9.24
Humboldt Park,2019,4,Medical,11.9
Washington Park,2019,6,Fire,12.75
Greater Grand Crossing,2020,10,Medical,7.96
Lincoln Square,2023,12,Medical,7.08
West Town,2021,12,Fire,11.56
West Pullman,2019,10,Medical,8.47
North Lawndale,2019,10,Medical,12.44
Humboldt Park,2019,9,Police,9.8
Rogers Park,2020,3,Medical,6.9
Loop,2020,1,Police,4.42
Albany Park,2019,8,Medical,7.74
Albany Park,2024,7,Medical,11.01
Kenwood,2020,2,Medical,8.35
Englewood,2020,5,Fire,9.01
South Shore,2020,12,Medical,11.19
Woodlawn,2022,12,Medical,8.06
Mount Greenwood,2023,10,Police,8.22
Rogers Park,2020,4,Medical,9.35
Riverdale,2022,9,Medical,8.63
Lincoln Square,2022,4,Medical,6.88
Near North Side,2020,5,Police,2.85
Jefferson Park,2024,8,Police,9.72
Austin,2022,3,Fire,12.03
Lake View,2021,6,Fire,3.22
Englewood,2022,6,Fire,16.31
Grand Boulevard,2023,7,Medical,6.64
Washington Park,2022,9,Police,7.82
Logan Square,2020,11,Police,11.8
Kenwood,2024,3,Fire,6.67
Portage Park,2019,5,Medical,8.54
West Garfield Park,2021,5,Medical,13.04
Auburn Gresham,2022,5,Medical,6.3
Logan Square,2024,6,Police,9.61
Woodlawn,2021,1,Fire,9.88
Loop,2023,9,Police,2.17
Riverdale,2022,12,Police,10.13
West Pullman,2022,3,Police,13.67
Edison Park,2021,6,Medical,11.16
Chatham,2022,4,Medical,8.34
Mount Greenwood,2022,7,Medical,7.39
Near West Side,2019,8,Medical,11.56
Lincoln Park,2021,4,Police,2.24
Washington Heights,2020,10,Fire,10.66
Morgan Park,2020,6,Medical,9.32
Near South Side,2023,12,Medical,8.33
Douglas,2019,12,Fire,8.22
Albany Park,2021,10,Medical,7.66
Albany Park,2021,7,Medical,6.63
Chatham,2019,12,Police,10.6
Austin,2019,10,Police,6.34
Rogers Park,2023,7,Medical,7.75
West Garfield Park,2020,9,Medical,7.89
Roseland,2024,8,Fire,7.53
Hyde Park,2021,3,Medical,2.63
Near West Side,2024,4,Medical,9.44
Near South Side,2019,9,Police,13.06
West Garfield Park,2021,11,Police,19.53
Mount Greenwood,2020,7,Police,8.67
Near South Side,2021,7,Fire,10.16
Morgan Park,2024,1,Police,9.63
Mount Greenwood,2021,2,Police,8.07
Near West Side,2019,1,Medical,8.49
Near North Side,2019,4,Medical,6.21
West Garfield Park,2019,4,Medical,8.5
Rogers Park,2020,5,Fire,7.21
Auburn Gresham,2022,5,Police,10.68
Lincoln Park,2020,12,Police,2.91
Hyde Park,2019,1,Medical,7.51
West Ridge,2023,7,Police,8.1
West Pullman,2021,6,Police,4.43
Lake View,2021,8,Medical,6.99
Auburn Gresham,2024,4,Medical,6.9
Pullman,2021,1,Medical,5.09
Irving Park,2024,12,Police,10.55
West Englewood,2021,3,Police,12.98
Roseland,2023,9,Fire,8.84
Lincoln Park,2024,10,Police,2.69
West Town,2019,7,Police,14.6
West Town,2022,2,Police,8.04
Austin,2021,3,Fire,12.88
Loop,2024,2,Medical,9.49
Logan Square,2022,4,Police,6.06
Pullman,2024,2,Medical,15.25
Englewood,2020,4,Police,9.44
Chatham,2020,11,Police,7.96
Uptown,2021,7,Police,11.3
Jefferson Park,2019,8,Medical,5.97
Portage Park,2023,10,Police,7.13
Portage Park,2024,6,Medical,4.52
Washington Park,2021,11,Fire,7.13
Douglas,2020,9,Police,7.05
Jefferson Park,2020,6,Medical,15.73
Loop,2024,11,Medical,7.59
Near South Side,2024,11,Police,7.53
Albany Park,2024,3,Police,8.46
Douglas,2022,1,Police,7.11
Chatham,2023,9,Police,6.09
Jefferson Park,2024,3,Medical,4.8
Lake View,2024,1,Fire,2.99
Mount Greenwood,2021,12,Police,8.76
Portage Park,2019,11,Police,8.74
Rogers Park,2022,2,Police,9.35
Rogers Park,2023,12,Medical,13.96
Washington Heights,2022,3,Police,10.21
Lake View,2024,8,Police,5.34
Douglas,2019,8,Police,10.18
Hyde Park,2024,2,Medical,2.54
Lincoln Park,2020,6,Police,3.96
West Pullman,2024,2,Fire,11.01
Portage Park,2021,7,Police,9.59
Albany Park,2021,10,Fire,5.53
Washington Heights,2019,11,Fire,5.75
Englewood,2024,11,Police,10.04
Pullman,2021,3,Medical,9.35
Irving Park,2021,8,Medical,9.7
Austin,2024,3,Police,13.67
Beverly,2022,10,Police,7.76
Uptown,2019,6,Medical,7.0
West Ridge,2022,1,Police,7.15
Lake View,2021,8,Fire,4.04
Portage Park,2024,7,Police,6.31
Washington Park,2023,1,Police,10.21
West Englewood,2024,7,Police,11.21
West Englewood,2023,11,Police,11.46
Douglas,2022,5,Police,13.12
Auburn Gresham,2020,2,Fire,11.19
Douglas,2024,1,Fire,9.09
Portage Park,2020,2,Police,11.2
West Pullman,2019,6,Medical,7.95
West Englewood,2023,2,Fire,8.9
Pullman,2023,6,Police,5.7
Edison Park,2022,12,Medical,5.82
Loop,2024,8,Police,2.23
Englewood,2021,8,Police,15.9
Lincoln Square,2019,6,Police,7.89
North Lawndale,2022,5,Police,9.71
Lincoln Square,2020,4,Medical,14.85
Loop,2024,6,Fire,1.81
Jefferson Park,2021,5,Police,10.05
Austin,2019,10,Medical,13.71
Hyde Park,2024,4,Fire,7.06
Beverly,2021,6,Medical,8.5
Washington Park,2020,9,Police,8.17
Lincoln Square,2022,9,Medical,9.38
Morgan Park,2022,8,Medical,6.12
Morgan Park,2023,10,Police,5.33
Beverly,2024,1,Fire,5.7
Near West Side,2022,9,Medical,9.65
Humboldt Park,2023,5,Medical,5.55
Near South Side,2022,11,Medical,8.88
West Town,2019,3,Police,13.9
Uptown,2024,8,Police,10.51
Auburn Gresham,2020,8,Medical,13.41
Austin,2024,9,Fire,13.01
Humboldt Park,2024,2,Medical,14.72
Jefferson Park,2021,10,Police,8.76
Near North Side,2020,4,Police,5.17
Humboldt Park,2020,10,Fire,7.77
Lincoln Park,2023,2,Police,6.25
Near South Side,2023,6,Police,8.16
West Town,2019,1,Medical,18.87
Edison Park,2021,10,Medical,11.4
Englewood,2022,3,Police,12.61
Mount Greenwood,2022,2,Fire,8.16
Rogers Park,2020,7,Medical,7.97
West Pullman,2024,8,Police,13.71
Lake View,2019,2,Police,5.68
Roseland,2024,9,Police,17.85
Douglas,2021,11,Fire,7.19
Loop,2022,1,Police,4.88
Austin,2020,2,Medical,12.48
Near North Side,2019,3,Police,4.77
Near North Side,2021,2,Medical,4.3
West Ridge,2024,1,Medical,6.88
Humboldt Park,2020,8,Medical,10.86
Pullman,2020,1,Fire,6.9
Morgan Park,2024,5,Police,15.35
Humboldt Park,2019,11,Medical,12.48
Lake View,2019,6,Medical,8.31
Portage Park,2019,7,Medical,8.11
Mount Greenwood,2019,3,Police,6.35
Lake View,2021,12,Fire,6.54
Chatham,2019,11,Medical,10.7
Portage Park,2019,7,Medical,4.71
Lake View,2019,8,Medical,6.5
West Pullman,2021,10,Police,12.28
Greater Grand Crossing,2022,3,Medical,9.53
West Town,2020,5,Fire,9.96
Near West Side,2023,1,Fire,9.48
Douglas,2024,9,Fire,9.7
Englewood,2020,8,Police,16.78
West Garfield Park,2021,3,Police,9.55
Irving Park,2024,4,Medical,3.02
Washington Park,2019,1,Medical,10.53
West Garfield Park,2021,1,Police,5.3
Albany Park,2022,6,Medical,11.22
South Shore,2023,6,Police,14.06
North Lawndale,2022,9,Police,14.42
North Lawndale,2019,12,Police,14.51
West Pullman,2021,5,Police,10.81
Humboldt Park,2021,3,Medical,8.24
Austin,2019,6,Medical,9.9
North Lawndale,2019,8,Medical,7.42
Austin,2023,12,Police,10.09
West Garfield Park,2022,7,Medical,7.26
Near North Side,2019,11,Police,5.09
Irving Park,2019,10,Fire,10.05
Englewood,2022,3,Police,12.1
Albany Park,2019,1,Fire,7.59
Lake View,2024,4,Medical,3.2
Near South Side,2023,6,Medical,9.79
Uptown,2023,4,Police,10.53
Near West Side,2022,5,Police,9.03
West Englewood,2020,10,Medical,8.68
Lincoln Park,2023,7,Police,7.22
Humboldt Park,2021,5,Police,10.4
Lincoln Square,2021,5,Police,7.98
North Lawndale,2020,2,Medical,11.22
Chatham,2023,1,Medical,10.35
West Englewood,2019,4,Medical,8.11
Beverly,2024,11,Police,6.32
Austin,2020,10,Police,7.86
Loop,2019,8,Medical,6.03
Kenwood,2024,3,Fire,8.09
West Englewood,2021,6,Medical,10.76
Near West Side,2024,10,Police,9.33
Lincoln Square,2020,2,Fire,8.86
Riverdale,2023,9,Police,10.88
West Ridge,2021,9,Medical,5.86
Logan Square,2023,4,Medical,7.94
Roseland,2019,12,Police,10.87
Englewood,2023,11,Medical,11.22
Roseland,2024,12,Police,9.83
Kenwood,2020,8,Police,5.87
Riverdale,2019,2,Medical,8.4
Morgan Park,2020,10,Medical,5.14
Albany Park,2024,2,Police,16.33
North Lawndale,2019,6,Medical,11.95
Near West Side,2020,2,Fire,5.33
Near North Side,2021,1,Police,6.36
Near West Side,2020,10,Medical,8.16
Kenwood,2021,2,Medical,8.05
West Town,2024,2,Fire,10.36
Morgan Park,2022,5,Police,5.67
Grand Boulevard,2023,6,Medical,6.53
Lincoln Square,2019,11,Medical,2.9
Beverly,2023,3,Medical,7.02
Lincoln Square,2024,8,Police,7.24
Lake View,2021,2,Police,7.76
Morgan Park,2021,10,Medical,8.82
Grand Boulevard,2021,3,Medical,7.98
Mount Greenwood,2020,4,Medical,5.89
Auburn Gresham,2023,5,Medical,12.81
Portage Park,2021,5,Police,7.38
Portage Park,2022,6,Medical,12.41
Logan Square,2024,4,Police,12.28
Humboldt Park,2021,10,Fire,7.88
Edison Park,2023,11,Fire,8.57
Washington Park,2021,7,Medical,10.17
North Lawndale,2021,12,Medical,6.92
North Lawndale,2019,8,Medical,9.86
Albany Park,2021,4,Police,8.51
Near North Side,2023,9,Police,8.13
Humboldt Park,2024,6,Police,10.57
West Town,2019,12,Medical,9.14
Austin,2019,8,Police,7.91
West Ridge,2021,9,Police,5.0
Roseland,2021,1,Police,14.52
Roseland,2022,5,Medical,8.75
North Lawndale,2023,7,Police,10.67
Pullman,2024,10,Fire,10.19
Logan Square,2023,2,Fire,7.6
Loop,2020,12,Fire,11.67
West Englewood,2024,11,Fire,9.37
Grand Boulevard,2020,7,Police,7.24
Riverdale,2023,7,Medical,9.72
Beverly,2021,3,Medical,10.54
West Englewood,2019,9,Medical,13.28
Greater Grand Crossing,2022,7,Fire,9.8
Loop,2021,12,Medical,5.32
Uptown,2024,12,Police,14.75
Edison Park,2024,10,Police,4.3
Mount Greenwood,2019,11,Police,12.22
West Pullman,2024,5,Police,10.25
Chatham,2023,7,Police,12.37
Near North Side,2024,7,Medical,8.74
West Ridge,2021,6,Medical,9.45
Near South Side,2024,4,Medical,8.01
Lincoln Park,2022,8,Medical,2.34
South Shore,2024,12,Medical,10.9
Greater Grand Crossing,2020,2,Fire,10.2
West Pullman,2019,8,Medical,9.6
Jefferson Park,2021,5,Police,10.99
Portage Park,2022,7,Medical,7.6
Grand Boulevard,2021,3,Police,8.15
Portage Park,2023,7,Police,13.71
West Ridge,2019,9,Medical,7.69
Uptown,2023,7,Police,8.61
Portage Park,2024,1,Police,10.98
West Englewood,2023,9,Police,10.59
West Town,2024,7,Police,7.69
Portage Park,2020,2,Police,14.97
Pullman,2023,5,Medical,10.0
South Shore,2022,11,Medical,11.22
South Shore,2019,10,Medical,13.7
West Pullman,2020,2,Fire,7.14
Washington Park,2021,7,Medical,9.89
Loop,2023,9,Medical,6.47
South Shore,2021,4,Police,9.14
Washington Park,2020,3,Medical,6.62
Portage Park,2021,6,Police,10.92
Near West Side,2022,8,Medical,12.28
South Shore,2020,8,Medical,10.08
Rogers Park,2019,8,Medical,9.15
Lake View,2019,5,Medical,4.17
Albany Park,2019,11,Police,6.91
Englewood,2019,12,Police,11.73
Greater Grand Crossing,2020,6,Fire,11.53
West Ridge,2020,12,Fire,10.18
North Lawndale,2024,2,Police,11.99
Logan Square,2020,6,Medical,7.79
Lake View,2023,5,Medical,7.64
Loop,2024,3,Medical,6.54
West Ridge,2020,8,Medical,7.89
Portage Park,2020,4,Police,8.85
Roseland,2020,2,Police,10.43
West Pullman,2019,11,Police,9.14
West Pullman,2022,3,Police,13.42
Beverly,2019,2,Police,7.11
South Shore,2024,2,Fire,7.65
Albany Park,2022,3,Police,9.7
Douglas,2022,7,Medical,8.74
West Garfield Park,2022,10,Fire,12.98
Douglas,2024,1,Medical,11.98
Near West Side,2024,10,Medical,12.22
West Garfield Park,2019,6,Fire,8.87
Kenwood,2023,11,Medical,6.97
Greater Grand Crossing,2021,1,Fire,8.78
West Pullman,2023,3,Fire,9.06
Greater Grand Crossing,2019,12,Medical,13.55
South Shore,2022,4,Fire,13.23
Humboldt Park,2021,8,Medical,10.25
Greater Grand Crossing,2023,2,Police,8.26
Lincoln Park,2024,7,Medical,2.24
Jefferson Park,2024,3,Medical,8.44
Near South Side,2020,1,Police,12.49
Irving Park,2024,6,Police,7.11
Roseland,2023,2,Medical,6.49
Pullman,2019,3,Police,8.3
Mount Greenwood,2021,6,Police,11.14
Lincoln Square,2020,3,Police,10.78
Pullman,2024,12,Fire,8.53
Woodlawn,2024,5,Police,10.05
Washington Park,2021,3,Police,11.0
Lake View,2021,12,Police,8.39
Lincoln Park,2023,7,Medical,7.23
Lake View,2024,7,Police,5.56
Woodlawn,2022,12,Police,12.59
Edison Park,2024,1,Police,4.17
Jefferson Park,2023,6,Medical,11.59
West Town,2020,3,Medical,5.69
Greater Grand Crossing,2019,7,Medical,11.51
Morgan Park,2024,1,Police,9.2
Near North Side,2023,10,Fire,4.2
West Pullman,2022,3,Police,10.1
Edison Park,2022,12,Medical,5.76
West Town,2023,10,Medical,5.73
Auburn Gresham,2020,2,Police,9.86
Near West Side,2022,8,Medical,5.13
Washington Heights,2022,8,Medical,8.26
Lincoln Park,2024,11,Medical,3.18
Near West Side,2024,9,Medical,7.37
South Shore,2020,9,Medical,6.49
West Garfield Park,2020,11,Medical,6.15
Near West Side,2020,2,Police,9.29
Pullman,2020,7,Police,9.16
Portage Park,2023,7,Police,8.2
West Town,2023,4,Medical,8.36
Albany Park,2021,6,Police,11.35
Grand Boulevard,2021,1,Fire,9.83
Uptown,2021,6,Medical,9.55
Uptown,2022,1,Medical,7.84
North Lawndale,2020,5,Medical,12.7
Washington Park,2023,4,Medical,7.74
Loop,2023,6,Police,3.41
Chatham,2020,11,Police,11.5
Douglas,2021,11,Police,6.28
West Town,2024,5,Medical,9.45
Washington Heights,2022,5,Police,11.38
Albany Park,2023,3,Fire,8.89
Near South Side,2019,10,Police,14.79
Chatham,2022,2,Police,10.85
West Pullman,2022,7,Medical,8.82
Albany Park,2021,10,Fire,11.11
Logan Square,2020,12,Fire,12.43
Grand Boulevard,2019,8,Police,7.7
Grand Boulevard,2021,5,Medical,8.0
Pullman,2020,9,Police,12.34
Lincoln Square,2019,1,Police,10.63
Uptown,2024,3,Medical,11.75
Near South Side,2024,8,Medical,7.37
West Ridge,2023,5,Police,8.62
Lincoln Square,2019,2,Medical,6.46
Rogers Park,2021,10,Police,8.38
West Town,2019,9,Fire,7.77
Riverdale,2019,1,Medical,10.07
Lincoln Park,2019,3,Police,6.95
Near North Side,2023,4,Police,6.01
Near West Side,2024,7,Police,8.34
Rogers Park,2024,4,Medical,10.0
Washington Heights,2020,11,Medical,7.04
Near West Side,2019,2,Fire,11.04
Hyde Park,2022,2,Medical,11.11
Irving Park,2021,10,Police,7.99
Douglas,2022,1,Medical,8.87
Logan Square,2020,7,Police,7.62
South Shore,2021,9,Police,14.08
Humboldt Park,2020,12,Police,12.27
Douglas,2021,10,Police,13.3
Roseland,2024,2,Police,10.28
Loop,2024,7,Medical,9.47
Woodlawn,2022,8,Police,8.76
Beverly,2022,3,Medical,6.69
Morgan Park,2023,4,Police,8.26
Englewood,2020,9,Police,16.34
Washington Heights,2022,4,Medical,7.45
Morgan Park,2021,6,Police,8.52
Auburn Gresham,2019,8,Medical,7.18
Rogers Park,2019,10,Police,13.81
West Town,2019,2,Police,6.46
West Pullman,2023,1,Medical,7.31
Edison Park,2022,7,Fire,3.57
Riverdale,2020,1,Police,9.24
North Lawndale,2020,4,Police,6.94
Chatham,2023,5,Police,11.12
West Pullman,2021,2,Medical,8.86
Riverdale,2024,10,Fire,10.99
Lake View,2022,4,Medical,4.34
North Lawndale,2022,11,Medical,7.95
Albany Park,2021,11,Medical,8.72
Greater Grand Crossing,2021,10,Medical,10.42
Riverdale,2022,11,Police,11.35
Grand Boulevard,2022,7,Police,8.74
Mount Greenwood,2019,4,Medical,7.61
Lake View,2020,11,Fire,4.35
Englewood,2019,1,Medical,11.04
Kenwood,2019,12,Police,13.47
West Garfield Park,2020,10,Police,7.88
Pullman,2023,4,Fire,8.09
Near North Side,2024,11,Medical,4.74
West Garfield Park,2023,12,Medical,11.83
South Shore,2023,6,Fire,10.47
Beverly,2023,12,Fire,8.68
Douglas,2021,5,Police,11.88
West Town,2019,4,Medical,13.93
Auburn Gresham,2021,2,Medical,11.06
West Town,2021,10,Medical,9.79
Washington Park,2020,11,Fire,10.66
Near South Side,2023,6,Medical,10.72
Beverly,2022,12,Medical,5.32
West Ridge,2023,6,Fire,8.71
Woodlawn,2019,6,Medical,9.16
West Pullman,2021,4,Police,11.53
Near South Side,2019,8,Police,15.08
Lincoln Square,2021,1,Medical,11.69
Near West Side,2021,10,Medical,7.7
West Ridge,2021,8,Medical,5.82
Hyde Park,2022,8,Police,3.69
Englewood,2023,5,Police,10.36
Humboldt Park,2021,9,Fire,11.27
West Town,2020,12,Fire,6.48
Loop,2024,9,Medical,5.29
Englewood,2024,10,Police,13.59
Greater Grand Crossing,2021,4,Police,10.51
Near West Side,2023,2,Police,12.63
Jefferson Park,2023,1,Medical,6.73
Near North Side,2022,8,Fire,5.81
Roseland,2021,8,Fire,8.71
Logan Square,2020,11,Fire,9.2
Woodlawn,2022,7,Medical,11.96
West Englewood,2022,11,Police,11.82
Logan Square,2021,3,Police,11.79
West Town,2021,3,Fire,8.42
Jefferson Park,2022,10,Medical,6.68
Grand Boulevard,2022,8,Police,6.31
Greater Grand Crossing,2022,12,Medical,6.52
Mount Greenwood,2019,11,Police,10.13
Uptown,2022,8,Medical,9.96
Englewood,2023,2,Medical,9.66
Near West Side,2024,1,Police,9.36
South Shore,2020,1,Fire,10.64
Grand Boulevard,2020,11,Police,9.99
Mount Greenwood,2024,1,Medical,5.89
Near North Side,2021,3,Medical,6.09
Morgan Park,2022,1,Fire,6.21
Irving Park,2020,8,Medical,6.92
Humboldt Park,2020,8,Fire,12.7
West Town,2023,9,Medical,8.9
Uptown,2023,4,Fire,10.23
West Town,2019,8,Fire,8.3
Kenwood,2024,7,Police,10.07
Edison Park,2019,4,Fire,5.32
Lake View,2020,1,Fire,6.91
Lincoln Square,2021,12,Police,11.46
Humboldt Park,2020,11,Medical,8.77
Austin,2021,3,Police,17.21
Loop,2020,8,Police,8.25
Kenwood,2023,8,Medical,7.89
Lincoln Park,2022,12,Police,4.43
Pullman,2020,2,Police,8.98
Lincoln Park,2019,7,Medical,6.04
West Englewood,2021,1,Medical,9.58
West Town,2021,4,Medical,6.13
Chatham,2020,7,Fire,8.91
Uptown,2021,4,Police,11.58
Portage Park,2019,4,Police,9.5
Uptown,2023,11,Police,11.0
South Shore,2022,7,Medical,13.62
Albany Park,2022,1,Police,9.96
Riverdale,2021,5,Police,14.41
Austin,2020,6,Medical,7.36
Albany Park,2021,7,Police,7.12
Riverdale,2019,7,Medical,12.54
Greater Grand Crossing,2024,12,Medical,6.36
Uptown,2020,7,Medical,9.26
Lake View,2023,2,Medical,6.25
Irving Park,2019,6,Medical,9.64
Logan Square,2023,9,Fire,10.95
Kenwood,2020,7,Police,6.95
West Pullman,2023,7,Medical,6.32
Austin,2019,2,Medical,10.83
West Pullman,2019,7,Medical,5.83
Auburn Gresham,2021,9,Police,12.46
Greater Grand Crossing,2024,3,Medical,10.74
Near South Side,2020,2,Police,10.63
Irving Park,2022,6,Medical,10.81
Near South Side,2024,12,Police,6.62
Near South Side,2022,2,Fire,5.86
Lincoln Park,2023,1,Medical,3.12
Jefferson Park,2022,10,Medical,5.1
Rogers Park,2022,12,Police,9.13
Irving Park,2019,4,Medical,8.82
Humboldt Park,2019,9,Police,10.41
Lincoln Park,2019,10,Police,3.24
Rogers Park,2022,3,Medical,11.27
Douglas,2023,3,Police,13.79
Englewood,2020,6,Police,7.64
Portage Park,2021,6,Medical,10.88
Uptown,2023,8,Medical,8.54
Lincoln Park,2019,10,Police,2.34
Lincoln Park,2023,6,Fire,6.52
Loop,2020,8,Police,7.23
Near South Side,2024,8,Police,10.54
West Ridge,2019,7,Medical,10.54
Hyde Park,2020,5,Medical,3.71
Pullman,2024,4,Police,9.06
Hyde Park,2021,1,Police,9.45
West Pullman,2023,6,Medical,10.7
Albany Park,2021,8,Police,11.62
Grand Boulevard,2022,11,Medical,12.23
Lincoln Park,2023,4,Medical,5.44
Grand Boulevard,2024,7,Fire,8.37
South Shore,2022,3,Police,13.23
Roseland,2020,5,Medical,9.94
Humboldt Park,2022,7,Medical,8.36
Auburn Gresham,2024,12,Medical,9.18
West Pullman,2024,11,Police,12.26
Englewood,2020,9,Medical,8.82
Morgan Park,2021,9,Police,12.51
Douglas,2019,7,Medical,6.41
Pullman,2021,4,Medical,9.23
Near North Side,2022,6,Police,9.86
Morgan Park,2020,4,Police,14.88
Near South Side,2022,3,Medical,7.0
Austin,2024,9,Medical,11.19
Loop,2019,5,Police,6.18
Near West Side,2023,8,Fire,14.94
West Pullman,2023,3,Medical,7.5
West Town,2023,9,Police,10.61
Lake View,2022,1,Medical,6.03
Portage Park,2023,2,Medical,9.08
West Town,2020,4,Police,11.92
Chatham,2019,2,Medical,9.18
Lincoln Square,2024,9,Medical,6.29
Greater Grand Crossing,2021,7,Medical,7.8
Grand Boulevard,2024,2,Police,7.67
West Town,2020,11,Police,8.47
Uptown,2019,11,Medical,6.26
West Pullman,2021,4,Medical,7.83
Albany Park,2023,6,Fire,4.61
Mount Greenwood,2021,2,Medical,4.34
Beverly,2022,9,Police,9.08
Douglas,2022,3,Fire,11.75
Humboldt Park,2023,2,Medical,11.07
West Garfield Park,2023,12,Medical,15.54
Near South Side,2020,4,Police,15.67
West Town,2020,5,Police,9.83
West Town,2024,4,Medical,8.56
Rogers Park,2022,12,Medical,14.88
Kenwood,2019,3,Medical,5.1
Irving Park,2020,3,Police,7.78
Albany Park,2019,12,Medical,3.33
Pullman,2024,3,Police,6.2
Portage Park,2022,3,Police,11.75
Austin,2020,6,Medical,9.15
Jefferson Park,2019,4,Medical,6.73
Humboldt Park,2024,7,Police,12.85
Near West Side,2019,7,Medical,9.61
Pullman,2020,4,Police,13.18
Jefferson Park,2023,1,Police,12.5
Greater Grand Crossing,2024,9,Fire,10.96
Washington Heights,2024,7,Medical,6.32
Hyde Park,2021,6,Fire,10.28
Edison Park,2023,5,Medical,9.2
Kenwood,2024,9,Police,14.49
Edison Park,2021,9,Police,6.18
Near West Side,2019,10,Police,5.9
Roseland,2020,11,Medical,8.39
Douglas,2024,6,Police,10.05
Jefferson Park,2022,8,Fire,7.14
Lincoln Square,2020,7,Medical,10.19
Auburn Gresham,2023,12,Fire,12.33
Edison Park,2021,1,Police,5.04
Rogers Park,2020,2,Fire,10.2
South Shore,2021,9,Police,9.33
Lincoln Park,2023,10,Medical,4.97
Greater Grand Crossing,2023,4,Fire,10.12
Portage Park,2020,11,Medical,9.98
Lake View,2024,3,Fire,6.15
Kenwood,2022,2,Medical,11.25
North Lawndale,2024,8,Fire,9.6
Loop,2022,7,Police,7.12
South Shore,2021,9,Police,9.75
Logan Square,2020,3,Medical,9.63
Lake View,2019,1,Police,4.73
Roseland,2023,9,Police,8.69
Rogers Park,2024,5,Medical,7.31
Douglas,2021,5,Medical,6.74
North Lawndale,2023,3,Fire,8.9
Lake View,2021,8,Fire,6.23
Pullman,2020,8,Police,9.73
Lincoln Park,2021,1,Medical,7.2
Woodlawn,2021,4,Medical,11.92
Washington Park,2019,6,Medical,8.02
Chatham,2021,9,Medical,8.16
South Shore,2022,2,Medical,7.96
Austin,2021,7,Fire,10.98
Irving Park,2021,10,Fire,6.7
Loop,2020,1,Medical,5.33
North Lawndale,2021,10,Fire,8.46
Englewood,2019,4,Medical,11.04
Grand Boulevard,2020,10,Medical,9.67
Woodlawn,2023,11,Medical,9.34
West Garfield Park,2022,12,Medical,8.68
Near South Side,2022,7,Medical,12.37
Mount Greenwood,2023,3,Medical,4.87
Pullman,2021,3,Fire,4.88
Uptown,2019,4,Police,13.43
West Garfield Park,2019,8,Medical,7.9
Hyde Park,2019,3,Police,9.92
Grand Boulevard,2019,8,Medical,8.97
Lincoln Park,2021,10,Police,5.69
South Shore,2023,9,Medical,10.54
Edison Park,2023,12,Medical,5.16
Edison Park,2022,8,Police,6.07
Near West Side,2023,8,Medical,10.99
Beverly,2019,9,Medical,5.38
Chatham,2021,4,Police,8.99
Grand Boulevard,2020,12,Police,10.58
West Pullman,2020,3,Medical,10.87
Albany Park,2019,8,Police,7.13
Woodlawn,2024,1,Police,11.26
Rogers Park,2022,10,Police,7.78
Washington Heights,2020,1,Police,10.93
Chatham,2024,4,Medical,7.64
Uptown,2019,10,Police,6.02
Auburn Gresham,2021,3,Medical,6.96
Pullman,2020,10,Medical,8.19
Portage Park,2019,2,Medical,5.99
Douglas,2020,9,Police,8.5
North Lawndale,2021,12,Medical,12.19
West Englewood,2023,12,Police,9.36
Lincoln Park,2023,12,Police,3.73
Uptown,2021,5,Medical,7.29
Lake View,2021,3,Police,5.55
Jefferson Park,2023,9,Medical,9.96
South Shore,2021,8,Police,12.7
Near West Side,2021,4,Police,9.01
South Shore,2021,10,Police,10.06
Woodlawn,2023,5,Fire,8.12
Logan Square,2023,11,Police,9.76
Beverly,2024,12,Medical,7.28
Near South Side,2020,5,Medical,8.6
Woodlawn,2023,8,Police,9.86
Lincoln Park,2020,7,Fire,2.77
Beverly,2023,3,Police,9.73
Portage Park,2022,6,Medical,11.41
Morgan Park,2020,6,Fire,8.23
West Garfield Park,2021,2,Medical,9.24
Washington Heights,2022,1,Police,10.21
Near North Side,2024,7,Fire,7.95
Roseland,2023,3,Police,13.78
Near South Side,2023,5,Police,8.3
Rogers Park,2024,8,Medical,7.22
Washington Park,2022,5,Police,5.78
West Pullman,2019,11,Fire,10.75
Edison Park,2021,5,Police,8.3
Lake View,2020,5,Police,4.46
Roseland,2022,11,Medical,13.67
Edison Park,2020,7,Police,6.25
Near West Side,2023,2,Police,7.41
Roseland,2019,1,Police,14.32
West Town,2024,11,Fire,5.31
Greater Grand Crossing,2019,4,Police,10.25
Woodlawn,2020,5,Police,11.66
Logan Square,2024,7,Police,7.56
Humboldt Park,2023,1,Police,10.56
Auburn Gresham,2024,9,Medical,12.78
Roseland,2024,11,Medical,6.24
Washington Heights,2019,12,Police,12.43
Logan Square,2021,12,Police,6.62
Austin,2023,10,Medical,8.69
Near North Side,2022,4,Police,4.57
Woodlawn,2022,6,Police,11.27
West Englewood,2022,11,Medical,10.71
West Town,2021,1,Medical,4.22
South Shore,2023,9,Police,8.59
West Englewood,2024,4,Police,12.09
Near North Side,2020,5,Medical,7.63
Loop,2020,8,Medical,4.9
West Pullman,2023,6,Medical,7.76
Beverly,2021,10,Police,7.82
Mount Greenwood,2023,12,Fire,3.72
West Pullman,2020,3,Medical,8.23
Hyde Park,2023,10,Police,7.96
Washington Heights,2022,8,Fire,8.27
Loop,2024,6,Fire,7.62
North Lawndale,2023,12,Medical,14.23
West Town,2024,2,Fire,7.77
Douglas,2019,5,Medical,3.59
Douglas,2023,3,Police,8.47
Near South Side,2020,4,Medical,9.73
West Ridge,2020,9,Police,8.08
Mount Greenwood,2024,3,Medical,5.1
North Lawndale,2020,5,Medical,12.3
Grand Boulevard,2022,8,Police,7.24
Logan Square,2020,9,Police,9.52
Morgan Park,2019,7,Police,6.29
Jefferson Park,2023,11,Fire,7.02
Near North Side,2021,4,Fire,4.64
Morgan Park,2020,9,Fire,8.92
Rogers Park,2023,12,Police,10.95
West Ridge,2022,2,Medical,7.5
Lincoln Square,2023,12,Medical,5.79
Humboldt Park,2020,2,Police,17.3
West Pullman,2020,4,Medical,8.23
Greater Grand Crossing,2024,2,Police,8.51
West Ridge,2020,3,Medical,3.59
Mount Greenwood,2019,5,Police,11.36
Humboldt Park,2023,3,Medical,7.06
Loop,2024,1,Medical,5.93
Washington Park,2021,11,Medical,8.17
Edison Park,2019,3,Police,14.83
South Shore,2021,6,Medical,6.0
Near South Side,2020,3,Police,12.41
Grand Boulevard,2021,9,Medical,5.31
West Pullman,2021,3,Medical,8.51
Edison Park,2019,11,Medical,8.52
Pullman,2019,3,Medical,6.5
Auburn Gresham,2023,3,Medical,7.0
Austin,2021,5,Medical,8.7
Mount Greenwood,2019,7,Medical,5.61
Woodlawn,2023,5,Medical,13.38
Mount Greenwood,2021,9,Medical,5.66
Morgan Park,2021,6,Medical,8.72
North Lawndale,2024,1,Police,15.61
West Englewood,2020,9,Medical,10.86
West Town,2019,3,Police,9.2
Woodlawn,2022,8,Medical,10.13
West Garfield Park,2024,12,Medical,12.35
Mount Greenwood,2019,3,Medical,7.67
West Ridge,2024,8,Police,9.27
Pullman,2020,4,Police,15.15
Auburn Gresham,2024,1,Medical,8.74
Morgan Park,2024,11,Medical,7.36
Morgan Park,2023,6,Police,12.13
Englewood,2019,7,Police,14.7
Englewood,2021,8,Police,10.71
Uptown,2022,6,Police,10.82
West Garfield Park,2023,1,Police,10.9
Humboldt Park,2019,5,Police,11.17
Humboldt Park,2023,9,Medical,8.27
Beverly,2021,3,Medical,7.43
West Englewood,2024,5,Fire,11.63
Rogers Park,2022,6,Medical,4.91
Chatham,2021,5,Medical,11.13
Lincoln Square,2022,4,Medical,8.57
Riverdale,2023,2,Fire,14.3
West Garfield Park,2024,5,Police,12.53
South Shore,2024,10,Medical,8.83
Hyde Park,2019,1,Police,5.57
Edison Park,2022,1,Medical,4.23
Englewood,2021,8,Police,10.19
North Lawndale,2022,4,Fire,12.3
Pullman,2023,1,Medical,8.67
Woodlawn,2024,2,Police,13.8
Austin,2023,5,Medical,9.35
Albany Park,2023,7,Medical,10.87
Mount Greenwood,2019,12,Medical,7.19
Irving Park,2023,5,Fire,9.16
Douglas,2019,11,Police,9.15
Austin,2020,10,Police,7.97
Irving Park,2022,6,Police,11.73
Portage Park,2024,7,Fire,8.37
Loop,2024,3,Fire,5.08
Rogers Park,2021,11,Medical,12.03
Woodlawn,2024,10,Medical,10.97
Uptown,2019,5,Police,10.25
Irving Park,2024,8,Police,5.52
Roseland,2019,11,Police,12.44
Jefferson Park,2024,6,Police,7.86
Auburn Gresham,2021,2,Medical,14.46
Rogers Park,2022,9,Medical,8.13
Lincoln Square,2023,2,Police,6.04
West Town,2022,6,Police,10.41
Woodlawn,2019,11,Medical,7.87
Edison Park,2023,2,Police,8.99
Grand Boulevard,2020,10,Medical,9.54
West Town,2021,7,Police,7.52
Woodlawn,2022,1,Police,16.52
Pullman,2023,4,Police,8.77
Washington Heights,2021,12,Police,9.97
Edison Park,2022,8,Medical,8.46
Roseland,2019,9,Medical,10.55
North Lawndale,2019,10,Medical,11.09
Lincoln Square,2019,3,Police,12.34
Douglas,2020,9,Medical,8.92
Uptown,2024,12,Medical,9.58
West Town,2019,8,Medical,15.14
West Englewood,2019,4,Medical,11.86
Beverly,2024,1,Police,3.99
Riverdale,2019,10,Medical,8.86
Humboldt Park,2023,5,Police,10.97
Rogers Park,2021,11,Medical,8.67
Hyde Park,2020,7,Police,8.66
Edison Park,2022,5,Police,6.74
Austin,2024,11,Police,9.14
Beverly,2024,5,Medical,6.99
Albany Park,2024,5,Police,11.42
Auburn Gresham,2020,3,Fire,9.45
Hyde Park,2021,6,Medical,7.79
South Shore,2019,11,Medical,11.04
Irving Park,2024,4,Medical,6.51
Loop,2019,10,Fire,3.23
Humboldt Park,2022,2,Police,9.84
West Englewood,2024,4,Medical,8.02
Chatham,2020,6,Medical,11.42
Irving Park,2020,6,Police,13.22
North Lawndale,2022,11,Medical,8.51
West Ridge,2020,9,Police,11.12
West Ridge,2020,8,Police,6.61
West Garfield Park,2020,5,Police,9.92
Albany Park,2024,10,Medical,6.96
North Lawndale,2022,3,Police,8.69
Douglas,2024,4,Medical,10.4
Near West Side,2022,5,Medical,7.52
Rogers Park,2021,1,Fire,8.81
Kenwood,2020,12,Fire,15.02
Greater Grand Crossing,2021,9,Police,12.05
Washington Park,2023,4,Medical,11.76
Greater Grand Crossing,2023,8,Fire,8.5
Pullman,2020,5,Medical,19.79
Pullman,2019,11,Fire,9.23
West Ridge,2023,5,Police,13.9
Near West Side,2019,12,Police,11.87
Irving Park,2021,2,Police,10.84
Albany Park,2020,8,Police,9.43
Pullman,2021,12,Fire,7.69
Douglas,2024,11,Medical,8.37
Grand Boulevard,2021,10,Police,17.4
Grand Boulevard,2022,7,Fire,10.69
West Town,2020,12,Police,11.61
Hyde Park,2022,2,Police,4.57
Uptown,2021,11,Police,13.87
Grand Boulevard,2019,6,Medical,8.62
Loop,2020,9,Medical,5.71
Mount Greenwood,2020,8,Medical,6.27
Washington Heights,2023,10,Police,9.97
Edison Park,2019,12,Police,6.93
North Lawndale,2024,3,Police,12.31
Morgan Park,2019,7,Medical,6.07
Lincoln Park,2021,4,Fire,6.4
Woodlawn,2021,11,Police,12.05
Greater Grand Crossing,2021,4,Medical,8.01
West Town,2023,7,Medical,8.72
Auburn Gresham,2019,11,Police,6.63
Lake View,2022,7,Police,3.3
Washington Heights,2019,12,Fire,11.83
Jefferson Park,2022,11,Police,8.33
Near North Side,2020,1,Police,7.73
Morgan Park,2022,11,Police,9.69
Loop,2020,1,Police,5.54
Albany Park,2024,6,Fire,11.05
Hyde Park,2024,2,Police,13.53
Lincoln Square,2021,3,Police,9.19
Beverly,2019,2,Police,13.04
Kenwood,2021,2,Fire,9.72
Humboldt Park,2019,8,Police,10.78
Morgan Park,2022,8,Medical,8.34
Rogers Park,2019,6,Medical,7.98
West Garfield Park,2022,3,Police,9.49
Kenwood,2019,5,Medical,4.07
Woodlawn,2020,7,Police,7.26
Near North Side,2022,5,Police,5.41
Jefferson Park,2021,7,Medical,8.39
West Englewood,2021,10,Police,12.7
Irving Park,2021,7,Medical,9.98
Near South Side,2021,4,Medical,8.54
Uptown,2020,10,Police,11.81
West Town,2020,10,Medical,9.74
Near South Side,2023,6,Medical,8.91
Albany Park,2023,9,Fire,7.31
Riverdale,2023,4,Medical,9.97
Lincoln Park,2024,10,Medical,1.93
West Ridge,2023,12,Medical,9.88
Chatham,2019,1,Medical,5.26
Mount Greenwood,2024,8,Fire,6.44
Riverdale,2022,4,Medical,11.73
Lincoln Square,2021,8,Medical,6.12
Lincoln Square,2019,11,Fire,5.29
Chatham,2024,9,Medical,5.42
Auburn Gresham,2020,12,Police,11.6
Loop,2021,12,Medical,3.62
Morgan Park,2022,8,Police,11.23
Grand Boulevard,2022,1,Police,5.89
North Lawndale,2020,12,Police,12.42
Washington Park,2021,12,Medical,5.82
Rogers Park,2023,9,Medical,7.07
West Town,2021,5,Medical,5.38
Englewood,2021,8,Police,13.5
Loop,2022,12,Police,3.49
Auburn Gresham,2020,6,Medical,10.0
Woodlawn,2021,7,Fire,9.94
Douglas,2019,3,Medical,10.72
Lake View,2019,9,Fire,3.22
Englewood,2020,9,Police,15.34
Washington Heights,2023,10,Medical,8.05
Uptown,2024,2,Medical,12.3
West Garfield Park,2021,4,Medical,11.93
Kenwood,2024,4,Fire,11.45
Kenwood,2021,1,Medical,11.96
Uptown,2022,4,Medical,9.87
Near North Side,2021,3,Medical,4.81
Washington Park,2024,11,Police,13.62
Uptown,2023,11,Medical,5.17
West Town,2021,2,Police,10.55
Chatham,2021,6,Medical,11.75
Chatham,2022,3,Medical,10.15
Albany Park,2019,10,Medical,9.53
West Pullman,2019,9,Fire,8.42
Grand Boulevard,2023,9,Police,11.1
Washington Heights,2020,11,Fire,7.17
Jefferson Park,2020,8,Police,8.33
Auburn Gresham,2022,8,Police,7.54
Mount Greenwood,2024,2,Medical,6.84
Humboldt Park,2024,11,Police,9.69
Lincoln Square,2021,6,Medical,10.72
Loop,2022,4,Police,5.56
South Shore,2024,10,Police,7.96
Humboldt Park,2019,2,Medical,11.78
Englewood,2023,2,Police,8.0
Logan Square,2020,10,Medical,10.81
Pullman,2021,12,Medical,8.36
Riverdale,2020,7,Medical,10.84
Washington Heights,2019,11,Police,11.32
South Shore,2021,1,Medical,8.6
Washington Park,2019,8,Medical,7.27
West Pullman,2020,5,Police,7.53
Jefferson Park,2020,10,Police,7.48
South Shore,2019,8,Medical,8.75
Pullman,2021,2,Police,8.96
West Garfield Park,2019,1,Medical,6.56
Grand Boulevard,2021,2,Police,9.59
Logan Square,2022,6,Fire,7.41
Albany Park,2022,4,Police,11.67
Austin,2021,8,Police,9.65
Lincoln Park,2019,12,Police,5.69
Portage Park,2021,9,Medical,8.53
Uptown,2020,9,Police,14.83
South Shore,2019,5,Police,9.84
Morgan Park,2024,6,Medical,7.36
West Town,2021,11,Police,14.18
Logan Square,2020,12,Medical,8.94
West Garfield Park,2023,11,Medical,11.46
Near North Side,2020,7,Police,5.64
South Shore,2024,12,Medical,10.2
Beverly,2021,4,Medical,5.58
Logan Square,2019,12,Fire,8.68
West Garfield Park,2019,10,Police,15.25
West Town,2022,3,Fire,12.13
Greater Grand Crossing,2024,2,Police,7.51
South Shore,2021,10,Police,14.63
West Town,2020,4,Fire,6.11
Portage Park,2020,9,Medical,7.05
Pullman,2024,5,Medical,6.96
Lincoln Square,2021,1,Medical,6.76
West Englewood,2020,12,Medical,8.44
Englewood,2023,5,Police,12.92
Woodlawn,2024,6,Police,11.32
Albany Park,2022,12,Police,9.26
Roseland,2019,10,Police,8.84
Loop,2020,6,Medical,4.11
Chatham,2023,5,Medical,7.57
Chatham,2021,8,Police,12.44
Grand Boulevard,2020,5,Fire,6.32
Near South Side,2024,11,Police,6.83
Albany Park,2021,10,Fire,9.67
Morgan Park,2023,3,Police,11.81
Irving Park,2023,3,Police,9.67
Roseland,2019,4,Medical,9.83
Riverdale,2021,10,Police,10.3
North Lawndale,2022,8,Fire,8.08
Humboldt Park,2019,9,Fire,6.74
Douglas,2021,7,Fire,9.13
Near South Side,2021,2,Police,13.82
Rogers Park,2023,9,Medical,11.64
West Town,2024,6,Medical,7.16
Greater Grand Crossing,2023,6,Medical,8.52
Douglas,2021,6,Police,9.59
West Pullman,2024,1,Medical,7.86
Riverdale,2024,9,Medical,11.7
Morgan Park,2023,6,Police,10.61
Washington Heights,2021,7,Police,7.83
Grand Boulevard,2021,1,Fire,6.13
West Ridge,2024,5,Medical,7.6
West Ridge,2019,3,Medical,9.34
Beverly,2019,9,Medical,14.99
Chatham,2022,2,Police,10.37
Uptown,2019,4,Fire,12.29
Washington Heights,2020,3,Medical,6.38
Near North Side,2020,9,Medical,3.15
Greater Grand Crossing,2023,3,Medical,10.2
Chatham,2024,1,Fire,8.79
Auburn Gresham,2020,8,Fire,10.35
Greater Grand Crossing,2019,1,Police,11.68
Grand Boulevard,2024,11,Medical,11.78
Austin,2022,1,Police,11.7
Pullman,2021,7,Medical,9.94
Englewood,2022,9,Medical,11.74
Rogers Park,2019,4,Medical,9.94
North Lawndale,2019,10,Police,10.12
Mount Greenwood,2019,4,Police,5.66
West Town,2023,5,Medical,9.22
West Garfield Park,2020,5,Fire,12.68
Albany Park,2019,2,Fire,6.03
Loop,2021,12,Medical,6.37
Lincoln Park,2020,9,Police,5.37
Edison Park,2020,10,Medical,5.92
Englewood,2023,9,Medical,14.79
West Pullman,2022,9,Police,8.96
Lincoln Square,2024,9,Fire,9.41
Washington Heights,2020,1,Police,8.96
Loop,2020,8,Fire,3.61
Kenwood,2019,8,Medical,4.62
Kenwood,2021,12,Police,8.5
Hyde Park,2019,4,Medical,8.17
Washington Park,2021,10,Police,11.84
Greater Grand Crossing,2020,1,Police,13.66
Near North Side,2021,1,Police,3.0
Albany Park,2019,1,Medical,11.01
Irving Park,2019,3,Police,13.23
Rogers Park,2022,10,Medical,9.04
Washington Park,2023,3,Police,11.11
Austin,2022,4,Police,10.73
Lake View,2020,11,Medical,4.99
Near West Side,2021,2,Police,11.99
Lincoln Square,2019,11,Police,10.32
Lincoln Park,2019,11,Medical,2.45
Hyde Park,2019,9,Medical,7.43
Washington Heights,2024,10,Medical,7.33
Washington Heights,2019,9,Police,10.19
Jefferson Park,2024,10,Medical,8.83
Humboldt Park,2020,7,Medical,12.59
Jefferson Park,2023,2,Police,12.19
West Town,2022,3,Medical,7.44
Auburn Gresham,2024,8,Police,5.55
Loop,2022,9,Police,7.59
Edison Park,2024,4,Police,15.13
West Pullman,2019,9,Medical,11.96
Near South Side,2019,4,Medical,5.59
Morgan Park,2021,2,Medical,11.43
Near West Side,2019,7,Medical,7.42
Chatham,2022,9,Medical,6.54
Pullman,2021,2,Police,17.46
Lincoln Park,2021,8,Medical,3.64
Lincoln Square,2019,6,Police,14.14
Chatham,2021,9,Police,8.3
Uptown,2023,5,Medical,10.08
Rogers Park,2019,1,Medical,12.17
West Town,2023,5,Fire,12.25
Near South Side,2019,10,Police,6.8
Pullman,2024,7,Police,13.37
Near North Side,2023,11,Fire,4.39
West Garfield Park,2019,7,Police,11.8
Near West Side,2022,4,Medical,9.57
Washington Heights,2024,10,Police,9.18
Uptown,2024,6,Police,8.62
Roseland,2024,6,Medical,7.15
West Englewood,2019,11,Police,9.82
Chatham,2022,10,Medical,6.87
Humboldt Park,2020,10,Police,11.28
West Englewood,2024,1,Medical,10.97
South Shore,2020,5,Fire,8.88
Roseland,2019,7,Police,12.02
Hyde Park,2024,5,Police,9.54
Near North Side,2022,8,Fire,9.32
Washington Heights,2022,1,Fire,5.67
Pullman,2024,9,Medical,9.46
Lake View,2021,2,Medical,6.85
West Englewood,2021,8,Fire,12.25
Humboldt Park,2024,5,Police,11.4
Greater Grand Crossing,2023,10,Medical,11.02
Woodlawn,2021,7,Police,12.19
Kenwood,2019,11,Medical,3.84
Mount Greenwood,2021,11,Medical,8.39
Chatham,2021,7,Medical,8.64
Douglas,2019,1,Medical,10.62
Edison Park,2019,8,Medical,7.07
West Town,2023,3,Police,8.03
Lake View,2022,4,Medical,2.92
Lincoln Square,2021,3,Medical,10.82
Portage Park,2024,11,Police,8.32
North Lawndale,2024,2,Police,14.95
Roseland,2020,7,Police,11.12
West Town,2022,10,Police,12.34
Lincoln Park,2019,5,Medical,4.51
Austin,2024,7,Medical,15.62
Mount Greenwood,2021,1,Police,7.89
Jefferson Park,2023,10,Police,13.32
Englewood,2020,2,Police,12.06
Woodlawn,2022,6,Police,12.89
Logan Square,2021,6,Police,9.14
Greater Grand Crossing,2019,3,Medical,11.41
Woodlawn,2022,10,Medical,13.1
Jefferson Park,2020,1,Medical,7.06
Lake View,2019,3,Fire,8.53
Douglas,2020,4,Medical,13.11
Pullman,2021,1,Medical,12.08
Uptown,2022,7,Medical,7.93
Roseland,2023,3,Police,10.08
Near South Side,2021,8,Medical,8.88
West Englewood,2024,7,Medical,11.01
Lincoln Park,2021,12,Medical,5.82
South Shore,2023,6,Medical,5.04
West Pullman,2023,8,Medical,9.25
Auburn Gresham,2024,9,Police,9.67
Washington Park,2024,2,Police,6.06
West Pullman,2019,10,Medical,8.93
West Englewood,2020,9,Medical,11.78
Douglas,2021,10,Fire,12.88
Kenwood,2019,5,Medical,6.03
Washington Heights,2024,1,Police,10.83
Roseland,2019,1,Fire,11.28
West Pullman,2021,7,Medical,7.75
Pullman,2020,6,Police,9.28
Grand Boulevard,2023,10,Medical,6.51
Mount Greenwood,2021,9,Medical,2.33
Riverdale,2020,12,Medical,10.12
Washington Park,2023,1,Medical,9.26
Greater Grand Crossing,2022,10,Police,9.68
Kenwood,2021,10,Police,6.14
Pullman,2024,10,Medical,9.75
Washington Heights,2021,10,Medical,17.75
Logan Square,2024,7,Medical,7.13
Albany Park,2020,8,Medical,6.56
Grand Boulevard,2019,10,Police,11.5
North Lawndale,2019,4,Police,10.16
West Pullman,2020,1,Medical,10.76
Riverdale,2021,11,Police,15.12
Greater Grand Crossing,2021,11,Medical,7.39
South Shore,2024,3,Police,8.92
Austin,2021,2,Medical,6.06
Austin,2022,3,Police,8.59
North Lawndale,2024,12,Police,11.71
Edison Park,2019,6,Medical,5.31
Austin,2022,10,Medical,8.28
Portage Park,2021,3,Police,10.84
Lincoln Park,2019,10,Police,5.85
Rogers Park,2024,4,Police,10.14
Irving Park,2021,1,Medical,13.05
Beverly,2024,6,Medical,7.95
South Shore,2021,2,Medical,9.13
West Garfield Park,2020,4,Medical,5.19
Rogers Park,2019,5,Police,8.11
West Pullman,2021,5,Medical,8.45
Edison Park,2023,4,Police,8.67
Mount Greenwood,2023,3,Police,11.54
Kenwood,2024,4,Fire,10.89
Albany Park,2021,3,Medical,8.57
Washington Heights,2020,3,Fire,9.97
Washington Heights,2024,4,Fire,7.54
Albany Park,2021,9,Medical,7.13
Greater Grand Crossing,2023,9,Police,14.58
Washington Park,2019,8,Police,8.57
Albany Park,2020,4,Medical,8.98
Near West Side,2021,2,Medical,12.12
West Town,2023,12,Medical,14.05
Austin,2019,9,Police,12.24
West Ridge,2023,6,Medical,8.63
Chatham,2024,8,Police,16.48
Lincoln Square,2020,4,Medical,11.07
Chatham,2024,8,Police,15.29
Pullman,2022,6,Police,10.79
West Garfield Park,2021,6,Police,10.56
Albany Park,2024,6,Medical,11.78
Woodlawn,2019,9,Police,11.04
Morgan Park,2020,1,Medical,9.78
West Town,2020,1,Police,11.74
Pullman,2022,5,Police,8.9
Near South Side,2022,1,Police,8.69
Morgan Park,2021,10,Police,6.12
Hyde Park,2024,9,Police,9.14
Beverly,2021,4,Medical,5.54
Greater Grand Crossing,2024,2,Fire,9.17
West Garfield Park,2024,3,Police,13.98
Uptown,2020,9,Police,9.83
Humboldt Park,2024,11,Police,10.15
Logan Square,2021,8,Fire,8.9
Morgan Park,2021,3,Police,10.08
Woodlawn,2022,8,Medical,9.04
Rogers Park,2020,4,Fire,9.2
West Garfield Park,2023,6,Medical,10.75
Englewood,2023,4,Police,8.19
Humboldt Park,2019,11,Police,11.05
West Garfield Park,2022,5,Medical,9.28
Uptown,2019,10,Fire,7.35
Englewood,2020,9,Police,12.9
Mount Greenwood,2023,2,Police,5.69
Washington Park,2023,9,Medical,5.26
West Ridge,2023,3,Medical,13.53
Englewood,2019,5,Police,9.41
Hyde Park,2021,7,Medical,8.59
Pullman,2019,12,Medical,12.09
Jefferson Park,2023,12,Police,12.75
Roseland,2022,2,Fire,10.42
Loop,2022,4,Police,5.4
Near South Side,2024,1,Police,11.32
Chatham,2019,11,Police,11.33
Washington Park,2024,3,Medical,12.8
Beverly,2024,6,Medical,7.66
Washington Park,2019,2,Medical,8.78
Jefferson Park,2024,8,Police,13.42
Washington Heights,2020,7,Medical,6.51
Hyde Park,2019,3,Fire,5.96
Auburn Gresham,2024,1,Police,10.9
Austin,2024,12,Medical,7.88
Auburn Gresham,2019,12,Medical,8.5
Irving Park,2023,10,Police,10.27
Kenwood,2024,4,Medical,8.93
Hyde Park,2021,4,Police,7.01
Loop,2023,11,Police,2.44
Jefferson Park,2021,5,Medical,9.97
Grand Boulevard,2023,3,Medical,7.64
Washington Heights,2023,11,Medical,8.37
Chatham,2020,2,Fire,9.41
Pullman,2024,2,Medical,10.45
Near West Side,2021,8,Medical,8.81
Loop,2023,7,Medical,6.83
Grand Boulevard,2023,12,Medical,9.87
Woodlawn,2021,1,Police,9.58
Roseland,2020,12,Medical,9.04
Near South Side,2021,9,Police,9.42
West Englewood,2020,3,Police,10.32
Near North Side,2020,3,Medical,5.45
Douglas,2022,1,Police,10.99
Albany Park,2020,11,Medical,7.99
Grand Boulevard,2022,4,Medical,9.46
West Town,2024,10,Fire,9.92
Roseland,2019,12,Medical,8.53
Englewood,2020,11,Police,6.5
Logan Square,2021,2,Police,13.26
Lincoln Square,2022,12,Police,5.16
North Lawndale,2019,3,Medical,12.49
Grand Boulevard,2024,12,Police,18.39
Riverdale,2019,11,Fire,12.95
Englewood,2020,1,Medical,8.77
Englewood,2021,3,Police,10.04
Greater Grand Crossing,2020,4,Fire,12.28
West Englewood,2023,6,Police,13.23
West Garfield Park,2019,3,Fire,12.73
South Shore,2023,11,Medical,12.7
Humboldt Park,2023,6,Medical,8.69
Englewood,2022,12,Police,14.18
Portage Park,2023,12,Police,10.53
Logan Square,2019,2,Medical,4.93
Riverdale,2019,11,Medical,13.47
West Ridge,2021,8,Police,12.14
Englewood,2020,5,Fire,12.26
Chatham,2021,1,Medical,10.65
Auburn Gresham,2021,6,Medical,4.96
Lincoln Square,2020,3,Medical,11.13
Irving Park,2019,4,Police,10.44
Hyde Park,2022,10,Police,4.76
South Shore,2023,8,Police,7.42
Uptown,2022,8,Fire,8.44
Loop,2023,11,Medical,8.86
Albany Park,2020,8,Police,10.65
